~
urbit 4.6
boot: home is /state/live/bud
loom: mapped 2048MB
lite: arvo formula 4ce68411
lite: core 641296f
lite: final state 641296f
boot: loading pill /runtime/downloads/brass-408k-2.pill
boot: preparing filesystem from /kernel/pkg/arvo
disk: loaded epoch 0i0
loom: mapped 2048MB
boot: protected loom
live: logical boot
boot: installed 2178 jets
boot: parsing %brass pill
--------------- bootstrap starting ----------------
boot: 1-20
1-b
1-c (compiling compiler, wait a few minutes)
took µs/3
1-d
took µs/9
1-e
ride: parsing
ride: compiling
ride: compiled
took ms/8.570
1-f
took µs/3
1-g
took ms/1.914
lull: 0vq.ccoqu
zuse: 0v1b.4qafq
vane: %ames: 0v1p.esf09
vane: %behn: 0v1r.6d8ct
vane: %clay: 0v1h.60kq1
vane: %dill: 0v1l.85ao1
vane: %eyre: 0v7.n7ntq
vane: %gall: 0v1c.9mbvd
vane: %iris: 0v1p.u1u45
vane: %jael: 0vi.07o0h
vane: %khan: 0vi.g4115
vane: %lick: 0vt.n7tn5
arvo: metamorphosis
ames: metamorphosis on %call
arvo: beginning upgrade
arvo: compiling hoon
ride: parsing
ride: compiling
ride: compiled
took s/17.424.080
ride: parsing
ride: compiling
ride: compiled
arvo: compiling next arvo
ride: parsing
ride: compiling
ride: compiled
took s/1.115.628
ride: parsing
ride: compiling
ride: compiled
ride: parsing
ride: compiling
ride: compiled
>   arvo: +load next
lull: 0v6.j4rt0
took s/12.995.441
zuse: 0v1b.4qafq
took s/5.818.515
vane: %ames: 0v1t.vas10
took s/12.900.336
>   ames: larva %32 reload
vane: %behn: 0v2.bvcbo
took ms/308.138
vane: %clay: 0v14.upunr
took s/8.495.655
vane: %dill: 0v1l.85ao1
took ms/519.466
vane: %eyre: 0v1q.5ouia
took s/2.966.829
vane: %gall: 0v1t.4a4g9
took s/4.661.708
vane: %iris: 0v1p.u1u45
took ms/189.429
vane: %jael: 0vi.07o0h
took ms/896.843
vane: %khan: 0vi.g4115
took ms/104.599
vane: %lick: 0vt.n7tn5
took ms/92.046
ames: migrating from state %32 to %33
ames: migrating from state %33 to %34
ames: migrating from state %34 to %35
ames: migrating from state %35 to %36
ames: migrating from state %36 to %37
ames: metamorphosis on %call
clay: kernel updated
clay: rebuilding %base after kernel update
gall: installing %acme
gall: installing %azimuth
gall: installing %dbug
gall: installing %dojo
gall: installing %eth-watcher
gall: installing %hood
drum: link [~bud %dojo]
kiln: boot
gall: installing %herm
gall: installing %lens
gall: installing %ping
gall: installing %spider
gall: installing %docket
gall: installing %hark
gall: installing %settings
gall: installing %storage
gall: installing %treaty
gall: installing %vitals
docket: fetching %http glob for %webterm desk
docket: fetching %http glob for %landscape desk
docket: fetching %http glob for %webterm desk
docket: fetching %http glob for %landscape desk
docket: fetching %http glob for %groups desk
gall: installing %logs
gall: installing %groups
gall: installing %chat
gall: installing %notify
gall: installing %grouper
gall: installing %groups-ui
gall: installing %channels
gall: installing %channels-server
gall: installing %profile
gall: installing %activity
gall: installing %contacts
gall: installing %reel
gall: installing %bait
gall: installing %growl
gall: installing %bark
gall: installing %genuine
gall: installing %lanyard
gall: installing %dumb-proxy
gall: installing %expose
gall: installing %metagrab
gall: installing %gateway-status
gall: installing %presence
clay: base is always essential
--------------- bootstrap complete ----------------
disk: loaded epoch 0i0
loom: mapped 2048MB
boot: protected loom
live: mapped: MB/220.905.472
boot: installed 2178 jets
vere: checking version compatibility
lick: init mkdir /state/live/bud/.urb/dev
mesa: forwarding enabled
mdns: init failed, install avahi on this system for mdns support
mesa: live on 31339 (localhost only)
conn: listening on /state/live/bud/.urb/conn.sock
ames: unix-duct received on %born
http: web interface live on http://localhost:18083
http: loopback live on http://localhost:12324
pier (33): live
docket: fetching %http glob for %landscape desk
http: fail (0, 504): temporary failure
http: fail (1, 504): temporary failure
~
urbit 4.6
boot: home is /state/live/bud
loom: mapped 2048MB
lite: arvo formula 4ce68411
lite: core 641296f
lite: final state 641296f
disk: loaded epoch 0i0
loom: mapped 2048MB
boot: protected loom
live: mapped: MB/222.822.400
boot: installed 2178 jets
vere: checking version compatibility
mesa: forwarding enabled
mdns: init failed, install avahi on this system for mdns support
mesa: live on 31339 (localhost only)
conn: listening on /state/live/bud/.urb/conn.sock
docket: thread cancelled; retrying
%http-request-cancelled
http request was cancelled by the runtime
docket: fetching %http glob for %groups desk
docket: thread cancelled; retrying
%http-request-cancelled
http request was cancelled by the runtime
docket: fetching %http glob for %webterm desk
docket: thread cancelled; retrying
%http-request-cancelled
http request was cancelled by the runtime
docket: fetching %http glob for %landscape desk
ames: unix-duct received on %born
http: web interface live on http://localhost:18083
http: loopback live on http://localhost:12324
pier (90): live
http: fail (0, 504): temporary failure
http: fail (1, 504): temporary failure
http: fail (2, 504): temporary failure
http: fail (3, 504): temporary failure
http: fail (4, 504): temporary failure
http: fail (5, 504): temporary failure
http: fail (6, 504): temporary failure
http: fail (7, 504): temporary failure
http: fail (8, 504): temporary failure
~
urbit 4.6
boot: home is /state/live/bud
loom: mapped 2048MB
lite: arvo formula 4ce68411
lite: core 641296f
lite: final state 641296f
disk: loaded epoch 0i0
loom: mapped 2048MB
boot: protected loom
live: mapped: MB/222.822.400
boot: installed 2178 jets
vere: checking version compatibility
mesa: forwarding enabled
mdns: init failed, install avahi on this system for mdns support
mesa: live on 31339 (localhost only)
conn: listening on /state/live/bud/.urb/conn.sock
docket: thread cancelled; retrying
%http-request-cancelled
http request was cancelled by the runtime
docket: fetching %http glob for %groups desk
docket: thread cancelled; retrying
%http-request-cancelled
http request was cancelled by the runtime
docket: fetching %http glob for %webterm desk
docket: thread cancelled; retrying
%http-request-cancelled
http request was cancelled by the runtime
docket: fetching %http glob for %landscape desk
ames: unix-duct received on %born
http: web interface live on http://localhost:18083
http: loopback live on http://localhost:12324
pier (90): live
%already-mounted
[[p=~bud q=%base r=[%ud p=0]] s=/]
http: fail (0, 504): temporary failure
http: fail (1, 504): temporary failure
http: fail (2, 504): temporary failure
http: fail (3, 504): temporary failure
http: fail (4, 504): temporary failure
http: fail (5, 504): temporary failure
http: fail (6, 504): temporary failure
http: fail (7, 504): temporary failure
http: fail (8, 504): temporary failure
http: fail (9, 504): temporary failure
http: fail (10, 504): temporary failure
http: fail (11, 504): temporary failure
http: fail (12, 504): temporary failure
docket: thread failed;
%retry-too-many
http: fail (13, 504): temporary failure
docket: thread failed;
%retry-too-many
http: fail (14, 504): temporary failure
docket: thread failed;
%retry-too-many
~
urbit 4.6
boot: home is /state/live/bud
loom: mapped 2048MB
lite: arvo formula 4ce68411
lite: core 641296f
lite: final state 641296f
disk: loaded epoch 0i0
loom: mapped 2048MB
boot: protected loom
live: mapped: MB/222.822.400
boot: installed 2178 jets
vere: checking version compatibility
mesa: forwarding enabled
mdns: init failed, install avahi on this system for mdns support
mesa: live on 31339 (localhost only)
conn: listening on /state/live/bud/.urb/conn.sock
docket: thread cancelled; retrying
%http-request-cancelled
http request was cancelled by the runtime
docket: fetching %http glob for %groups desk
docket: thread cancelled; retrying
%http-request-cancelled
http request was cancelled by the runtime
docket: fetching %http glob for %webterm desk
docket: thread cancelled; retrying
%http-request-cancelled
http request was cancelled by the runtime
docket: fetching %http glob for %landscape desk
ames: unix-duct received on %born
http: web interface live on http://localhost:18083
http: loopback live on http://localhost:12324
pier (90): live
! /sys/vane/gall/hoon:<[1.961 25].[1.961 65]>
! /app/dojo/hoon:<[1.839 3].[1.852 20]>
! /app/dojo/hoon:<[1.840 3].[1.852 20]>
! /app/dojo/hoon:<[1.841 3].[1.852 20]>
! /app/dojo/hoon:<[1.842 3].[1.852 20]>
! /app/dojo/hoon:<[1.842 17].[1.842 35]>
! take %fact failed, closing subscription
[%dojo-lame %fact]
! /sys/vane/gall/hoon:<[1.961 25].[1.961 65]>
! /app/dojo/hoon:<[1.839 3].[1.852 20]>
! /app/dojo/hoon:<[1.840 3].[1.852 20]>
! /app/dojo/hoon:<[1.841 3].[1.852 20]>
! /app/dojo/hoon:<[1.842 3].[1.852 20]>
! /app/dojo/hoon:<[1.842 17].[1.842 35]>
! take %kick failed
[%dojo-lame %kick]
error in %hood
%fact
! take %fact failed, closing subscription
! /lib/sole/hoon:<[103 5].[103 7]>
! [%receive-sync [%his 1 0] %own 0 0]
! /lib/sole/hoon:<[102 5].[103 7]>
! /lib/sole/hoon:<[101 3].[110 45]>
! /lib/sole/hoon:<[100 3].[110 45]>
! /lib/hood/drum/hoon:<[789 23].[789 52]>
! /lib/hood/drum/hoon:<[789 5].[790 34]>
! /lib/hood/drum/hoon:<[750 17].[750 31]>
! /lib/hood/drum/hoon:<[746 5].[762 7]>
! /lib/hood/drum/hoon:<[745 5].[762 7]>
! /lib/hood/drum/hoon:<[755 40].[755 55]>
! /lib/hood/drum/hoon:<[755 17].[755 56]>
! /lib/hood/drum/hoon:<[754 17].[755 56]>
! /lib/hood/drum/hoon:<[753 21].[755 56]>
! /lib/hood/drum/hoon:<[753 17].[755 56]>
! /lib/hood/drum/hoon:<[746 5].[762 7]>
! /lib/hood/drum/hoon:<[745 5].[762 7]>
! /lib/hood/drum/hoon:<[593 11].[593 37]>
! /lib/hood/drum/hoon:<[593 3].[593 37]>
! /lib/hood/drum/hoon:<[592 3].[593 37]>
! /lib/hood/drum/hoon:<[160 3].[160 20]>
! /lib/hood/drum/hoon:<[159 3].[160 20]>
! /lib/hood/drum/hoon:<[158 3].[160 20]>
! /lib/hood/drum/hoon:<[157 3].[160 20]>
! /lib/hood/drum/hoon:<[283 7].[285 34]>
! /lib/hood/drum/hoon:<[278 5].[286 6]>
! /lib/hood/drum/hoon:<[276 3].[287 4]>
! /app/hood/hoon:<[150 32].[150 65]>
! /app/hood/hoon:<[150 16].[150 75]>
! /app/hood/hoon:<[149 3].[153 5]>
! /app/hood/hoon:<[148 3].[153 5]>
! /sys/vane/gall/hoon:<[1.961 25].[1.961 65]>
[%drum-quit ~bud p=~bud q=%dojo]
drum: link [~bud %dojo]
http: fail (0, 504): temporary failure
http: fail (1, 504): temporary failure
http: fail (2, 504): temporary failure
http: fail (3, 504): temporary failure
http: fail (4, 504): temporary failure
http: fail (5, 504): temporary failure
http: fail (6, 504): temporary failure
http: fail (7, 504): temporary failure
http: fail (8, 504): temporary failure
http: fail (9, 504): temporary failure
http: fail (10, 504): temporary failure
http: fail (11, 504): temporary failure
http: fail (12, 504): temporary failure
docket: thread failed;
%retry-too-many
http: fail (13, 504): temporary failure
docket: thread failed;
%retry-too-many
http: fail (14, 504): temporary failure
docket: thread failed;
%retry-too-many
%lens-cancel
%lens-cancel
%lens-cancel
ames: ~zod ack crashed %exit
ames: ~zod ack crashed %exit
ames: ~zod ack crashed %exit
ames: ~zod ack crashed %exit
ames: ~zod ack crashed %exit
ames: ~zod ack crashed %exit
ames: ~zod ack crashed %exit
ames: ~zod ack crashed %exit
~
urbit 4.6
boot: home is /state/live/bud
loom: mapped 2048MB
lite: arvo formula 4ce68411
lite: core 641296f
lite: final state 641296f
disk: loaded epoch 0i0
loom: mapped 2048MB
boot: protected loom
live: mapped: MB/222.822.400
boot: installed 2178 jets
vere: checking version compatibility
mesa: forwarding enabled
mdns: init failed, install avahi on this system for mdns support
mesa: live on 31339 (localhost only)
conn: listening on /state/live/bud/.urb/conn.sock
docket: thread cancelled; retrying
%http-request-cancelled
http request was cancelled by the runtime
docket: fetching %http glob for %groups desk
docket: thread cancelled; retrying
%http-request-cancelled
http request was cancelled by the runtime
docket: fetching %http glob for %webterm desk
docket: thread cancelled; retrying
%http-request-cancelled
http request was cancelled by the runtime
docket: fetching %http glob for %landscape desk
ames: unix-duct received on %born
http: web interface live on http://localhost:18083
http: loopback live on http://localhost:12324
pier (90): live
%already-mounted
[[p=~bud q=%base r=[%ud p=0]] s=/]
http: fail (0, 504): temporary failure
http: fail (1, 504): temporary failure
http: fail (2, 504): temporary failure
http: fail (3, 504): temporary failure
http: fail (4, 504): temporary failure
http: fail (5, 504): temporary failure
http: fail (6, 504): temporary failure
http: fail (7, 504): temporary failure
http: fail (8, 504): temporary failure
http: fail (9, 504): temporary failure
http: fail (10, 504): temporary failure
http: fail (11, 504): temporary failure
http: fail (12, 504): temporary failure
docket: thread failed;
%retry-too-many
http: fail (13, 504): temporary failure
docket: thread failed;
%retry-too-many
http: fail (14, 504): temporary failure
docket: thread failed;
%retry-too-many
~
urbit 4.6
boot: home is /state/live/bud
loom: mapped 2048MB
lite: arvo formula 4ce68411
lite: core 641296f
lite: final state 641296f
disk: loaded epoch 0i0
loom: mapped 2048MB
boot: protected loom
live: mapped: MB/222.822.400
boot: installed 2178 jets
vere: checking version compatibility
mesa: forwarding enabled
mdns: init failed, install avahi on this system for mdns support
mesa: live on 31339 (localhost only)
conn: listening on /state/live/bud/.urb/conn.sock
ames: unix-duct received on %born
http: web interface live on http://localhost:18083
http: loopback live on http://localhost:12324
pier (202): live
%already-mounted
[[p=~bud q=%base r=[%ud p=0]] s=/]
~
urbit 4.6
boot: home is /state/live/bud
loom: mapped 2048MB
lite: arvo formula 4ce68411
lite: core 641296f
lite: final state 641296f
disk: loaded epoch 0i0
loom: mapped 2048MB
boot: protected loom
live: mapped: MB/222.822.400
boot: installed 2178 jets
vere: checking version compatibility
mesa: forwarding enabled
mdns: init failed, install avahi on this system for mdns support
mesa: live on 31339 (localhost only)
conn: listening on /state/live/bud/.urb/conn.sock
docket: thread cancelled; retrying
%http-request-cancelled
http request was cancelled by the runtime
docket: fetching %http glob for %groups desk
docket: thread cancelled; retrying
%http-request-cancelled
http request was cancelled by the runtime
docket: fetching %http glob for %webterm desk
docket: thread cancelled; retrying
%http-request-cancelled
http request was cancelled by the runtime
docket: fetching %http glob for %landscape desk
ames: unix-duct received on %born
http: web interface live on http://localhost:18083
http: loopback live on http://localhost:12324
pier (90): live
http: fail (0, 504): temporary failure
http: fail (1, 504): temporary failure
http: fail (2, 504): temporary failure
http: fail (3, 504): temporary failure
http: fail (4, 504): temporary failure
http: fail (5, 504): temporary failure
http: fail (6, 504): temporary failure
http: fail (7, 504): temporary failure
http: fail (8, 504): temporary failure
http: fail (9, 504): temporary failure
http: fail (10, 504): temporary failure
http: fail (11, 504): temporary failure
http: fail (12, 504): temporary failure
docket: thread failed;
%retry-too-many
http: fail (13, 504): temporary failure
docket: thread failed;
%retry-too-many
http: fail (14, 504): temporary failure
docket: thread failed;
%retry-too-many
~
urbit 4.6
boot: home is /state/live/bud
loom: mapped 2048MB
lite: arvo formula 4ce68411
lite: core 641296f
lite: final state 641296f
disk: loaded epoch 0i0
loom: mapped 2048MB
boot: protected loom
live: mapped: MB/227.622.912
boot: installed 2178 jets
vere: checking version compatibility
mesa: forwarding enabled
mdns: init failed, install avahi on this system for mdns support
mesa: live on 31339 (localhost only)
conn: listening on /state/live/bud/.urb/conn.sock
ames: unix-duct received on %born
http: web interface live on http://localhost:18083
http: loopback live on http://localhost:12324
pier (207): live
%already-mounted
[[p=~bud q=%base r=[%ud p=0]] s=/]
~
urbit 4.6
boot: home is /state/live/bud
loom: mapped 2048MB
lite: arvo formula 4ce68411
lite: core 641296f
lite: final state 641296f
disk: loaded epoch 0i0
loom: mapped 2048MB
boot: protected loom
live: mapped: MB/222.822.400
boot: installed 2178 jets
vere: checking version compatibility
mesa: forwarding enabled
mdns: init failed, install avahi on this system for mdns support
mesa: live on 31339 (localhost only)
conn: listening on /state/live/bud/.urb/conn.sock
docket: thread cancelled; retrying
%http-request-cancelled
http request was cancelled by the runtime
docket: fetching %http glob for %groups desk
docket: thread cancelled; retrying
%http-request-cancelled
http request was cancelled by the runtime
docket: fetching %http glob for %webterm desk
docket: thread cancelled; retrying
%http-request-cancelled
http request was cancelled by the runtime
docket: fetching %http glob for %landscape desk
ames: unix-duct received on %born
http: web interface live on http://localhost:18083
http: loopback live on http://localhost:12324
pier (90): live
http: fail (0, 504): temporary failure
http: fail (1, 504): temporary failure
http: fail (2, 504): temporary failure
http: fail (3, 504): temporary failure
http: fail (4, 504): temporary failure
http: fail (5, 504): temporary failure
http: fail (6, 504): temporary failure
http: fail (7, 504): temporary failure
http: fail (8, 504): temporary failure
http: fail (9, 504): temporary failure
http: fail (10, 504): temporary failure
http: fail (11, 504): temporary failure
http: fail (12, 504): temporary failure
docket: thread failed;
%retry-too-many
http: fail (13, 504): temporary failure
docket: thread failed;
%retry-too-many
http: fail (14, 504): temporary failure
docket: thread failed;
%retry-too-many
~
urbit 4.6
boot: home is /state/live/bud
loom: mapped 2048MB
lite: arvo formula 4ce68411
lite: core 641296f
lite: final state 641296f
disk: loaded epoch 0i0
loom: mapped 2048MB
boot: protected loom
live: mapped: MB/222.822.400
boot: installed 2178 jets
vere: checking version compatibility
mesa: forwarding enabled
mdns: init failed, install avahi on this system for mdns support
mesa: live on 31339 (localhost only)
conn: listening on /state/live/bud/.urb/conn.sock
docket: thread cancelled; retrying
%http-request-cancelled
http request was cancelled by the runtime
docket: fetching %http glob for %groups desk
docket: thread cancelled; retrying
%http-request-cancelled
http request was cancelled by the runtime
docket: fetching %http glob for %webterm desk
docket: thread cancelled; retrying
%http-request-cancelled
http request was cancelled by the runtime
docket: fetching %http glob for %landscape desk
ames: unix-duct received on %born
http: web interface live on http://localhost:18083
http: loopback live on http://localhost:12324
pier (90): live
http: fail (0, 504): temporary failure
http: fail (1, 504): temporary failure
http: fail (2, 504): temporary failure
http: fail (3, 504): temporary failure
http: fail (4, 504): temporary failure
http: fail (5, 504): temporary failure
http: fail (6, 504): temporary failure
http: fail (7, 504): temporary failure
http: fail (8, 504): temporary failure
http: fail (9, 504): temporary failure
http: fail (10, 504): temporary failure
http: fail (11, 504): temporary failure
http: fail (12, 504): temporary failure
docket: thread failed;
%retry-too-many
http: fail (13, 504): temporary failure
docket: thread failed;
%retry-too-many
http: fail (14, 504): temporary failure
docket: thread failed;
%retry-too-many
~
urbit 4.6
boot: home is /state/live/bud
loom: mapped 2048MB
lite: arvo formula 4ce68411
lite: core 641296f
lite: final state 641296f
disk: loaded epoch 0i0
loom: mapped 2048MB
boot: protected loom
live: mapped: MB/227.622.912
boot: installed 2178 jets
vere: checking version compatibility
mesa: forwarding enabled
mdns: init failed, install avahi on this system for mdns support
mesa: live on 31339 (localhost only)
conn: listening on /state/live/bud/.urb/conn.sock
ames: unix-duct received on %born
http: web interface live on http://localhost:18083
http: loopback live on http://localhost:12324
pier (629): live
%already-mounted
[[p=~bud q=%base r=[%ud p=0]] s=/]
~
urbit 4.6
boot: home is /state/live/bud
loom: mapped 2048MB
lite: arvo formula 4ce68411
lite: core 641296f
lite: final state 641296f
disk: loaded epoch 0i0
loom: mapped 2048MB
boot: protected loom
live: mapped: MB/222.822.400
boot: installed 2178 jets
vere: checking version compatibility
mesa: forwarding enabled
mdns: init failed, install avahi on this system for mdns support
mesa: live on 31339 (localhost only)
conn: listening on /state/live/bud/.urb/conn.sock
docket: thread cancelled; retrying
%http-request-cancelled
http request was cancelled by the runtime
docket: fetching %http glob for %groups desk
docket: thread cancelled; retrying
%http-request-cancelled
http request was cancelled by the runtime
docket: fetching %http glob for %webterm desk
docket: thread cancelled; retrying
%http-request-cancelled
http request was cancelled by the runtime
docket: fetching %http glob for %landscape desk
ames: unix-duct received on %born
http: web interface live on http://localhost:18083
http: loopback live on http://localhost:12324
pier (90): live
http: fail (0, 504): temporary failure
http: fail (1, 504): temporary failure
http: fail (2, 504): temporary failure
http: fail (3, 504): temporary failure
http: fail (4, 504): temporary failure
http: fail (5, 504): temporary failure
http: fail (6, 504): temporary failure
http: fail (7, 504): temporary failure
http: fail (8, 504): temporary failure
http: fail (9, 504): temporary failure
http: fail (10, 504): temporary failure
http: fail (11, 504): temporary failure
http: fail (12, 504): temporary failure
docket: thread failed;
%retry-too-many
http: fail (13, 504): temporary failure
docket: thread failed;
%retry-too-many
http: fail (14, 504): temporary failure
docket: thread failed;
%retry-too-many
~
urbit 4.6
boot: home is /state/live/bud
loom: mapped 2048MB
lite: arvo formula 4ce68411
lite: core 641296f
lite: final state 641296f
disk: loaded epoch 0i0
loom: mapped 2048MB
boot: protected loom
live: mapped: MB/228.884.480
boot: installed 2178 jets
vere: checking version compatibility
mesa: forwarding enabled
mdns: init failed, install avahi on this system for mdns support
mesa: live on 31339 (localhost only)
conn: listening on /state/live/bud/.urb/conn.sock
ames: unix-duct received on %born
http: web interface live on http://localhost:18083
http: loopback live on http://localhost:12324
pier (245): live
%already-mounted
[[p=~bud q=%base r=[%ud p=0]] s=/]
~
urbit 4.6
boot: home is /state/live/bud
loom: mapped 2048MB
lite: arvo formula 4ce68411
lite: core 641296f
lite: final state 641296f
disk: loaded epoch 0i0
loom: mapped 2048MB
boot: protected loom
live: mapped: MB/222.822.400
boot: installed 2178 jets
vere: checking version compatibility
mesa: forwarding enabled
mdns: init failed, install avahi on this system for mdns support
mesa: live on 31339 (localhost only)
conn: listening on /state/live/bud/.urb/conn.sock
docket: thread cancelled; retrying
%http-request-cancelled
http request was cancelled by the runtime
docket: fetching %http glob for %groups desk
docket: thread cancelled; retrying
%http-request-cancelled
http request was cancelled by the runtime
docket: fetching %http glob for %webterm desk
docket: thread cancelled; retrying
%http-request-cancelled
http request was cancelled by the runtime
docket: fetching %http glob for %landscape desk
ames: unix-duct received on %born
http: web interface live on http://localhost:18083
http: loopback live on http://localhost:12324
pier (90): live
http: fail (0, 504): temporary failure
http: fail (1, 504): temporary failure
http: fail (2, 504): temporary failure
http: fail (3, 504): temporary failure
http: fail (4, 504): temporary failure
http: fail (5, 504): temporary failure
http: fail (6, 504): temporary failure
http: fail (7, 504): temporary failure
http: fail (8, 504): temporary failure
http: fail (9, 504): temporary failure
http: fail (10, 504): temporary failure
http: fail (11, 504): temporary failure
http: fail (12, 504): temporary failure
~
urbit 4.6
boot: home is /state/live/bud
loom: mapped 2048MB
lite: arvo formula 4ce68411
lite: core 641296f
lite: final state 641296f
disk: loaded epoch 0i0
loom: mapped 2048MB
boot: protected loom
live: mapped: MB/222.822.400
boot: installed 2178 jets
vere: checking version compatibility
mesa: forwarding enabled
mdns: init failed, install avahi on this system for mdns support
mesa: live on 31339 (localhost only)
conn: listening on /state/live/bud/.urb/conn.sock
docket: thread cancelled; retrying
%http-request-cancelled
http request was cancelled by the runtime
docket: fetching %http glob for %groups desk
docket: thread cancelled; retrying
%http-request-cancelled
http request was cancelled by the runtime
docket: fetching %http glob for %webterm desk
docket: thread cancelled; retrying
%http-request-cancelled
http request was cancelled by the runtime
docket: fetching %http glob for %landscape desk
ames: unix-duct received on %born
http: web interface live on http://localhost:18083
http: loopback live on http://localhost:12324
pier (90): live
http: fail (0, 504): temporary failure
http: fail (1, 504): temporary failure
http: fail (2, 504): temporary failure
http: fail (3, 504): temporary failure
clay: read-at-tako fail [desk=%base care=%b case=[%da p=~2026.09.13..02.48.49..2360] path=/stead-result-1]
/sys/vane/clay/hoon:<[4.378 29].[4.378 33]>
/sys/vane/clay/hoon:<[4.384 9].[4.403 11]>
/sys/vane/clay/hoon:<[4.385 9].[4.403 11]>
/sys/vane/clay/hoon:<[4.387 15].[4.387 36]>

bail: 4
[%error-building-dais %stead-result-1]
[%error-building-mark %stead-result-1]

bail: 2
clay: no files match /mar/stead-result-1/hoon
spider crashed, killing all strands: %fact
! take %fact failed, closing subscription
! /cb/~bud/base/~2026.09.13..02.48.49..2360/stead-result-1
cancelling ~.khan-fyrd--0v2.a53b4.1rti3.57ogh.83k3q.pvl96: [[/keen ~zod /c/z/1/kids]]
spider got agent for non-existent ~.khan-fyrd--0v6.8ut23.mifd6.d04na.t6nmh.0962r
docket: thread cancelled; retrying
%cancelled
docket: fetching %http glob for %webterm desk
kiln: activation failed into %landscape from ~mister-dister-dozzod-dozzod/%landscape; retrying sync
thread-fail
cancelled
docket: thread cancelled; retrying
%cancelled
docket: fetching %http glob for %groups desk
docket: thread cancelled; retrying
%cancelled
docket: fetching %http glob for %landscape desk
kiln: activation failed into %groups from ~sogryp-dister-dozzod-dozzod/%groups; retrying sync
thread-fail
cancelled
kiln: activation failed into %webterm from ~mister-dister-dozzod-dozzod/%webterm; retrying sync
thread-fail
cancelled
eyre: replacing existing binding at /spider
spider got sign for non-existent ~.docket-0v4.hd2l6.cqhim.dudfq.kn6go.4okrp
spider got sign for non-existent ~.docket-0v6.gle0a.aof5b.cubsq.1o77a.9bqed
spider got sign for non-existent ~.khan-fyrd--0v2.a53b4.1rti3.57ogh.83k3q.pvl96
http: fail (4, 504): temporary failure
spider got sign for non-existent ~.docket-0v2.l3do3.hbmi0.bm7fc.459s5.qckt8
http: fail (5, 504): temporary failure
http: fail (6, 504): temporary failure
http: fail (7, 504): temporary failure
spider got sign for non-existent ~.khan-fyrd--0v2.a53b4.1rti3.57ogh.83k3q.pvl96
http: fail (8, 504): temporary failure
http: fail (9, 504): temporary failure
http: fail (10, 504): temporary failure
http: fail (11, 504): temporary failure
http: fail (12, 504): temporary failure
http: fail (13, 504): temporary failure
http: fail (14, 504): temporary failure
http: fail (15, 504): temporary failure
http: fail (16, 504): temporary failure
http: fail (17, 504): temporary failure
docket: thread failed;
%retry-too-many
http: fail (18, 504): temporary failure
docket: thread failed;
%retry-too-many
http: fail (19, 504): temporary failure
docket: thread failed;
%retry-too-many
spider got sign for non-existent ~.khan-fyrd--0v6.8ut23.mifd6.d04na.t6nmh.0962r
~
urbit 4.6
boot: home is /state/live/bud
loom: mapped 2048MB
lite: arvo formula 4ce68411
lite: core 641296f
lite: final state 641296f
disk: loaded epoch 0i0
loom: mapped 2048MB
boot: protected loom
live: mapped: MB/222.822.400
boot: installed 2178 jets
vere: checking version compatibility
mesa: forwarding enabled
mdns: init failed, install avahi on this system for mdns support
mesa: live on 31339 (localhost only)
conn: listening on /state/live/bud/.urb/conn.sock
docket: thread cancelled; retrying
%http-request-cancelled
http request was cancelled by the runtime
docket: fetching %http glob for %groups desk
docket: thread cancelled; retrying
%http-request-cancelled
http request was cancelled by the runtime
docket: fetching %http glob for %webterm desk
docket: thread cancelled; retrying
%http-request-cancelled
http request was cancelled by the runtime
docket: fetching %http glob for %landscape desk
ames: unix-duct received on %born
http: web interface live on http://localhost:18083
http: loopback live on http://localhost:12324
pier (90): live
http: fail (0, 504): temporary failure
http: fail (1, 504): temporary failure
http: fail (2, 504): temporary failure
http: fail (3, 504): temporary failure
http: fail (4, 504): temporary failure
http: fail (5, 504): temporary failure
http: fail (6, 504): temporary failure
http: fail (7, 504): temporary failure
http: fail (8, 504): temporary failure
http: fail (9, 504): temporary failure
http: fail (10, 504): temporary failure
http: fail (11, 504): temporary failure
http: fail (12, 504): temporary failure
docket: thread failed;
%retry-too-many
http: fail (13, 504): temporary failure
docket: thread failed;
%retry-too-many
http: fail (14, 504): temporary failure
docket: thread failed;
%retry-too-many
spider got sign for non-existent ~.khan-fyrd--0v7.gkiud.05fn0.ges9j.0g9id.653gv
~
urbit 4.6
boot: home is /state/live/bud
loom: mapped 2048MB
lite: arvo formula 4ce68411
lite: core 641296f
lite: final state 641296f
disk: loaded epoch 0i0
loom: mapped 2048MB
boot: protected loom
live: mapped: MB/228.147.200
boot: installed 2178 jets
vere: checking version compatibility
mesa: forwarding enabled
mdns: init failed, install avahi on this system for mdns support
mesa: live on 31339 (localhost only)
conn: listening on /state/live/bud/.urb/conn.sock
ames: unix-duct received on %born
http: web interface live on http://localhost:18083
http: loopback live on http://localhost:12324
pier (333): live
%already-mounted
[[p=~bud q=%base r=[%ud p=0]] s=/]
~
urbit 4.6
boot: home is /state/live/bud
loom: mapped 2048MB
lite: arvo formula 4ce68411
lite: core 641296f
lite: final state 641296f
disk: loaded epoch 0i0
loom: mapped 2048MB
boot: protected loom
live: mapped: MB/222.822.400
boot: installed 2178 jets
vere: checking version compatibility
mesa: forwarding enabled
mdns: init failed, install avahi on this system for mdns support
mesa: live on 31339 (localhost only)
conn: listening on /state/live/bud/.urb/conn.sock
docket: thread cancelled; retrying
%http-request-cancelled
http request was cancelled by the runtime
docket: fetching %http glob for %groups desk
docket: thread cancelled; retrying
%http-request-cancelled
http request was cancelled by the runtime
docket: fetching %http glob for %webterm desk
docket: thread cancelled; retrying
%http-request-cancelled
http request was cancelled by the runtime
docket: fetching %http glob for %landscape desk
ames: unix-duct received on %born
http: web interface live on http://localhost:18083
http: loopback live on http://localhost:12324
pier (90): live
http: fail (0, 504): temporary failure
http: fail (1, 504): temporary failure
http: fail (2, 504): temporary failure
http: fail (3, 504): temporary failure
http: fail (4, 504): temporary failure
http: fail (5, 504): temporary failure
http: fail (6, 504): temporary failure
http: fail (7, 504): temporary failure
http: fail (8, 504): temporary failure
http: fail (9, 504): temporary failure
http: fail (10, 504): temporary failure
http: fail (11, 504): temporary failure
http: fail (12, 504): temporary failure
docket: thread failed;
%retry-too-many
http: fail (13, 504): temporary failure
docket: thread failed;
%retry-too-many
http: fail (14, 504): temporary failure
docket: thread failed;
%retry-too-many
~
urbit 4.6
boot: home is /state/live/bud
loom: mapped 2048MB
lite: arvo formula 4ce68411
lite: core 641296f
lite: final state 641296f
disk: loaded epoch 0i0
loom: mapped 2048MB
boot: protected loom
live: mapped: MB/222.822.400
boot: installed 2178 jets
vere: checking version compatibility
mesa: forwarding enabled
mdns: init failed, install avahi on this system for mdns support
mesa: live on 31339 (localhost only)
conn: listening on /state/live/bud/.urb/conn.sock
docket: thread cancelled; retrying
%http-request-cancelled
http request was cancelled by the runtime
docket: fetching %http glob for %groups desk
docket: thread cancelled; retrying
%http-request-cancelled
http request was cancelled by the runtime
docket: fetching %http glob for %webterm desk
docket: thread cancelled; retrying
%http-request-cancelled
http request was cancelled by the runtime
docket: fetching %http glob for %landscape desk
ames: unix-duct received on %born
http: web interface live on http://localhost:18083
http: loopback live on http://localhost:12324
pier (90): live
http: fail (0, 504): temporary failure
http: fail (1, 504): temporary failure
http: fail (2, 504): temporary failure
http: fail (3, 504): temporary failure
http: fail (4, 504): temporary failure
http: fail (5, 504): temporary failure
http: fail (6, 504): temporary failure
http: fail (7, 504): temporary failure
http: fail (8, 504): temporary failure
http: fail (9, 504): temporary failure
http: fail (10, 504): temporary failure
http: fail (11, 504): temporary failure
http: fail (12, 504): temporary failure
docket: thread failed;
%retry-too-many
http: fail (13, 504): temporary failure
docket: thread failed;
%retry-too-many
http: fail (14, 504): temporary failure
docket: thread failed;
%retry-too-many
spider got sign for non-existent ~.khan-fyrd--0v1.7nhrv.0jued.2e50n.jug8f.0lelv
spider got sign for non-existent ~.khan-fyrd--0v2.u6l8p.1vbaq.2hm46.joo43.djd5n
spider got sign for non-existent ~.khan-fyrd--0v5.uaanj.u0usl.3l856.robuh.sucja
spider got sign for non-existent ~.khan-fyrd--0v1.uo6gc.bn395.vlh07.976sl.vmtbu
spider got sign for non-existent ~.khan-fyrd--0v1.2d5mq.ti4df.tntls.7vj8p.atmll
spider got sign for non-existent ~.khan-fyrd--0v3.i1c1o.4kbbd.pbbag.dgqse.l577f
spider got sign for non-existent ~.khan-fyrd--0v4.v22ud.80h1l.0crtg.tg8t4.sft62
spider got sign for non-existent ~.khan-fyrd--0vs2hhd.c6ol7.hog04.r25te.rilc3
spider got sign for non-existent ~.khan-fyrd--0v6.100mj.glf0c.kk6j6.g6khv.kle1m
spider got sign for non-existent ~.khan-fyrd--0v6.8o64g.93st0.4o86v.e79es.jufuk
spider got sign for non-existent ~.khan-fyrd--0v1.lndtv.av4qi.rek7s.sas9f.65rfs
spider got sign for non-existent ~.khan-fyrd--0v7.0a7gj.tolgd.skddc.rp8eb.e86f4
spider got sign for non-existent ~.khan-fyrd--0v1.9vjvk.p22q6.d71gn.0v1t8.ensa5
spider got sign for non-existent ~.khan-fyrd--0v3.gh797.p1d7b.ibqu2.1fbdq.g55vi
~
urbit 4.6
boot: home is /state/live/bud
loom: mapped 2048MB
lite: arvo formula 4ce68411
lite: core 641296f
lite: final state 641296f
disk: loaded epoch 0i0
loom: mapped 2048MB
boot: protected loom
live: mapped: MB/228.163.584
boot: installed 2178 jets
vere: checking version compatibility
mesa: forwarding enabled
mdns: init failed, install avahi on this system for mdns support
mesa: live on 31339 (localhost only)
conn: listening on /state/live/bud/.urb/conn.sock
ames: unix-duct received on %born
http: web interface live on http://localhost:18083
http: loopback live on http://localhost:12324
pier (386): live
%already-mounted
[[p=~bud q=%base r=[%ud p=0]] s=/]
~
urbit 4.6
boot: home is /state/live/bud
loom: mapped 2048MB
lite: arvo formula 4ce68411
lite: core 641296f
lite: final state 641296f
disk: loaded epoch 0i0
loom: mapped 2048MB
boot: protected loom
live: mapped: MB/222.822.400
boot: installed 2178 jets
vere: checking version compatibility
mesa: forwarding enabled
mdns: init failed, install avahi on this system for mdns support
mesa: live on 31339 (localhost only)
conn: listening on /state/live/bud/.urb/conn.sock
docket: thread cancelled; retrying
%http-request-cancelled
http request was cancelled by the runtime
docket: fetching %http glob for %groups desk
docket: thread cancelled; retrying
%http-request-cancelled
http request was cancelled by the runtime
docket: fetching %http glob for %webterm desk
docket: thread cancelled; retrying
%http-request-cancelled
http request was cancelled by the runtime
docket: fetching %http glob for %landscape desk
ames: unix-duct received on %born
http: web interface live on http://localhost:18083
http: loopback live on http://localhost:12324
pier (90): live
http: fail (0, 504): temporary failure
http: fail (1, 504): temporary failure
http: fail (2, 504): temporary failure
http: fail (3, 504): temporary failure
http: fail (4, 504): temporary failure
http: fail (5, 504): temporary failure
http: fail (6, 504): temporary failure
http: fail (7, 504): temporary failure
http: fail (8, 504): temporary failure
http: fail (9, 504): temporary failure
http: fail (10, 504): temporary failure
http: fail (11, 504): temporary failure
http: fail (12, 504): temporary failure
docket: thread failed;
%retry-too-many
http: fail (13, 504): temporary failure
docket: thread failed;
%retry-too-many
http: fail (14, 504): temporary failure
docket: thread failed;
%retry-too-many
spider got sign for non-existent ~.khan-fyrd--0v2.gdfjl.ut44o.65rds.83elc.8svh8
spider got sign for non-existent ~.khan-fyrd--0v4.o45q9.qqesi.kp4ds.jktvd.ng023
spider got sign for non-existent ~.khan-fyrd--0v2.gofo4.cph87.e26ib.ho5ml.tae5j
spider got sign for non-existent ~.khan-fyrd--0v2.ekdoc.21uop.414pq.g2e6u.p766s
spider got sign for non-existent ~.khan-fyrd--0v3.4i6jc.capa3.ubjlo.3fnrr.ep5r0
spider got sign for non-existent ~.khan-fyrd--0v6.n37fk.f1nce.qejhc.b26uu.42ju3
spider got sign for non-existent ~.khan-fyrd--0v7.4ft3f.mkl07.bsmoc.lrvcb.ih48p
spider got sign for non-existent ~.khan-fyrd--0v5.lfnlv.28o62.4us1g.aas1l.s3961
spider got sign for non-existent ~.khan-fyrd--0v3.0f2do.pnvbe.npmeo.9rtu6.d7bt7
spider got sign for non-existent ~.khan-fyrd--0v1.5628c.2vdm9.87si7.hkke6.eq9at
spider got sign for non-existent ~.khan-fyrd--0v3.691qc.mpn91.7qrlv.d1nh6.u3q5r
spider got sign for non-existent ~.khan-fyrd--0v2.132ml.8a60h.vn6v6.16bnu.6nl3j
spider got sign for non-existent ~.khan-fyrd--0v7.a000m.rjv3c.8ktqn.bqlif.vhu3l
spider got sign for non-existent ~.khan-fyrd--0vcp35s.1tc65.q345k.5f8gq.b80e2
~
urbit 4.6
boot: home is /state/live/bud
loom: mapped 2048MB
lite: arvo formula 4ce68411
lite: core 641296f
lite: final state 641296f
disk: loaded epoch 0i0
loom: mapped 2048MB
boot: protected loom
live: mapped: MB/222.822.400
boot: installed 2178 jets
vere: checking version compatibility
mesa: forwarding enabled
mdns: init failed, install avahi on this system for mdns support
mesa: live on 31339 (localhost only)
conn: listening on /state/live/bud/.urb/conn.sock
docket: thread cancelled; retrying
%http-request-cancelled
http request was cancelled by the runtime
docket: fetching %http glob for %groups desk
docket: thread cancelled; retrying
%http-request-cancelled
http request was cancelled by the runtime
docket: fetching %http glob for %webterm desk
docket: thread cancelled; retrying
%http-request-cancelled
http request was cancelled by the runtime
docket: fetching %http glob for %landscape desk
ames: unix-duct received on %born
http: web interface live on http://localhost:18083
http: loopback live on http://localhost:12324
pier (90): live
http: fail (0, 504): temporary failure
http: fail (1, 504): temporary failure
http: fail (2, 504): temporary failure
http: fail (3, 504): temporary failure
http: fail (4, 504): temporary failure
http: fail (5, 504): temporary failure
http: fail (6, 504): temporary failure
http: fail (7, 504): temporary failure
http: fail (8, 504): temporary failure
http: fail (9, 504): temporary failure
http: fail (10, 504): temporary failure
http: fail (11, 504): temporary failure
http: fail (12, 504): temporary failure
docket: thread failed;
%retry-too-many
http: fail (13, 504): temporary failure
docket: thread failed;
%retry-too-many
http: fail (14, 504): temporary failure
docket: thread failed;
%retry-too-many
~
urbit 4.6
boot: home is /state/live/bud
loom: mapped 2048MB
lite: arvo formula 4ce68411
lite: core 641296f
lite: final state 641296f
disk: loaded epoch 0i0
loom: mapped 2048MB
boot: protected loom
live: mapped: MB/222.822.400
boot: installed 2178 jets
vere: checking version compatibility
mesa: forwarding enabled
mdns: init failed, install avahi on this system for mdns support
mesa: live on 31339 (localhost only)
conn: listening on /state/live/bud/.urb/conn.sock
docket: thread cancelled; retrying
%http-request-cancelled
http request was cancelled by the runtime
docket: fetching %http glob for %groups desk
docket: thread cancelled; retrying
%http-request-cancelled
http request was cancelled by the runtime
docket: fetching %http glob for %webterm desk
docket: thread cancelled; retrying
%http-request-cancelled
http request was cancelled by the runtime
docket: fetching %http glob for %landscape desk
ames: unix-duct received on %born
http: web interface live on http://localhost:18083
http: loopback live on http://localhost:12324
pier (90): live
http: fail (0, 504): temporary failure
http: fail (1, 504): temporary failure
http: fail (2, 504): temporary failure
http: fail (3, 504): temporary failure
http: fail (4, 504): temporary failure
http: fail (5, 504): temporary failure
http: fail (6, 504): temporary failure
http: fail (7, 504): temporary failure
http: fail (8, 504): temporary failure
http: fail (9, 504): temporary failure
http: fail (10, 504): temporary failure
http: fail (11, 504): temporary failure
http: fail (12, 504): temporary failure
docket: thread failed;
%retry-too-many
http: fail (13, 504): temporary failure
docket: thread failed;
%retry-too-many
http: fail (14, 504): temporary failure
docket: thread failed;
%retry-too-many
spider got sign for non-existent ~.khan-fyrd--0v5.01aqt.t2kak.jl423.0igdo.m6f0m
spider got sign for non-existent ~.khan-fyrd--0v2.qmf08.bq35a.cn3jf.f90dr.gu8m0
spider got sign for non-existent ~.khan-fyrd--0v4.slu4g.87q83.74hrj.k008k.pjpoh
spider got sign for non-existent ~.khan-fyrd--0v7.6j8ib.vvjrj.c7d22.cuelc.ujr1j
spider got sign for non-existent ~.khan-fyrd--0v2.7sas3.usvma.p7712.u5n4g.973la
spider got sign for non-existent ~.khan-fyrd--0v7.a4a7t.alnhn.vul54.hdb5o.j2c4r
spider got sign for non-existent ~.khan-fyrd--0v3.tjnj4.ue54e.kmd7b.m33o2.6hijk
spider got sign for non-existent ~.khan-fyrd--0v6.lgri6.c4toi.hejep.lrd6v.sk51q
spider got sign for non-existent ~.khan-fyrd--0v5.erbfv.tccvu.71oon.j4l7m.k5kvs
spider got sign for non-existent ~.khan-fyrd--0v6.ls1t1.h9c95.00acq.3tqgs.74hck
spider got sign for non-existent ~.khan-fyrd--0v2.54nu9.kt84r.sfevn.nr9qm.f50p0
spider got sign for non-existent ~.khan-fyrd--0v6.4v2o3.crig0.e53lm.qrehd.gigb4
spider got sign for non-existent ~.khan-fyrd--0v5.a1e4g.9vrau.gvbtl.hmric.gdaen
spider got sign for non-existent ~.khan-fyrd--0v6.k7fr6.qu196.2tr5i.6q0st.3ajdo
spider got sign for non-existent ~.khan-fyrd--0v7.r90r4.abbf0.6uc5b.punno.o4cd3
spider got sign for non-existent ~.khan-fyrd--0v4.rnr41.cve35.4u1tf.n9vq8.relc1
spider got sign for non-existent ~.khan-fyrd--0v1.g0n1o.cht6a.314pt.359v4.agqja
~
urbit 4.6
boot: home is /state/live/bud
loom: mapped 2048MB
lite: arvo formula 4ce68411
lite: core 641296f
lite: final state 641296f
disk: loaded epoch 0i0
loom: mapped 2048MB
boot: protected loom
live: mapped: MB/228.163.584
boot: installed 2178 jets
vere: checking version compatibility
mesa: forwarding enabled
mdns: init failed, install avahi on this system for mdns support
mesa: live on 31339 (localhost only)
conn: listening on /state/live/bud/.urb/conn.sock
ames: unix-duct received on %born
http: web interface live on http://localhost:18083
http: loopback live on http://localhost:12324
pier (4412): live
%already-mounted
[[p=~bud q=%base r=[%ud p=0]] s=/]
~
urbit 4.6
boot: home is /state/live/bud
loom: mapped 2048MB
lite: arvo formula 4ce68411
lite: core 641296f
lite: final state 641296f
disk: loaded epoch 0i0
loom: mapped 2048MB
boot: protected loom
live: mapped: MB/222.822.400
boot: installed 2178 jets
vere: checking version compatibility
mesa: forwarding enabled
mdns: init failed, install avahi on this system for mdns support
mesa: live on 31339 (localhost only)
conn: listening on /state/live/bud/.urb/conn.sock
docket: thread cancelled; retrying
%http-request-cancelled
http request was cancelled by the runtime
docket: fetching %http glob for %groups desk
docket: thread cancelled; retrying
%http-request-cancelled
http request was cancelled by the runtime
docket: fetching %http glob for %webterm desk
docket: thread cancelled; retrying
%http-request-cancelled
http request was cancelled by the runtime
docket: fetching %http glob for %landscape desk
ames: unix-duct received on %born
http: web interface live on http://localhost:18083
http: loopback live on http://localhost:12324
pier (90): live
%already-mounted
[[p=~bud q=%base r=[%ud p=0]] s=/]
http: fail (0, 504): temporary failure
http: fail (1, 504): temporary failure
http: fail (2, 504): temporary failure
http: fail (3, 504): temporary failure
~
urbit 4.6
boot: home is /state/live/bud
loom: mapped 2048MB
lite: arvo formula 4ce68411
lite: core 641296f
lite: final state 641296f
disk: loaded epoch 0i0
loom: mapped 2048MB
boot: protected loom
live: mapped: MB/222.822.400
boot: installed 2178 jets
vere: checking version compatibility
mesa: forwarding enabled
mdns: init failed, install avahi on this system for mdns support
mesa: live on 31339 (localhost only)
conn: listening on /state/live/bud/.urb/conn.sock
docket: thread cancelled; retrying
%http-request-cancelled
http request was cancelled by the runtime
docket: fetching %http glob for %groups desk
docket: thread cancelled; retrying
%http-request-cancelled
http request was cancelled by the runtime
docket: fetching %http glob for %webterm desk
docket: thread cancelled; retrying
%http-request-cancelled
http request was cancelled by the runtime
docket: fetching %http glob for %landscape desk
ames: unix-duct received on %born
http: web interface live on http://localhost:18083
http: loopback live on http://localhost:12324
pier (90): live
%already-mounted
[[p=~bud q=%base r=[%ud p=0]] s=/]
http: fail (0, 504): temporary failure
http: fail (1, 504): temporary failure
http: fail (2, 504): temporary failure
http: fail (3, 504): temporary failure
http: fail (4, 504): temporary failure
http: fail (5, 504): temporary failure
http: fail (6, 504): temporary failure
http: fail (7, 504): temporary failure
http: fail (8, 504): temporary failure
http: fail (9, 504): temporary failure
http: fail (10, 504): temporary failure
~
urbit 4.6
boot: home is /state/live/bud
loom: mapped 2048MB
lite: arvo formula 4ce68411
lite: core 641296f
lite: final state 641296f
disk: loaded epoch 0i0
loom: mapped 2048MB
boot: protected loom
live: mapped: MB/222.822.400
boot: installed 2178 jets
vere: checking version compatibility
mesa: forwarding enabled
mdns: init failed, install avahi on this system for mdns support
mesa: live on 31339 (localhost only)
conn: listening on /state/live/bud/.urb/conn.sock
docket: thread cancelled; retrying
%http-request-cancelled
http request was cancelled by the runtime
docket: fetching %http glob for %groups desk
docket: thread cancelled; retrying
%http-request-cancelled
http request was cancelled by the runtime
docket: fetching %http glob for %webterm desk
docket: thread cancelled; retrying
%http-request-cancelled
http request was cancelled by the runtime
docket: fetching %http glob for %landscape desk
ames: unix-duct received on %born
http: web interface live on http://localhost:18083
http: loopback live on http://localhost:12324
pier (90): live
%already-mounted
[[p=~bud q=%base r=[%ud p=0]] s=/]
http: fail (0, 504): temporary failure
http: fail (1, 504): temporary failure
http: fail (2, 504): temporary failure
http: fail (3, 504): temporary failure
http: fail (4, 504): temporary failure
http: fail (5, 504): temporary failure
~
urbit 4.6
boot: home is /state/live/bud
loom: mapped 2048MB
lite: arvo formula 4ce68411
lite: core 641296f
lite: final state 641296f
disk: loaded epoch 0i0
loom: mapped 2048MB
boot: protected loom
live: mapped: MB/222.822.400
boot: installed 2178 jets
vere: checking version compatibility
mesa: forwarding enabled
mdns: init failed, install avahi on this system for mdns support
mesa: live on 31339 (localhost only)
conn: listening on /state/live/bud/.urb/conn.sock
docket: thread cancelled; retrying
%http-request-cancelled
http request was cancelled by the runtime
docket: fetching %http glob for %groups desk
docket: thread cancelled; retrying
%http-request-cancelled
http request was cancelled by the runtime
docket: fetching %http glob for %webterm desk
docket: thread cancelled; retrying
%http-request-cancelled
http request was cancelled by the runtime
docket: fetching %http glob for %landscape desk
ames: unix-duct received on %born
http: web interface live on http://localhost:18083
http: loopback live on http://localhost:12324
pier (90): live
http: fail (0, 504): temporary failure
http: fail (1, 504): temporary failure
http: fail (2, 504): temporary failure
http: fail (3, 504): temporary failure
~
urbit 4.6
boot: home is /state/live/bud
loom: mapped 2048MB
lite: arvo formula 4ce68411
lite: core 641296f
lite: final state 641296f
disk: loaded epoch 0i0
loom: mapped 2048MB
boot: protected loom
live: mapped: MB/222.822.400
boot: installed 2178 jets
vere: checking version compatibility
mesa: forwarding enabled
mdns: init failed, install avahi on this system for mdns support
mesa: live on 31339 (localhost only)
conn: listening on /state/live/bud/.urb/conn.sock
docket: thread cancelled; retrying
%http-request-cancelled
http request was cancelled by the runtime
docket: fetching %http glob for %groups desk
docket: thread cancelled; retrying
%http-request-cancelled
http request was cancelled by the runtime
docket: fetching %http glob for %webterm desk
ames: unix-duct received on %born
http: web interface live on http://localhost:18083
http: loopback live on http://localhost:12324
pier (139): live
%already-mounted
[[p=~bud q=%base r=[%ud p=0]] s=/]
http: fail (0, 504): temporary failure
http: fail (1, 504): temporary failure
http: fail (2, 504): temporary failure
http: fail (3, 504): temporary failure
http: fail (4, 504): temporary failure
~
urbit 4.6
boot: home is /state/live/bud
loom: mapped 2048MB
lite: arvo formula 4ce68411
lite: core 641296f
lite: final state 641296f
disk: loaded epoch 0i0
loom: mapped 2048MB
boot: protected loom
live: mapped: MB/222.822.400
boot: installed 2178 jets
vere: checking version compatibility
mesa: forwarding enabled
mdns: init failed, install avahi on this system for mdns support
mesa: live on 31339 (localhost only)
conn: listening on /state/live/bud/.urb/conn.sock
docket: thread cancelled; retrying
%http-request-cancelled
http request was cancelled by the runtime
docket: fetching %http glob for %groups desk
docket: thread cancelled; retrying
%http-request-cancelled
http request was cancelled by the runtime
docket: fetching %http glob for %webterm desk
docket: thread cancelled; retrying
%http-request-cancelled
http request was cancelled by the runtime
docket: fetching %http glob for %landscape desk
ames: unix-duct received on %born
http: web interface live on http://localhost:18083
http: loopback live on http://localhost:12324
pier (90): live
http: fail (0, 504): temporary failure
http: fail (1, 504): temporary failure
http: fail (2, 504): temporary failure
http: fail (3, 504): temporary failure
http: fail (4, 504): temporary failure
~
urbit 4.6
boot: home is /state/live/bud
loom: mapped 2048MB
lite: arvo formula 4ce68411
lite: core 641296f
lite: final state 641296f
disk: loaded epoch 0i0
loom: mapped 2048MB
boot: protected loom
live: mapped: MB/222.822.400
boot: installed 2178 jets
vere: checking version compatibility
mesa: forwarding enabled
mdns: init failed, install avahi on this system for mdns support
mesa: live on 31339 (localhost only)
conn: listening on /state/live/bud/.urb/conn.sock
docket: thread cancelled; retrying
%http-request-cancelled
http request was cancelled by the runtime
docket: fetching %http glob for %landscape desk
docket: thread cancelled; retrying
%http-request-cancelled
http request was cancelled by the runtime
docket: fetching %http glob for %webterm desk
ames: unix-duct received on %born
http: web interface live on http://localhost:18083
http: loopback live on http://localhost:12324
pier (144): live
%already-mounted
[[p=~bud q=%base r=[%ud p=0]] s=/]
http: fail (0, 504): temporary failure
http: fail (1, 504): temporary failure
http: fail (2, 504): temporary failure
http: fail (3, 504): temporary failure
http: fail (4, 504): temporary failure
http: fail (5, 504): temporary failure
~
urbit 4.6
boot: home is /state/live/bud
loom: mapped 2048MB
lite: arvo formula 4ce68411
lite: core 641296f
lite: final state 641296f
disk: loaded epoch 0i0
loom: mapped 2048MB
boot: protected loom
live: mapped: MB/222.822.400
boot: installed 2178 jets
vere: checking version compatibility
mesa: forwarding enabled
mdns: init failed, install avahi on this system for mdns support
mesa: live on 31339 (localhost only)
conn: listening on /state/live/bud/.urb/conn.sock
docket: thread cancelled; retrying
%http-request-cancelled
http request was cancelled by the runtime
docket: fetching %http glob for %groups desk
docket: thread cancelled; retrying
%http-request-cancelled
http request was cancelled by the runtime
docket: fetching %http glob for %webterm desk
docket: thread cancelled; retrying
%http-request-cancelled
http request was cancelled by the runtime
docket: fetching %http glob for %landscape desk
ames: unix-duct received on %born
http: web interface live on http://localhost:18083
http: loopback live on http://localhost:12324
pier (90): live
http: fail (0, 504): temporary failure
http: fail (1, 504): temporary failure
http: fail (2, 504): temporary failure
http: fail (3, 504): temporary failure
~
urbit 4.6
boot: home is /state/live/bud
loom: mapped 2048MB
lite: arvo formula 4ce68411
lite: core 641296f
lite: final state 641296f
disk: loaded epoch 0i0
loom: mapped 2048MB
boot: protected loom
live: mapped: MB/222.822.400
boot: installed 2178 jets
vere: checking version compatibility
mesa: forwarding enabled
mdns: init failed, install avahi on this system for mdns support
mesa: live on 31339 (localhost only)
conn: listening on /state/live/bud/.urb/conn.sock
docket: thread cancelled; retrying
%http-request-cancelled
http request was cancelled by the runtime
docket: fetching %http glob for %webterm desk
docket: thread cancelled; retrying
%http-request-cancelled
http request was cancelled by the runtime
docket: fetching %http glob for %landscape desk
ames: unix-duct received on %born
http: web interface live on http://localhost:18083
http: loopback live on http://localhost:12324
pier (139): live
%already-mounted
[[p=~bud q=%base r=[%ud p=0]] s=/]
http: fail (0, 504): temporary failure
http: fail (1, 504): temporary failure
http: fail (2, 504): temporary failure
http: fail (3, 504): temporary failure
http: fail (4, 504): temporary failure
http: fail (5, 504): temporary failure
~
urbit 4.6
boot: home is /state/live/bud
loom: mapped 2048MB
lite: arvo formula 4ce68411
lite: core 641296f
lite: final state 641296f
disk: loaded epoch 0i0
loom: mapped 2048MB
boot: protected loom
live: mapped: MB/222.822.400
boot: installed 2178 jets
vere: checking version compatibility
mesa: forwarding enabled
mdns: init failed, install avahi on this system for mdns support
mesa: live on 31339 (localhost only)
conn: listening on /state/live/bud/.urb/conn.sock
docket: thread cancelled; retrying
%http-request-cancelled
http request was cancelled by the runtime
docket: fetching %http glob for %groups desk
docket: thread cancelled; retrying
%http-request-cancelled
http request was cancelled by the runtime
docket: fetching %http glob for %webterm desk
docket: thread cancelled; retrying
%http-request-cancelled
http request was cancelled by the runtime
docket: fetching %http glob for %landscape desk
ames: unix-duct received on %born
http: web interface live on http://localhost:18083
http: loopback live on http://localhost:12324
pier (90): live
http: fail (0, 504): temporary failure
http: fail (1, 504): temporary failure
http: fail (2, 504): temporary failure
http: fail (3, 504): temporary failure
~
urbit 4.6
boot: home is /state/live/bud
loom: mapped 2048MB
lite: arvo formula 4ce68411
lite: core 641296f
lite: final state 641296f
disk: loaded epoch 0i0
loom: mapped 2048MB
boot: protected loom
live: mapped: MB/222.822.400
boot: installed 2178 jets
vere: checking version compatibility
mesa: forwarding enabled
mdns: init failed, install avahi on this system for mdns support
mesa: live on 31339 (localhost only)
conn: listening on /state/live/bud/.urb/conn.sock
docket: thread cancelled; retrying
%http-request-cancelled
http request was cancelled by the runtime
docket: fetching %http glob for %landscape desk
docket: thread cancelled; retrying
%http-request-cancelled
http request was cancelled by the runtime
docket: fetching %http glob for %webterm desk
ames: unix-duct received on %born
http: web interface live on http://localhost:18083
http: loopback live on http://localhost:12324
pier (142): live
%already-mounted
[[p=~bud q=%base r=[%ud p=0]] s=/]
http: fail (0, 504): temporary failure
http: fail (1, 504): temporary failure
http: fail (2, 504): temporary failure
http: fail (3, 504): temporary failure
http: fail (4, 504): temporary failure
http: fail (5, 504): temporary failure
~
urbit 4.6
boot: home is /state/live/bud
loom: mapped 2048MB
lite: arvo formula 4ce68411
lite: core 641296f
lite: final state 641296f
disk: loaded epoch 0i0
loom: mapped 2048MB
boot: protected loom
live: mapped: MB/222.822.400
boot: installed 2178 jets
vere: checking version compatibility
mesa: forwarding enabled
mdns: init failed, install avahi on this system for mdns support
mesa: live on 31339 (localhost only)
conn: listening on /state/live/bud/.urb/conn.sock
docket: thread cancelled; retrying
%http-request-cancelled
http request was cancelled by the runtime
docket: fetching %http glob for %groups desk
docket: thread cancelled; retrying
%http-request-cancelled
http request was cancelled by the runtime
docket: fetching %http glob for %webterm desk
docket: thread cancelled; retrying
%http-request-cancelled
http request was cancelled by the runtime
docket: fetching %http glob for %landscape desk
ames: unix-duct received on %born
http: web interface live on http://localhost:18083
http: loopback live on http://localhost:12324
pier (90): live
http: fail (0, 504): temporary failure
http: fail (1, 504): temporary failure
http: fail (2, 504): temporary failure
http: fail (3, 504): temporary failure
http: fail (4, 504): temporary failure
~
urbit 4.6
boot: home is /state/live/bud
loom: mapped 2048MB
lite: arvo formula 4ce68411
lite: core 641296f
lite: final state 641296f
disk: loaded epoch 0i0
loom: mapped 2048MB
boot: protected loom
live: mapped: MB/222.822.400
boot: installed 2178 jets
vere: checking version compatibility
mesa: forwarding enabled
mdns: init failed, install avahi on this system for mdns support
mesa: live on 31339 (localhost only)
conn: listening on /state/live/bud/.urb/conn.sock
docket: thread cancelled; retrying
%http-request-cancelled
http request was cancelled by the runtime
docket: fetching %http glob for %landscape desk
docket: thread cancelled; retrying
%http-request-cancelled
http request was cancelled by the runtime
docket: fetching %http glob for %webterm desk
docket: thread cancelled; retrying
%http-request-cancelled
http request was cancelled by the runtime
docket: fetching %http glob for %groups desk
ames: unix-duct received on %born
http: web interface live on http://localhost:18083
http: loopback live on http://localhost:12324
pier (142): live
%already-mounted
[[p=~bud q=%base r=[%ud p=0]] s=/]
http: fail (0, 504): temporary failure
http: fail (1, 504): temporary failure
http: fail (2, 504): temporary failure
http: fail (3, 504): temporary failure
http: fail (4, 504): temporary failure
http: fail (5, 504): temporary failure
~
urbit 4.6
boot: home is /state/live/bud
loom: mapped 2048MB
lite: arvo formula 4ce68411
lite: core 641296f
lite: final state 641296f
disk: loaded epoch 0i0
loom: mapped 2048MB
boot: protected loom
live: mapped: MB/222.822.400
boot: installed 2178 jets
vere: checking version compatibility
mesa: forwarding enabled
mdns: init failed, install avahi on this system for mdns support
mesa: live on 31339 (localhost only)
conn: listening on /state/live/bud/.urb/conn.sock
docket: thread cancelled; retrying
%http-request-cancelled
http request was cancelled by the runtime
docket: fetching %http glob for %groups desk
docket: thread cancelled; retrying
%http-request-cancelled
http request was cancelled by the runtime
docket: fetching %http glob for %webterm desk
docket: thread cancelled; retrying
%http-request-cancelled
http request was cancelled by the runtime
docket: fetching %http glob for %landscape desk
ames: unix-duct received on %born
http: web interface live on http://localhost:18083
http: loopback live on http://localhost:12324
pier (90): live
http: fail (0, 504): temporary failure
http: fail (1, 504): temporary failure
http: fail (2, 504): temporary failure
http: fail (3, 504): temporary failure
~
urbit 4.6
boot: home is /state/live/bud
loom: mapped 2048MB
lite: arvo formula 4ce68411
lite: core 641296f
lite: final state 641296f
disk: loaded epoch 0i0
loom: mapped 2048MB
boot: protected loom
live: mapped: MB/222.822.400
boot: installed 2178 jets
vere: checking version compatibility
mesa: forwarding enabled
mdns: init failed, install avahi on this system for mdns support
mesa: live on 31339 (localhost only)
conn: listening on /state/live/bud/.urb/conn.sock
docket: thread cancelled; retrying
%http-request-cancelled
http request was cancelled by the runtime
docket: fetching %http glob for %landscape desk
docket: thread cancelled; retrying
%http-request-cancelled
http request was cancelled by the runtime
docket: fetching %http glob for %webterm desk
ames: unix-duct received on %born
http: web interface live on http://localhost:18083
http: loopback live on http://localhost:12324
pier (145): live
%already-mounted
[[p=~bud q=%base r=[%ud p=0]] s=/]
http: fail (0, 504): temporary failure
http: fail (1, 504): temporary failure
http: fail (2, 504): temporary failure
http: fail (3, 504): temporary failure
http: fail (4, 504): temporary failure
http: fail (5, 504): temporary failure
~
urbit 4.6
boot: home is /state/live/bud
loom: mapped 2048MB
lite: arvo formula 4ce68411
lite: core 641296f
lite: final state 641296f
disk: loaded epoch 0i0
loom: mapped 2048MB
boot: protected loom
live: mapped: MB/222.822.400
boot: installed 2178 jets
vere: checking version compatibility
mesa: forwarding enabled
mdns: init failed, install avahi on this system for mdns support
mesa: live on 31339 (localhost only)
conn: listening on /state/live/bud/.urb/conn.sock
docket: thread cancelled; retrying
%http-request-cancelled
http request was cancelled by the runtime
docket: fetching %http glob for %groups desk
docket: thread cancelled; retrying
%http-request-cancelled
http request was cancelled by the runtime
docket: fetching %http glob for %webterm desk
docket: thread cancelled; retrying
%http-request-cancelled
http request was cancelled by the runtime
docket: fetching %http glob for %landscape desk
ames: unix-duct received on %born
http: web interface live on http://localhost:18083
http: loopback live on http://localhost:12324
pier (90): live
http: fail (0, 504): temporary failure
http: fail (1, 504): temporary failure
http: fail (2, 504): temporary failure
http: fail (3, 504): temporary failure
http: fail (4, 504): temporary failure
http: fail (5, 504): temporary failure
~
urbit 4.6
boot: home is /state/live/bud
loom: mapped 2048MB
lite: arvo formula 4ce68411
lite: core 641296f
lite: final state 641296f
disk: loaded epoch 0i0
loom: mapped 2048MB
boot: protected loom
live: mapped: MB/222.822.400
boot: installed 2178 jets
vere: checking version compatibility
mesa: forwarding enabled
mdns: init failed, install avahi on this system for mdns support
mesa: live on 31339 (localhost only)
conn: listening on /state/live/bud/.urb/conn.sock
docket: thread cancelled; retrying
%http-request-cancelled
http request was cancelled by the runtime
docket: fetching %http glob for %webterm desk
docket: thread cancelled; retrying
%http-request-cancelled
http request was cancelled by the runtime
docket: fetching %http glob for %landscape desk
docket: thread cancelled; retrying
%http-request-cancelled
http request was cancelled by the runtime
docket: fetching %http glob for %groups desk
ames: unix-duct received on %born
http: web interface live on http://localhost:18083
http: loopback live on http://localhost:12324
pier (141): live
%already-mounted
[[p=~bud q=%base r=[%ud p=0]] s=/]
http: fail (0, 504): temporary failure
http: fail (1, 504): temporary failure
http: fail (2, 504): temporary failure
http: fail (3, 504): temporary failure
http: fail (4, 504): temporary failure
http: fail (5, 504): temporary failure
~
urbit 4.6
boot: home is /state/live/bud
loom: mapped 2048MB
lite: arvo formula 4ce68411
lite: core 641296f
lite: final state 641296f
disk: loaded epoch 0i0
loom: mapped 2048MB
boot: protected loom
live: mapped: MB/222.822.400
boot: installed 2178 jets
vere: checking version compatibility
mesa: forwarding enabled
mdns: init failed, install avahi on this system for mdns support
mesa: live on 31339 (localhost only)
conn: listening on /state/live/bud/.urb/conn.sock
docket: thread cancelled; retrying
%http-request-cancelled
http request was cancelled by the runtime
docket: fetching %http glob for %groups desk
docket: thread cancelled; retrying
%http-request-cancelled
http request was cancelled by the runtime
docket: fetching %http glob for %webterm desk
docket: thread cancelled; retrying
%http-request-cancelled
http request was cancelled by the runtime
docket: fetching %http glob for %landscape desk
ames: unix-duct received on %born
http: web interface live on http://localhost:18083
http: loopback live on http://localhost:12324
pier (90): live
http: fail (0, 504): temporary failure
http: fail (1, 504): temporary failure
http: fail (2, 504): temporary failure
http: fail (3, 504): temporary failure
~
urbit 4.6
boot: home is /state/live/bud
loom: mapped 2048MB
lite: arvo formula 4ce68411
lite: core 641296f
lite: final state 641296f
disk: loaded epoch 0i0
loom: mapped 2048MB
boot: protected loom
live: mapped: MB/222.822.400
boot: installed 2178 jets
vere: checking version compatibility
mesa: forwarding enabled
mdns: init failed, install avahi on this system for mdns support
mesa: live on 31339 (localhost only)
conn: listening on /state/live/bud/.urb/conn.sock
docket: thread cancelled; retrying
%http-request-cancelled
http request was cancelled by the runtime
docket: fetching %http glob for %webterm desk
docket: thread cancelled; retrying
%http-request-cancelled
http request was cancelled by the runtime
docket: fetching %http glob for %landscape desk
ames: unix-duct received on %born
http: web interface live on http://localhost:18083
http: loopback live on http://localhost:12324
pier (142): live
%already-mounted
[[p=~bud q=%base r=[%ud p=0]] s=/]
http: fail (0, 504): temporary failure
http: fail (1, 504): temporary failure
http: fail (2, 504): temporary failure
http: fail (3, 504): temporary failure
http: fail (4, 504): temporary failure
http: fail (5, 504): temporary failure
~
urbit 4.6
boot: home is /state/live/bud
loom: mapped 2048MB
lite: arvo formula 4ce68411
lite: core 641296f
lite: final state 641296f
disk: loaded epoch 0i0
loom: mapped 2048MB
boot: protected loom
live: mapped: MB/222.822.400
boot: installed 2178 jets
vere: checking version compatibility
mesa: forwarding enabled
mdns: init failed, install avahi on this system for mdns support
mesa: live on 31339 (localhost only)
conn: listening on /state/live/bud/.urb/conn.sock
docket: thread cancelled; retrying
%http-request-cancelled
http request was cancelled by the runtime
docket: fetching %http glob for %groups desk
docket: thread cancelled; retrying
%http-request-cancelled
http request was cancelled by the runtime
docket: fetching %http glob for %webterm desk
docket: thread cancelled; retrying
%http-request-cancelled
http request was cancelled by the runtime
docket: fetching %http glob for %landscape desk
ames: unix-duct received on %born
http: web interface live on http://localhost:18083
http: loopback live on http://localhost:12324
pier (90): live
http: fail (0, 504): temporary failure
http: fail (1, 504): temporary failure
http: fail (2, 504): temporary failure
http: fail (3, 504): temporary failure
http: fail (4, 504): temporary failure
http: fail (5, 504): temporary failure
http: fail (6, 504): temporary failure
http: fail (7, 504): temporary failure
http: fail (8, 504): temporary failure
http: fail (9, 504): temporary failure
http: fail (10, 504): temporary failure
http: fail (11, 504): temporary failure
http: fail (12, 504): temporary failure
docket: thread failed;
%retry-too-many
http: fail (13, 504): temporary failure
docket: thread failed;
%retry-too-many
http: fail (14, 504): temporary failure
docket: thread failed;
%retry-too-many
~
urbit 4.6
boot: home is /state/live/bud
loom: mapped 2048MB
lite: arvo formula 4ce68411
lite: core 641296f
lite: final state 641296f
disk: loaded epoch 0i0
loom: mapped 2048MB
boot: protected loom
live: mapped: MB/222.822.400
boot: installed 2178 jets
vere: checking version compatibility
mesa: forwarding enabled
mdns: init failed, install avahi on this system for mdns support
mesa: live on 31339 (localhost only)
conn: listening on /state/live/bud/.urb/conn.sock
docket: thread cancelled; retrying
%http-request-cancelled
http request was cancelled by the runtime
docket: fetching %http glob for %groups desk
docket: thread cancelled; retrying
%http-request-cancelled
http request was cancelled by the runtime
docket: fetching %http glob for %webterm desk
docket: thread cancelled; retrying
%http-request-cancelled
http request was cancelled by the runtime
docket: fetching %http glob for %landscape desk
ames: unix-duct received on %born
http: web interface live on http://localhost:18083
http: loopback live on http://localhost:12324
pier (90): live
http: fail (0, 504): temporary failure
http: fail (1, 504): temporary failure
http: fail (2, 504): temporary failure
http: fail (3, 504): temporary failure
http: fail (4, 504): temporary failure
http: fail (5, 504): temporary failure
http: fail (6, 504): temporary failure
http: fail (7, 504): temporary failure
http: fail (8, 504): temporary failure
http: fail (9, 504): temporary failure
http: fail (10, 504): temporary failure
http: fail (11, 504): temporary failure
http: fail (12, 504): temporary failure
docket: thread failed;
%retry-too-many
http: fail (13, 504): temporary failure
~
urbit 4.6
boot: home is /state/live/bud
loom: mapped 2048MB
lite: arvo formula 4ce68411
lite: core 641296f
lite: final state 641296f
disk: loaded epoch 0i0
loom: mapped 2048MB
boot: protected loom
live: mapped: MB/222.822.400
boot: installed 2178 jets
vere: checking version compatibility
mesa: forwarding enabled
mdns: init failed, install avahi on this system for mdns support
mesa: live on 31339 (localhost only)
conn: listening on /state/live/bud/.urb/conn.sock
docket: thread cancelled; retrying
%http-request-cancelled
http request was cancelled by the runtime
docket: fetching %http glob for %groups desk
docket: thread cancelled; retrying
%http-request-cancelled
http request was cancelled by the runtime
docket: fetching %http glob for %webterm desk
docket: thread cancelled; retrying
%http-request-cancelled
http request was cancelled by the runtime
docket: fetching %http glob for %landscape desk
ames: unix-duct received on %born
http: web interface live on http://localhost:18083
http: loopback live on http://localhost:12324
pier (90): live
http: fail (0, 504): temporary failure
http: fail (1, 504): temporary failure
http: fail (2, 504): temporary failure
http: fail (3, 504): temporary failure
http: fail (4, 504): temporary failure
http: fail (5, 504): temporary failure
http: fail (6, 504): temporary failure
http: fail (7, 504): temporary failure
http: fail (8, 504): temporary failure
http: fail (9, 504): temporary failure
http: fail (10, 504): temporary failure
http: fail (11, 504): temporary failure
http: fail (12, 504): temporary failure
docket: thread failed;
%retry-too-many
http: fail (13, 504): temporary failure
docket: thread failed;
%retry-too-many
http: fail (14, 504): temporary failure
docket: thread failed;
%retry-too-many
gall: installing %stead-observer
spider got sign for non-existent ~.khan-fyrd--0v7.1m4sa.mnros.qdsta.c7sh1.v8c7e
spider got sign for non-existent ~.khan-fyrd--0v3.pav46.ughgu.ahu69.aigg2.j6t09
spider got sign for non-existent ~.khan-fyrd--0v1.8nult.vgii9.ongp4.v7720.o40rg
spider got sign for non-existent ~.khan-fyrd--0v7.q9r5g.8eovb.l4tmo.8cm7n.k1spv
spider got sign for non-existent ~.khan-fyrd--0v1.tkoag.26e3n.2d46n.d1ef3.qnslv
spider got sign for non-existent ~.khan-fyrd--0vhfe1n.6c258.gahvb.24pab.o3ubk
spider got sign for non-existent ~.khan-fyrd--0v7.ddaj3.rqfi2.qdttk.0f31i.45fv9
spider got sign for non-existent ~.khan-fyrd--0vc9lth.vaiqh.vq415.nlug9.t1jnp
spider got sign for non-existent ~.khan-fyrd--0vql1vv.2ju58.dbm9j.mujng.rg281
spider got sign for non-existent ~.khan-fyrd--0v1.12g07.9kqfo.jrpem.4m4ha.4ds62
spider got sign for non-existent ~.khan-fyrd--0vc133v.67efk.be91c.ciokb.9ncdt
spider got sign for non-existent ~.khan-fyrd--0v2.71mg4.g9q7o.rcriq.a4nmn.pcg4u
spider got sign for non-existent ~.khan-fyrd--0v4.mub9r.aibe2.g854g.3mnba.hkimv
spider got sign for non-existent ~.khan-fyrd--0v5.j0sai.rn6cc.5j0po.ibsh4.fnop5
~
urbit 4.6
boot: home is /state/live/bud
loom: mapped 2048MB
lite: arvo formula 4ce68411
lite: core 641296f
lite: final state 641296f
disk: loaded epoch 0i0
loom: mapped 2048MB
boot: protected loom
live: mapped: MB/228.540.416
boot: installed 2178 jets
vere: checking version compatibility
mesa: forwarding enabled
mdns: init failed, install avahi on this system for mdns support
mesa: live on 31339 (localhost only)
conn: listening on /state/live/bud/.urb/conn.sock
ames: unix-duct received on %born
http: web interface live on http://localhost:18083
http: loopback live on http://localhost:12324
pier (906): live
%already-mounted
[[p=~bud q=%base r=[%ud p=0]] s=/]
~
urbit 4.6
boot: home is /state/live/bud
loom: mapped 2048MB
lite: arvo formula 4ce68411
lite: core 641296f
lite: final state 641296f
disk: loaded epoch 0i0
loom: mapped 2048MB
boot: protected loom
live: mapped: MB/222.822.400
boot: installed 2178 jets
vere: checking version compatibility
mesa: forwarding enabled
mdns: init failed, install avahi on this system for mdns support
mesa: live on 31339 (localhost only)
conn: listening on /state/live/bud/.urb/conn.sock
docket: thread cancelled; retrying
%http-request-cancelled
http request was cancelled by the runtime
docket: fetching %http glob for %groups desk
docket: thread cancelled; retrying
%http-request-cancelled
http request was cancelled by the runtime
docket: fetching %http glob for %webterm desk
docket: thread cancelled; retrying
%http-request-cancelled
http request was cancelled by the runtime
docket: fetching %http glob for %landscape desk
ames: unix-duct received on %born
http: web interface live on http://localhost:18083
http: loopback live on http://localhost:12324
pier (90): live
http: fail (0, 504): temporary failure
http: fail (1, 504): temporary failure
http: fail (2, 504): temporary failure
http: fail (3, 504): temporary failure
http: fail (4, 504): temporary failure
http: fail (5, 504): temporary failure
~
urbit 4.6
boot: home is /state/live/bud
loom: mapped 2048MB
lite: arvo formula 4ce68411
lite: core 641296f
lite: final state 641296f
disk: loaded epoch 0i0
loom: mapped 2048MB
boot: protected loom
live: mapped: MB/222.822.400
boot: installed 2178 jets
vere: checking version compatibility
mesa: forwarding enabled
mdns: init failed, install avahi on this system for mdns support
mesa: live on 31339 (localhost only)
conn: listening on /state/live/bud/.urb/conn.sock
docket: thread cancelled; retrying
%http-request-cancelled
http request was cancelled by the runtime
docket: fetching %http glob for %webterm desk
docket: thread cancelled; retrying
%http-request-cancelled
http request was cancelled by the runtime
docket: fetching %http glob for %landscape desk
docket: thread cancelled; retrying
%http-request-cancelled
http request was cancelled by the runtime
docket: fetching %http glob for %groups desk
ames: unix-duct received on %born
http: web interface live on http://localhost:18083
http: loopback live on http://localhost:12324
pier (141): live
%already-mounted
[[p=~bud q=%base r=[%ud p=0]] s=/]
http: fail (0, 504): temporary failure
http: fail (1, 504): temporary failure
http: fail (2, 504): temporary failure
http: fail (3, 504): temporary failure
http: fail (4, 504): temporary failure
http: fail (5, 504): temporary failure
~
urbit 4.6
boot: home is /state/live/bud
loom: mapped 2048MB
lite: arvo formula 4ce68411
lite: core 641296f
lite: final state 641296f
disk: loaded epoch 0i0
loom: mapped 2048MB
boot: protected loom
live: mapped: MB/222.822.400
boot: installed 2178 jets
vere: checking version compatibility
mesa: forwarding enabled
mdns: init failed, install avahi on this system for mdns support
mesa: live on 31339 (localhost only)
conn: listening on /state/live/bud/.urb/conn.sock
docket: thread cancelled; retrying
%http-request-cancelled
http request was cancelled by the runtime
docket: fetching %http glob for %groups desk
docket: thread cancelled; retrying
%http-request-cancelled
http request was cancelled by the runtime
docket: fetching %http glob for %webterm desk
docket: thread cancelled; retrying
%http-request-cancelled
http request was cancelled by the runtime
docket: fetching %http glob for %landscape desk
ames: unix-duct received on %born
http: web interface live on http://localhost:18083
http: loopback live on http://localhost:12324
pier (90): live
http: fail (0, 504): temporary failure
http: fail (1, 504): temporary failure
http: fail (2, 504): temporary failure
http: fail (3, 504): temporary failure
http: fail (4, 504): temporary failure
http: fail (5, 504): temporary failure
http: fail (6, 504): temporary failure
http: fail (7, 504): temporary failure
http: fail (8, 504): temporary failure
~
urbit 4.6
boot: home is /state/live/bud
loom: mapped 2048MB
lite: arvo formula 4ce68411
lite: core 641296f
lite: final state 641296f
disk: loaded epoch 0i0
loom: mapped 2048MB
boot: protected loom
live: mapped: MB/222.822.400
boot: installed 2178 jets
vere: checking version compatibility
mesa: forwarding enabled
mdns: init failed, install avahi on this system for mdns support
mesa: live on 31339 (localhost only)
conn: listening on /state/live/bud/.urb/conn.sock
docket: thread cancelled; retrying
%http-request-cancelled
http request was cancelled by the runtime
docket: fetching %http glob for %groups desk
docket: thread cancelled; retrying
%http-request-cancelled
http request was cancelled by the runtime
docket: fetching %http glob for %webterm desk
ames: unix-duct received on %born
http: web interface live on http://localhost:18083
http: loopback live on http://localhost:12324
pier (166): live
%already-mounted
[[p=~bud q=%base r=[%ud p=0]] s=/]
http: fail (0, 504): temporary failure
http: fail (1, 504): temporary failure
http: fail (2, 504): temporary failure
http: fail (3, 504): temporary failure
http: fail (4, 504): temporary failure
~
urbit 4.6
boot: home is /state/live/bud
loom: mapped 2048MB
lite: arvo formula 4ce68411
lite: core 641296f
lite: final state 641296f
disk: loaded epoch 0i0
loom: mapped 2048MB
boot: protected loom
live: mapped: MB/222.822.400
boot: installed 2178 jets
vere: checking version compatibility
mesa: forwarding enabled
mdns: init failed, install avahi on this system for mdns support
mesa: live on 31339 (localhost only)
conn: listening on /state/live/bud/.urb/conn.sock
docket: thread cancelled; retrying
%http-request-cancelled
http request was cancelled by the runtime
docket: fetching %http glob for %groups desk
docket: thread cancelled; retrying
%http-request-cancelled
http request was cancelled by the runtime
docket: fetching %http glob for %webterm desk
docket: thread cancelled; retrying
%http-request-cancelled
http request was cancelled by the runtime
docket: fetching %http glob for %landscape desk
ames: unix-duct received on %born
http: web interface live on http://localhost:18083
http: loopback live on http://localhost:12324
pier (90): live
http: fail (0, 504): temporary failure
http: fail (1, 504): temporary failure
http: fail (2, 504): temporary failure
http: fail (3, 504): temporary failure
http: fail (4, 504): temporary failure
http: fail (5, 504): temporary failure
http: fail (6, 504): temporary failure
http: fail (7, 504): temporary failure
http: fail (8, 504): temporary failure
http: fail (9, 504): temporary failure
http: fail (10, 504): temporary failure
~
urbit 4.6
boot: home is /state/live/bud
loom: mapped 2048MB
lite: arvo formula 4ce68411
lite: core 641296f
lite: final state 641296f
disk: loaded epoch 0i0
loom: mapped 2048MB
boot: protected loom
live: mapped: MB/222.822.400
boot: installed 2178 jets
vere: checking version compatibility
mesa: forwarding enabled
mdns: init failed, install avahi on this system for mdns support
mesa: live on 31339 (localhost only)
conn: listening on /state/live/bud/.urb/conn.sock
docket: thread cancelled; retrying
%http-request-cancelled
http request was cancelled by the runtime
docket: fetching %http glob for %groups desk
docket: thread cancelled; retrying
%http-request-cancelled
http request was cancelled by the runtime
docket: fetching %http glob for %webterm desk
docket: thread cancelled; retrying
%http-request-cancelled
http request was cancelled by the runtime
docket: fetching %http glob for %landscape desk
ames: unix-duct received on %born
http: web interface live on http://localhost:18083
http: loopback live on http://localhost:12324
pier (90): live
http: fail (0, 504): temporary failure
http: fail (1, 504): temporary failure
~
urbit 4.6
boot: home is /state/live/bud
loom: mapped 2048MB
lite: arvo formula 4ce68411
lite: core 641296f
lite: final state 641296f
disk: loaded epoch 0i0
loom: mapped 2048MB
boot: protected loom
live: mapped: MB/222.822.400
boot: installed 2178 jets
vere: checking version compatibility
mesa: forwarding enabled
mdns: init failed, install avahi on this system for mdns support
mesa: live on 31339 (localhost only)
conn: listening on /state/live/bud/.urb/conn.sock
docket: thread cancelled; retrying
%http-request-cancelled
http request was cancelled by the runtime
docket: fetching %http glob for %landscape desk
docket: thread cancelled; retrying
%http-request-cancelled
http request was cancelled by the runtime
docket: fetching %http glob for %groups desk
docket: thread cancelled; retrying
%http-request-cancelled
http request was cancelled by the runtime
docket: fetching %http glob for %webterm desk
ames: unix-duct received on %born
http: web interface live on http://localhost:18083
http: loopback live on http://localhost:12324
pier (127): live
%already-mounted
[[p=~bud q=%base r=[%ud p=0]] s=/]
~
urbit 4.6
boot: home is /state/live/bud
loom: mapped 2048MB
lite: arvo formula 4ce68411
lite: core 641296f
lite: final state 641296f
disk: loaded epoch 0i0
loom: mapped 2048MB
boot: protected loom
live: mapped: MB/222.822.400
boot: installed 2178 jets
vere: checking version compatibility
mesa: forwarding enabled
mdns: init failed, install avahi on this system for mdns support
mesa: live on 31339 (localhost only)
conn: listening on /state/live/bud/.urb/conn.sock
docket: thread cancelled; retrying
%http-request-cancelled
http request was cancelled by the runtime
docket: fetching %http glob for %groups desk
docket: thread cancelled; retrying
%http-request-cancelled
http request was cancelled by the runtime
docket: fetching %http glob for %webterm desk
docket: thread cancelled; retrying
%http-request-cancelled
http request was cancelled by the runtime
docket: fetching %http glob for %landscape desk
ames: unix-duct received on %born
http: web interface live on http://localhost:18083
http: loopback live on http://localhost:12324
pier (90): live
http: fail (0, 504): temporary failure
http: fail (1, 504): temporary failure
http: fail (2, 504): temporary failure
http: fail (3, 504): temporary failure
http: fail (4, 504): temporary failure
http: fail (5, 504): temporary failure
~
urbit 4.6
boot: home is /state/live/bud
loom: mapped 2048MB
lite: arvo formula 4ce68411
lite: core 641296f
lite: final state 641296f
disk: loaded epoch 0i0
loom: mapped 2048MB
boot: protected loom
live: mapped: MB/222.822.400
boot: installed 2178 jets
vere: checking version compatibility
mesa: forwarding enabled
mdns: init failed, install avahi on this system for mdns support
mesa: live on 31339 (localhost only)
conn: listening on /state/live/bud/.urb/conn.sock
docket: thread cancelled; retrying
%http-request-cancelled
http request was cancelled by the runtime
docket: fetching %http glob for %groups desk
docket: thread cancelled; retrying
%http-request-cancelled
http request was cancelled by the runtime
docket: fetching %http glob for %webterm desk
docket: thread cancelled; retrying
%http-request-cancelled
http request was cancelled by the runtime
docket: fetching %http glob for %landscape desk
ames: unix-duct received on %born
http: web interface live on http://localhost:18083
http: loopback live on http://localhost:12324
pier (141): live
%already-mounted
[[p=~bud q=%base r=[%ud p=0]] s=/]
~
urbit 4.6
boot: home is /state/live/bud
loom: mapped 2048MB
lite: arvo formula 4ce68411
lite: core 641296f
lite: final state 641296f
disk: loaded epoch 0i0
loom: mapped 2048MB
boot: protected loom
live: mapped: MB/222.822.400
boot: installed 2178 jets
vere: checking version compatibility
mesa: forwarding enabled
mdns: init failed, install avahi on this system for mdns support
mesa: live on 31339 (localhost only)
conn: listening on /state/live/bud/.urb/conn.sock
docket: thread cancelled; retrying
%http-request-cancelled
http request was cancelled by the runtime
docket: fetching %http glob for %groups desk
docket: thread cancelled; retrying
%http-request-cancelled
http request was cancelled by the runtime
docket: fetching %http glob for %webterm desk
docket: thread cancelled; retrying
%http-request-cancelled
http request was cancelled by the runtime
docket: fetching %http glob for %landscape desk
ames: unix-duct received on %born
http: web interface live on http://localhost:18083
http: loopback live on http://localhost:12324
pier (90): live
http: fail (0, 504): temporary failure
http: fail (1, 504): temporary failure
http: fail (2, 504): temporary failure
http: fail (3, 504): temporary failure
http: fail (4, 504): temporary failure
http: fail (5, 504): temporary failure
~
urbit 4.6
boot: home is /state/live/bud
loom: mapped 2048MB
lite: arvo formula 4ce68411
lite: core 641296f
lite: final state 641296f
disk: loaded epoch 0i0
loom: mapped 2048MB
boot: protected loom
live: mapped: MB/222.822.400
boot: installed 2178 jets
vere: checking version compatibility
mesa: forwarding enabled
mdns: init failed, install avahi on this system for mdns support
mesa: live on 31339 (localhost only)
conn: listening on /state/live/bud/.urb/conn.sock
docket: thread cancelled; retrying
%http-request-cancelled
http request was cancelled by the runtime
docket: fetching %http glob for %groups desk
docket: thread cancelled; retrying
%http-request-cancelled
http request was cancelled by the runtime
docket: fetching %http glob for %webterm desk
docket: thread cancelled; retrying
%http-request-cancelled
http request was cancelled by the runtime
docket: fetching %http glob for %landscape desk
ames: unix-duct received on %born
http: web interface live on http://localhost:18083
http: loopback live on http://localhost:12324
pier (90): live
%already-mounted
[[p=~bud q=%base r=[%ud p=0]] s=/]
~
urbit 4.6
boot: home is /state/live/bud
loom: mapped 2048MB
lite: arvo formula 4ce68411
lite: core 641296f
lite: final state 641296f
disk: loaded epoch 0i0
loom: mapped 2048MB
boot: protected loom
live: mapped: MB/222.822.400
boot: installed 2178 jets
vere: checking version compatibility
mesa: forwarding enabled
mdns: init failed, install avahi on this system for mdns support
mesa: live on 31339 (localhost only)
conn: listening on /state/live/bud/.urb/conn.sock
docket: thread cancelled; retrying
%http-request-cancelled
http request was cancelled by the runtime
docket: fetching %http glob for %groups desk
docket: thread cancelled; retrying
%http-request-cancelled
http request was cancelled by the runtime
docket: fetching %http glob for %webterm desk
docket: thread cancelled; retrying
%http-request-cancelled
http request was cancelled by the runtime
docket: fetching %http glob for %landscape desk
ames: unix-duct received on %born
http: web interface live on http://localhost:18083
http: loopback live on http://localhost:12324
pier (90): live
http: fail (0, 504): temporary failure
http: fail (1, 504): temporary failure
http: fail (2, 504): temporary failure
http: fail (3, 504): temporary failure
http: fail (4, 504): temporary failure
http: fail (5, 504): temporary failure
~
urbit 4.6
boot: home is /state/live/bud
loom: mapped 2048MB
lite: arvo formula 4ce68411
lite: core 641296f
lite: final state 641296f
disk: loaded epoch 0i0
loom: mapped 2048MB
boot: protected loom
live: mapped: MB/222.822.400
boot: installed 2178 jets
vere: checking version compatibility
mesa: forwarding enabled
mdns: init failed, install avahi on this system for mdns support
mesa: live on 31339 (localhost only)
conn: listening on /state/live/bud/.urb/conn.sock
docket: thread cancelled; retrying
%http-request-cancelled
http request was cancelled by the runtime
docket: fetching %http glob for %webterm desk
docket: thread cancelled; retrying
%http-request-cancelled
http request was cancelled by the runtime
docket: fetching %http glob for %groups desk
ames: unix-duct received on %born
http: web interface live on http://localhost:18083
http: loopback live on http://localhost:12324
pier (144): live
%already-mounted
[[p=~bud q=%base r=[%ud p=0]] s=/]
~
urbit 4.6
boot: home is /state/live/bud
loom: mapped 2048MB
lite: arvo formula 4ce68411
lite: core 641296f
lite: final state 641296f
disk: loaded epoch 0i0
loom: mapped 2048MB
boot: protected loom
live: mapped: MB/222.822.400
boot: installed 2178 jets
vere: checking version compatibility
mesa: forwarding enabled
mdns: init failed, install avahi on this system for mdns support
mesa: live on 31339 (localhost only)
conn: listening on /state/live/bud/.urb/conn.sock
docket: thread cancelled; retrying
%http-request-cancelled
http request was cancelled by the runtime
docket: fetching %http glob for %groups desk
docket: thread cancelled; retrying
%http-request-cancelled
http request was cancelled by the runtime
docket: fetching %http glob for %webterm desk
docket: thread cancelled; retrying
%http-request-cancelled
http request was cancelled by the runtime
docket: fetching %http glob for %landscape desk
ames: unix-duct received on %born
http: web interface live on http://localhost:18083
http: loopback live on http://localhost:12324
pier (90): live
http: fail (0, 504): temporary failure
http: fail (1, 504): temporary failure
http: fail (2, 504): temporary failure
http: fail (3, 504): temporary failure
http: fail (4, 504): temporary failure
http: fail (5, 504): temporary failure
~
urbit 4.6
boot: home is /state/live/bud
loom: mapped 2048MB
lite: arvo formula 4ce68411
lite: core 641296f
lite: final state 641296f
disk: loaded epoch 0i0
loom: mapped 2048MB
boot: protected loom
live: mapped: MB/222.822.400
boot: installed 2178 jets
vere: checking version compatibility
mesa: forwarding enabled
mdns: init failed, install avahi on this system for mdns support
mesa: live on 31339 (localhost only)
conn: listening on /state/live/bud/.urb/conn.sock
docket: thread cancelled; retrying
%http-request-cancelled
http request was cancelled by the runtime
docket: fetching %http glob for %groups desk
docket: thread cancelled; retrying
%http-request-cancelled
http request was cancelled by the runtime
docket: fetching %http glob for %landscape desk
ames: unix-duct received on %born
http: web interface live on http://localhost:18083
http: loopback live on http://localhost:12324
pier (146): live
%already-mounted
[[p=~bud q=%base r=[%ud p=0]] s=/]
~
urbit 4.6
boot: home is /state/live/bud
loom: mapped 2048MB
lite: arvo formula 4ce68411
lite: core 641296f
lite: final state 641296f
disk: loaded epoch 0i0
loom: mapped 2048MB
boot: protected loom
live: mapped: MB/222.822.400
boot: installed 2178 jets
vere: checking version compatibility
mesa: forwarding enabled
mdns: init failed, install avahi on this system for mdns support
mesa: live on 31339 (localhost only)
conn: listening on /state/live/bud/.urb/conn.sock
docket: thread cancelled; retrying
%http-request-cancelled
http request was cancelled by the runtime
docket: fetching %http glob for %groups desk
docket: thread cancelled; retrying
%http-request-cancelled
http request was cancelled by the runtime
docket: fetching %http glob for %webterm desk
docket: thread cancelled; retrying
%http-request-cancelled
http request was cancelled by the runtime
docket: fetching %http glob for %landscape desk
ames: unix-duct received on %born
http: web interface live on http://localhost:18083
http: loopback live on http://localhost:12324
pier (90): live
http: fail (0, 504): temporary failure
http: fail (1, 504): temporary failure
http: fail (2, 504): temporary failure
http: fail (3, 504): temporary failure
http: fail (4, 504): temporary failure
http: fail (5, 504): temporary failure
http: fail (6, 504): temporary failure
http: fail (7, 504): temporary failure
http: fail (8, 504): temporary failure
http: fail (9, 504): temporary failure
http: fail (10, 504): temporary failure
http: fail (11, 504): temporary failure
http: fail (12, 504): temporary failure
docket: thread failed;
%retry-too-many
http: fail (13, 504): temporary failure
~
urbit 4.6
boot: home is /state/live/bud
loom: mapped 2048MB
lite: arvo formula 4ce68411
lite: core 641296f
lite: final state 641296f
disk: loaded epoch 0i0
loom: mapped 2048MB
boot: protected loom
live: mapped: MB/222.822.400
boot: installed 2178 jets
vere: checking version compatibility
mesa: forwarding enabled
mdns: init failed, install avahi on this system for mdns support
mesa: live on 31339 (localhost only)
conn: listening on /state/live/bud/.urb/conn.sock
docket: thread cancelled; retrying
%http-request-cancelled
http request was cancelled by the runtime
docket: fetching %http glob for %groups desk
docket: thread cancelled; retrying
%http-request-cancelled
http request was cancelled by the runtime
docket: fetching %http glob for %webterm desk
docket: thread cancelled; retrying
%http-request-cancelled
http request was cancelled by the runtime
docket: fetching %http glob for %landscape desk
ames: unix-duct received on %born
http: web interface live on http://localhost:18083
http: loopback live on http://localhost:12324
pier (90): live
~
urbit 4.6
boot: home is /state/live/bud
loom: mapped 2048MB
lite: arvo formula 4ce68411
lite: core 641296f
lite: final state 641296f
disk: loaded epoch 0i0
loom: mapped 2048MB
boot: protected loom
live: mapped: MB/222.822.400
boot: installed 2178 jets
vere: checking version compatibility
mesa: forwarding enabled
mdns: init failed, install avahi on this system for mdns support
mesa: live on 31339 (localhost only)
conn: listening on /state/live/bud/.urb/conn.sock
docket: thread cancelled; retrying
%http-request-cancelled
http request was cancelled by the runtime
docket: fetching %http glob for %landscape desk
docket: thread cancelled; retrying
%http-request-cancelled
http request was cancelled by the runtime
docket: fetching %http glob for %webterm desk
docket: thread cancelled; retrying
%http-request-cancelled
http request was cancelled by the runtime
docket: fetching %http glob for %groups desk
ames: unix-duct received on %born
http: web interface live on http://localhost:18083
http: loopback live on http://localhost:12324
pier (123): live
%already-mounted
[[p=~bud q=%base r=[%ud p=0]] s=/]
~
urbit 4.6
boot: home is /state/live/bud
loom: mapped 2048MB
lite: arvo formula 4ce68411
lite: core 641296f
lite: final state 641296f
disk: loaded epoch 0i0
loom: mapped 2048MB
boot: protected loom
live: mapped: MB/222.822.400
boot: installed 2178 jets
vere: checking version compatibility
mesa: forwarding enabled
mdns: init failed, install avahi on this system for mdns support
mesa: live on 31339 (localhost only)
conn: listening on /state/live/bud/.urb/conn.sock
docket: thread cancelled; retrying
%http-request-cancelled
http request was cancelled by the runtime
docket: fetching %http glob for %groups desk
docket: thread cancelled; retrying
%http-request-cancelled
http request was cancelled by the runtime
docket: fetching %http glob for %webterm desk
docket: thread cancelled; retrying
%http-request-cancelled
http request was cancelled by the runtime
docket: fetching %http glob for %landscape desk
ames: unix-duct received on %born
http: web interface live on http://localhost:18083
http: loopback live on http://localhost:12324
pier (90): live
http: fail (0, 504): temporary failure
http: fail (1, 504): temporary failure
http: fail (2, 504): temporary failure
http: fail (3, 504): temporary failure
http: fail (4, 504): temporary failure
http: fail (5, 504): temporary failure
~
urbit 4.6
boot: home is /state/live/bud
loom: mapped 2048MB
lite: arvo formula 4ce68411
lite: core 641296f
lite: final state 641296f
disk: loaded epoch 0i0
loom: mapped 2048MB
boot: protected loom
live: mapped: MB/222.822.400
boot: installed 2178 jets
vere: checking version compatibility
mesa: forwarding enabled
mdns: init failed, install avahi on this system for mdns support
mesa: live on 31339 (localhost only)
conn: listening on /state/live/bud/.urb/conn.sock
docket: thread cancelled; retrying
%http-request-cancelled
http request was cancelled by the runtime
docket: fetching %http glob for %groups desk
docket: thread cancelled; retrying
%http-request-cancelled
http request was cancelled by the runtime
docket: fetching %http glob for %landscape desk
ames: unix-duct received on %born
http: web interface live on http://localhost:18083
http: loopback live on http://localhost:12324
pier (142): live
%already-mounted
[[p=~bud q=%base r=[%ud p=0]] s=/]
~
urbit 4.6
boot: home is /state/live/bud
loom: mapped 2048MB
lite: arvo formula 4ce68411
lite: core 641296f
lite: final state 641296f
disk: loaded epoch 0i0
loom: mapped 2048MB
boot: protected loom
live: mapped: MB/222.822.400
boot: installed 2178 jets
vere: checking version compatibility
mesa: forwarding enabled
mdns: init failed, install avahi on this system for mdns support
mesa: live on 31339 (localhost only)
conn: listening on /state/live/bud/.urb/conn.sock
docket: thread cancelled; retrying
%http-request-cancelled
http request was cancelled by the runtime
docket: fetching %http glob for %groups desk
docket: thread cancelled; retrying
%http-request-cancelled
http request was cancelled by the runtime
docket: fetching %http glob for %webterm desk
docket: thread cancelled; retrying
%http-request-cancelled
http request was cancelled by the runtime
docket: fetching %http glob for %landscape desk
ames: unix-duct received on %born
http: web interface live on http://localhost:18083
http: loopback live on http://localhost:12324
pier (90): live
%already-mounted
[[p=~bud q=%base r=[%ud p=0]] s=/]
~
urbit 4.6
boot: home is /state/live/bud
loom: mapped 2048MB
lite: arvo formula 4ce68411
lite: core 641296f
lite: final state 641296f
disk: loaded epoch 0i0
loom: mapped 2048MB
boot: protected loom
live: mapped: MB/222.822.400
boot: installed 2178 jets
vere: checking version compatibility
mesa: forwarding enabled
mdns: init failed, install avahi on this system for mdns support
mesa: live on 31339 (localhost only)
conn: listening on /state/live/bud/.urb/conn.sock
docket: thread cancelled; retrying
%http-request-cancelled
http request was cancelled by the runtime
docket: fetching %http glob for %groups desk
docket: thread cancelled; retrying
%http-request-cancelled
http request was cancelled by the runtime
docket: fetching %http glob for %webterm desk
docket: thread cancelled; retrying
%http-request-cancelled
http request was cancelled by the runtime
docket: fetching %http glob for %landscape desk
ames: unix-duct received on %born
http: web interface live on http://localhost:18083
http: loopback live on http://localhost:12324
pier (90): live
http: fail (0, 504): temporary failure
http: fail (1, 504): temporary failure
http: fail (2, 504): temporary failure
http: fail (3, 504): temporary failure
http: fail (4, 504): temporary failure
http: fail (5, 504): temporary failure
http: fail (6, 504): temporary failure
http: fail (7, 504): temporary failure
~
urbit 4.6
boot: home is /state/live/bud
loom: mapped 2048MB
lite: arvo formula 4ce68411
lite: core 641296f
lite: final state 641296f
disk: loaded epoch 0i0
loom: mapped 2048MB
boot: protected loom
live: mapped: MB/222.822.400
boot: installed 2178 jets
vere: checking version compatibility
mesa: forwarding enabled
mdns: init failed, install avahi on this system for mdns support
mesa: live on 31339 (localhost only)
conn: listening on /state/live/bud/.urb/conn.sock
docket: thread cancelled; retrying
%http-request-cancelled
http request was cancelled by the runtime
docket: fetching %http glob for %webterm desk
docket: thread cancelled; retrying
%http-request-cancelled
http request was cancelled by the runtime
docket: fetching %http glob for %landscape desk
ames: unix-duct received on %born
http: web interface live on http://localhost:18083
http: loopback live on http://localhost:12324
pier (148): live
%already-mounted
[[p=~bud q=%base r=[%ud p=0]] s=/]
http: fail (0, 504): temporary failure
http: fail (1, 504): temporary failure
http: fail (2, 504): temporary failure
http: fail (3, 504): temporary failure
http: fail (4, 504): temporary failure
~
urbit 4.6
boot: home is /state/live/bud
loom: mapped 2048MB
lite: arvo formula 4ce68411
lite: core 641296f
lite: final state 641296f
disk: loaded epoch 0i0
loom: mapped 2048MB
boot: protected loom
live: mapped: MB/222.822.400
boot: installed 2178 jets
vere: checking version compatibility
mesa: forwarding enabled
mdns: init failed, install avahi on this system for mdns support
mesa: live on 31339 (localhost only)
conn: listening on /state/live/bud/.urb/conn.sock
docket: thread cancelled; retrying
%http-request-cancelled
http request was cancelled by the runtime
docket: fetching %http glob for %groups desk
docket: thread cancelled; retrying
%http-request-cancelled
http request was cancelled by the runtime
docket: fetching %http glob for %webterm desk
docket: thread cancelled; retrying
%http-request-cancelled
http request was cancelled by the runtime
docket: fetching %http glob for %landscape desk
ames: unix-duct received on %born
http: web interface live on http://localhost:18083
http: loopback live on http://localhost:12324
pier (90): live
~
urbit 4.6
boot: home is /state/live/bud
loom: mapped 2048MB
lite: arvo formula 4ce68411
lite: core 641296f
lite: final state 641296f
disk: loaded epoch 0i0
loom: mapped 2048MB
boot: protected loom
live: mapped: MB/222.822.400
boot: installed 2178 jets
vere: checking version compatibility
mesa: forwarding enabled
mdns: init failed, install avahi on this system for mdns support
mesa: live on 31339 (localhost only)
conn: listening on /state/live/bud/.urb/conn.sock
docket: thread cancelled; retrying
%http-request-cancelled
http request was cancelled by the runtime
docket: fetching %http glob for %groups desk
docket: thread cancelled; retrying
%http-request-cancelled
http request was cancelled by the runtime
docket: fetching %http glob for %landscape desk
docket: thread cancelled; retrying
%http-request-cancelled
http request was cancelled by the runtime
docket: fetching %http glob for %webterm desk
ames: unix-duct received on %born
http: web interface live on http://localhost:18083
http: loopback live on http://localhost:12324
pier (123): live
%already-mounted
[[p=~bud q=%base r=[%ud p=0]] s=/]
http: fail (0, 504): temporary failure
http: fail (1, 504): temporary failure
http: fail (2, 504): temporary failure
http: fail (3, 504): temporary failure
http: fail (4, 504): temporary failure
~
urbit 4.6
boot: home is /state/live/bud
loom: mapped 2048MB
lite: arvo formula 4ce68411
lite: core 641296f
lite: final state 641296f
disk: loaded epoch 0i0
loom: mapped 2048MB
boot: protected loom
live: mapped: MB/222.822.400
boot: installed 2178 jets
vere: checking version compatibility
mesa: forwarding enabled
mdns: init failed, install avahi on this system for mdns support
mesa: live on 31339 (localhost only)
conn: listening on /state/live/bud/.urb/conn.sock
docket: thread cancelled; retrying
%http-request-cancelled
http request was cancelled by the runtime
docket: fetching %http glob for %groups desk
docket: thread cancelled; retrying
%http-request-cancelled
http request was cancelled by the runtime
docket: fetching %http glob for %webterm desk
docket: thread cancelled; retrying
%http-request-cancelled
http request was cancelled by the runtime
docket: fetching %http glob for %landscape desk
ames: unix-duct received on %born
http: web interface live on http://localhost:18083
http: loopback live on http://localhost:12324
pier (90): live
http: fail (0, 504): temporary failure
http: fail (1, 504): temporary failure
http: fail (2, 504): temporary failure
http: fail (3, 504): temporary failure
http: fail (4, 504): temporary failure
http: fail (5, 504): temporary failure
http: fail (6, 504): temporary failure
http: fail (7, 504): temporary failure
http: fail (8, 504): temporary failure
http: fail (9, 504): temporary failure
http: fail (10, 504): temporary failure
http: fail (11, 504): temporary failure
http: fail (12, 504): temporary failure
docket: thread failed;
%retry-too-many
http: fail (13, 504): temporary failure
docket: thread failed;
%retry-too-many
http: fail (14, 504): temporary failure
docket: thread failed;
%retry-too-many
~
urbit 4.6
boot: home is /state/live/bud
loom: mapped 2048MB
lite: arvo formula 4ce68411
lite: core 641296f
lite: final state 641296f
disk: loaded epoch 0i0
loom: mapped 2048MB
boot: protected loom
live: mapped: MB/222.822.400
boot: installed 2178 jets
vere: checking version compatibility
mesa: forwarding enabled
mdns: init failed, install avahi on this system for mdns support
mesa: live on 31339 (localhost only)
conn: listening on /state/live/bud/.urb/conn.sock
docket: thread cancelled; retrying
%http-request-cancelled
http request was cancelled by the runtime
docket: fetching %http glob for %groups desk
docket: thread cancelled; retrying
%http-request-cancelled
http request was cancelled by the runtime
docket: fetching %http glob for %webterm desk
docket: thread cancelled; retrying
%http-request-cancelled
http request was cancelled by the runtime
docket: fetching %http glob for %landscape desk
ames: unix-duct received on %born
http: web interface live on http://localhost:18083
http: loopback live on http://localhost:12324
pier (90): live
%already-mounted
[[p=~bud q=%base r=[%ud p=0]] s=/]
http: fail (0, 504): temporary failure
http: fail (1, 504): temporary failure
http: fail (2, 504): temporary failure
http: fail (3, 504): temporary failure
http: fail (4, 504): temporary failure
http: fail (5, 504): temporary failure
http: fail (6, 504): temporary failure
http: fail (7, 504): temporary failure
~
urbit 4.6
boot: home is /state/live/bud
loom: mapped 2048MB
lite: arvo formula 4ce68411
lite: core 641296f
lite: final state 641296f
disk: loaded epoch 0i0
loom: mapped 2048MB
boot: protected loom
live: mapped: MB/222.822.400
boot: installed 2178 jets
vere: checking version compatibility
mesa: forwarding enabled
mdns: init failed, install avahi on this system for mdns support
mesa: live on 31339 (localhost only)
conn: listening on /state/live/bud/.urb/conn.sock
docket: thread cancelled; retrying
%http-request-cancelled
http request was cancelled by the runtime
docket: fetching %http glob for %groups desk
docket: thread cancelled; retrying
%http-request-cancelled
http request was cancelled by the runtime
docket: fetching %http glob for %webterm desk
docket: thread cancelled; retrying
%http-request-cancelled
http request was cancelled by the runtime
docket: fetching %http glob for %landscape desk
ames: unix-duct received on %born
http: web interface live on http://localhost:18083
http: loopback live on http://localhost:12324
pier (90): live
%already-mounted
[[p=~bud q=%base r=[%ud p=0]] s=/]
http: fail (0, 504): temporary failure
http: fail (1, 504): temporary failure
http: fail (2, 504): temporary failure
http: fail (3, 504): temporary failure
http: fail (4, 504): temporary failure
http: fail (5, 504): temporary failure
~
urbit 4.6
boot: home is /state/live/bud
loom: mapped 2048MB
lite: arvo formula 4ce68411
lite: core 641296f
lite: final state 641296f
disk: loaded epoch 0i0
loom: mapped 2048MB
boot: protected loom
live: mapped: MB/222.822.400
boot: installed 2178 jets
vere: checking version compatibility
mesa: forwarding enabled
mdns: init failed, install avahi on this system for mdns support
mesa: live on 31339 (localhost only)
conn: listening on /state/live/bud/.urb/conn.sock
docket: thread cancelled; retrying
%http-request-cancelled
http request was cancelled by the runtime
docket: fetching %http glob for %groups desk
docket: thread cancelled; retrying
%http-request-cancelled
http request was cancelled by the runtime
docket: fetching %http glob for %webterm desk
docket: thread cancelled; retrying
%http-request-cancelled
http request was cancelled by the runtime
docket: fetching %http glob for %landscape desk
ames: unix-duct received on %born
http: web interface live on http://localhost:18083
http: loopback live on http://localhost:12324
pier (90): live
http: fail (0, 504): temporary failure
http: fail (1, 504): temporary failure
http: fail (2, 504): temporary failure
http: fail (3, 504): temporary failure
http: fail (4, 504): temporary failure
http: fail (5, 504): temporary failure
http: fail (6, 504): temporary failure
http: fail (7, 504): temporary failure
http: fail (8, 504): temporary failure
http: fail (9, 504): temporary failure
http: fail (10, 504): temporary failure
http: fail (11, 504): temporary failure
http: fail (12, 504): temporary failure
docket: thread failed;
%retry-too-many
http: fail (13, 504): temporary failure
docket: thread failed;
%retry-too-many
http: fail (14, 504): temporary failure
docket: thread failed;
%retry-too-many
~
urbit 4.6
boot: home is /state/live/bud
loom: mapped 2048MB
lite: arvo formula 4ce68411
lite: core 641296f
lite: final state 641296f
disk: loaded epoch 0i0
loom: mapped 2048MB
boot: protected loom
live: mapped: MB/222.822.400
boot: installed 2178 jets
vere: checking version compatibility
mesa: forwarding enabled
mdns: init failed, install avahi on this system for mdns support
mesa: live on 31339 (localhost only)
conn: listening on /state/live/bud/.urb/conn.sock
docket: thread cancelled; retrying
%http-request-cancelled
http request was cancelled by the runtime
docket: fetching %http glob for %groups desk
docket: thread cancelled; retrying
%http-request-cancelled
http request was cancelled by the runtime
docket: fetching %http glob for %webterm desk
docket: thread cancelled; retrying
%http-request-cancelled
http request was cancelled by the runtime
docket: fetching %http glob for %landscape desk
ames: unix-duct received on %born
http: web interface live on http://localhost:18083
http: loopback live on http://localhost:12324
pier (90): live
%already-mounted
[[p=~bud q=%base r=[%ud p=0]] s=/]
http: fail (0, 504): temporary failure
http: fail (1, 504): temporary failure
http: fail (2, 504): temporary failure
http: fail (3, 504): temporary failure
http: fail (4, 504): temporary failure
http: fail (5, 504): temporary failure
~
urbit 4.6
boot: home is /state/live/bud
loom: mapped 2048MB
lite: arvo formula 4ce68411
lite: core 641296f
lite: final state 641296f
disk: loaded epoch 0i0
loom: mapped 2048MB
boot: protected loom
live: mapped: MB/222.822.400
boot: installed 2178 jets
vere: checking version compatibility
mesa: forwarding enabled
mdns: init failed, install avahi on this system for mdns support
mesa: live on 31339 (localhost only)
conn: listening on /state/live/bud/.urb/conn.sock
docket: thread cancelled; retrying
%http-request-cancelled
http request was cancelled by the runtime
docket: fetching %http glob for %groups desk
docket: thread cancelled; retrying
%http-request-cancelled
http request was cancelled by the runtime
docket: fetching %http glob for %webterm desk
docket: thread cancelled; retrying
%http-request-cancelled
http request was cancelled by the runtime
docket: fetching %http glob for %landscape desk
ames: unix-duct received on %born
http: web interface live on http://localhost:18083
http: loopback live on http://localhost:12324
pier (90): live
%already-mounted
[[p=~bud q=%base r=[%ud p=0]] s=/]
http: fail (0, 504): temporary failure
http: fail (1, 504): temporary failure
http: fail (2, 504): temporary failure
http: fail (3, 504): temporary failure
http: fail (4, 504): temporary failure
~
urbit 4.6
boot: home is /state/live/bud
loom: mapped 2048MB
lite: arvo formula 4ce68411
lite: core 641296f
lite: final state 641296f
disk: loaded epoch 0i0
loom: mapped 2048MB
boot: protected loom
live: mapped: MB/222.822.400
boot: installed 2178 jets
vere: checking version compatibility
mesa: forwarding enabled
mdns: init failed, install avahi on this system for mdns support
mesa: live on 31339 (localhost only)
conn: listening on /state/live/bud/.urb/conn.sock
docket: thread cancelled; retrying
%http-request-cancelled
http request was cancelled by the runtime
docket: fetching %http glob for %groups desk
docket: thread cancelled; retrying
%http-request-cancelled
http request was cancelled by the runtime
docket: fetching %http glob for %webterm desk
docket: thread cancelled; retrying
%http-request-cancelled
http request was cancelled by the runtime
docket: fetching %http glob for %landscape desk
ames: unix-duct received on %born
http: web interface live on http://localhost:18083
http: loopback live on http://localhost:12324
pier (90): live
%already-mounted
[[p=~bud q=%base r=[%ud p=0]] s=/]
http: fail (0, 504): temporary failure
http: fail (1, 504): temporary failure
http: fail (2, 504): temporary failure
http: fail (3, 504): temporary failure
~
urbit 4.6
boot: home is /state/live/bud
loom: mapped 2048MB
lite: arvo formula 4ce68411
lite: core 641296f
lite: final state 641296f
disk: loaded epoch 0i0
loom: mapped 2048MB
boot: protected loom
live: mapped: MB/222.822.400
boot: installed 2178 jets
vere: checking version compatibility
mesa: forwarding enabled
mdns: init failed, install avahi on this system for mdns support
mesa: live on 31339 (localhost only)
conn: listening on /state/live/bud/.urb/conn.sock
docket: thread cancelled; retrying
%http-request-cancelled
http request was cancelled by the runtime
docket: fetching %http glob for %webterm desk
docket: thread cancelled; retrying
%http-request-cancelled
http request was cancelled by the runtime
docket: fetching %http glob for %groups desk
ames: unix-duct received on %born
http: web interface live on http://localhost:18083
http: loopback live on http://localhost:12324
pier (140): live
%already-mounted
[[p=~bud q=%base r=[%ud p=0]] s=/]
http: fail (0, 504): temporary failure
http: fail (1, 504): temporary failure
http: fail (2, 504): temporary failure
http: fail (3, 504): temporary failure
http: fail (4, 504): temporary failure
http: fail (5, 504): temporary failure
~
urbit 4.6
boot: home is /state/live/bud
loom: mapped 2048MB
lite: arvo formula 4ce68411
lite: core 641296f
lite: final state 641296f
disk: loaded epoch 0i0
loom: mapped 2048MB
boot: protected loom
live: mapped: MB/222.822.400
boot: installed 2178 jets
vere: checking version compatibility
mesa: forwarding enabled
mdns: init failed, install avahi on this system for mdns support
mesa: live on 31339 (localhost only)
conn: listening on /state/live/bud/.urb/conn.sock
docket: thread cancelled; retrying
%http-request-cancelled
http request was cancelled by the runtime
docket: fetching %http glob for %groups desk
docket: thread cancelled; retrying
%http-request-cancelled
http request was cancelled by the runtime
docket: fetching %http glob for %webterm desk
docket: thread cancelled; retrying
%http-request-cancelled
http request was cancelled by the runtime
docket: fetching %http glob for %landscape desk
ames: unix-duct received on %born
http: web interface live on http://localhost:18083
http: loopback live on http://localhost:12324
pier (90): live
http: fail (0, 504): temporary failure
http: fail (1, 504): temporary failure
http: fail (2, 504): temporary failure
http: fail (3, 504): temporary failure
http: fail (4, 504): temporary failure
http: fail (5, 504): temporary failure
http: fail (6, 504): temporary failure
http: fail (7, 504): temporary failure
http: fail (8, 504): temporary failure
http: fail (9, 504): temporary failure
http: fail (10, 504): temporary failure
http: fail (11, 504): temporary failure
http: fail (12, 504): temporary failure
docket: thread failed;
%retry-too-many
http: fail (13, 504): temporary failure
docket: thread failed;
%retry-too-many
http: fail (14, 504): temporary failure
docket: thread failed;
%retry-too-many
~
urbit 4.6
boot: home is /state/live/bud
loom: mapped 2048MB
lite: arvo formula 4ce68411
lite: core 641296f
lite: final state 641296f
disk: loaded epoch 0i0
loom: mapped 2048MB
boot: protected loom
live: mapped: MB/222.822.400
boot: installed 2178 jets
vere: checking version compatibility
mesa: forwarding enabled
mdns: init failed, install avahi on this system for mdns support
mesa: live on 31339 (localhost only)
conn: listening on /state/live/bud/.urb/conn.sock
docket: thread cancelled; retrying
%http-request-cancelled
http request was cancelled by the runtime
docket: fetching %http glob for %groups desk
docket: thread cancelled; retrying
%http-request-cancelled
http request was cancelled by the runtime
docket: fetching %http glob for %webterm desk
docket: thread cancelled; retrying
%http-request-cancelled
http request was cancelled by the runtime
docket: fetching %http glob for %landscape desk
ames: unix-duct received on %born
http: web interface live on http://localhost:18083
http: loopback live on http://localhost:12324
pier (90): live
%already-mounted
[[p=~bud q=%base r=[%ud p=0]] s=/]
http: fail (0, 504): temporary failure
http: fail (1, 504): temporary failure
http: fail (2, 504): temporary failure
http: fail (3, 504): temporary failure
http: fail (4, 504): temporary failure
http: fail (5, 504): temporary failure
~
urbit 4.6
boot: home is /state/live/bud
loom: mapped 2048MB
lite: arvo formula 4ce68411
lite: core 641296f
lite: final state 641296f
disk: loaded epoch 0i0
loom: mapped 2048MB
boot: protected loom
live: mapped: MB/222.822.400
boot: installed 2178 jets
vere: checking version compatibility
mesa: forwarding enabled
mdns: init failed, install avahi on this system for mdns support
mesa: live on 31339 (localhost only)
conn: listening on /state/live/bud/.urb/conn.sock
docket: thread cancelled; retrying
%http-request-cancelled
http request was cancelled by the runtime
docket: fetching %http glob for %groups desk
docket: thread cancelled; retrying
%http-request-cancelled
http request was cancelled by the runtime
docket: fetching %http glob for %webterm desk
docket: thread cancelled; retrying
%http-request-cancelled
http request was cancelled by the runtime
docket: fetching %http glob for %landscape desk
ames: unix-duct received on %born
http: web interface live on http://localhost:18083
http: loopback live on http://localhost:12324
pier (90): live
http: fail (0, 504): temporary failure
http: fail (1, 504): temporary failure
http: fail (2, 504): temporary failure
http: fail (3, 504): temporary failure
http: fail (4, 504): temporary failure
http: fail (5, 504): temporary failure
http: fail (6, 504): temporary failure
http: fail (7, 504): temporary failure
http: fail (8, 504): temporary failure
http: fail (9, 504): temporary failure
http: fail (10, 504): temporary failure
http: fail (11, 504): temporary failure
http: fail (12, 504): temporary failure
docket: thread failed;
%retry-too-many
http: fail (13, 504): temporary failure
docket: thread failed;
%retry-too-many
http: fail (14, 504): temporary failure
docket: thread failed;
%retry-too-many
~
urbit 4.6
boot: home is /state/live/bud
loom: mapped 2048MB
lite: arvo formula 4ce68411
lite: core 641296f
lite: final state 641296f
disk: loaded epoch 0i0
loom: mapped 2048MB
boot: protected loom
live: mapped: MB/222.822.400
boot: installed 2178 jets
vere: checking version compatibility
mesa: forwarding enabled
mdns: init failed, install avahi on this system for mdns support
mesa: live on 31339 (localhost only)
conn: listening on /state/live/bud/.urb/conn.sock
ames: unix-duct received on %born
http: web interface live on http://localhost:18083
http: loopback live on http://localhost:12324
pier (183): live
%already-mounted
[[p=~bud q=%base r=[%ud p=0]] s=/]
~
urbit 4.6
boot: home is /state/live/bud
loom: mapped 2048MB
lite: arvo formula 4ce68411
lite: core 641296f
lite: final state 641296f
disk: loaded epoch 0i0
loom: mapped 2048MB
boot: protected loom
live: mapped: MB/222.822.400
boot: installed 2178 jets
vere: checking version compatibility
mesa: forwarding enabled
mdns: init failed, install avahi on this system for mdns support
mesa: live on 31339 (localhost only)
conn: listening on /state/live/bud/.urb/conn.sock
docket: thread cancelled; retrying
%http-request-cancelled
http request was cancelled by the runtime
docket: fetching %http glob for %groups desk
docket: thread cancelled; retrying
%http-request-cancelled
http request was cancelled by the runtime
docket: fetching %http glob for %webterm desk
docket: thread cancelled; retrying
%http-request-cancelled
http request was cancelled by the runtime
docket: fetching %http glob for %landscape desk
ames: unix-duct received on %born
http: web interface live on http://localhost:18083
http: loopback live on http://localhost:12324
pier (90): live
http: fail (0, 504): temporary failure
http: fail (1, 504): temporary failure
~
urbit 4.6
boot: home is /state/live/bud
loom: mapped 2048MB
lite: arvo formula 4ce68411
lite: core 641296f
lite: final state 641296f
disk: loaded epoch 0i0
loom: mapped 2048MB
boot: protected loom
live: mapped: MB/222.822.400
boot: installed 2178 jets
vere: checking version compatibility
mesa: forwarding enabled
mdns: init failed, install avahi on this system for mdns support
mesa: live on 31339 (localhost only)
conn: listening on /state/live/bud/.urb/conn.sock
docket: thread cancelled; retrying
%http-request-cancelled
http request was cancelled by the runtime
docket: fetching %http glob for %landscape desk
docket: thread cancelled; retrying
%http-request-cancelled
http request was cancelled by the runtime
docket: fetching %http glob for %webterm desk
docket: thread cancelled; retrying
%http-request-cancelled
http request was cancelled by the runtime
docket: fetching %http glob for %groups desk
ames: unix-duct received on %born
http: web interface live on http://localhost:18083
http: loopback live on http://localhost:12324
pier (127): live
%already-mounted
[[p=~bud q=%base r=[%ud p=0]] s=/]
http: fail (0, 504): temporary failure
http: fail (1, 504): temporary failure
http: fail (2, 504): temporary failure
http: fail (3, 504): temporary failure
http: fail (4, 504): temporary failure
http: fail (5, 504): temporary failure
~
urbit 4.6
boot: home is /state/live/bud
loom: mapped 2048MB
lite: arvo formula 4ce68411
lite: core 641296f
lite: final state 641296f
disk: loaded epoch 0i0
loom: mapped 2048MB
boot: protected loom
live: mapped: MB/222.822.400
boot: installed 2178 jets
vere: checking version compatibility
mesa: forwarding enabled
mdns: init failed, install avahi on this system for mdns support
mesa: live on 31339 (localhost only)
conn: listening on /state/live/bud/.urb/conn.sock
docket: thread cancelled; retrying
%http-request-cancelled
http request was cancelled by the runtime
docket: fetching %http glob for %groups desk
docket: thread cancelled; retrying
%http-request-cancelled
http request was cancelled by the runtime
docket: fetching %http glob for %webterm desk
docket: thread cancelled; retrying
%http-request-cancelled
http request was cancelled by the runtime
docket: fetching %http glob for %landscape desk
ames: unix-duct received on %born
http: web interface live on http://localhost:18083
http: loopback live on http://localhost:12324
pier (90): live
http: fail (0, 504): temporary failure
http: fail (1, 504): temporary failure
~
urbit 4.6
boot: home is /state/live/bud
loom: mapped 2048MB
lite: arvo formula 4ce68411
lite: core 641296f
lite: final state 641296f
disk: loaded epoch 0i0
loom: mapped 2048MB
boot: protected loom
live: mapped: MB/222.822.400
boot: installed 2178 jets
vere: checking version compatibility
mesa: forwarding enabled
mdns: init failed, install avahi on this system for mdns support
mesa: live on 31339 (localhost only)
conn: listening on /state/live/bud/.urb/conn.sock
docket: thread cancelled; retrying
%http-request-cancelled
http request was cancelled by the runtime
docket: fetching %http glob for %groups desk
docket: thread cancelled; retrying
%http-request-cancelled
http request was cancelled by the runtime
docket: fetching %http glob for %landscape desk
docket: thread cancelled; retrying
%http-request-cancelled
http request was cancelled by the runtime
docket: fetching %http glob for %webterm desk
ames: unix-duct received on %born
http: web interface live on http://localhost:18083
http: loopback live on http://localhost:12324
pier (128): live
%already-mounted
[[p=~bud q=%base r=[%ud p=0]] s=/]
http: fail (0, 504): temporary failure
http: fail (1, 504): temporary failure
http: fail (2, 504): temporary failure
http: fail (3, 504): temporary failure
http: fail (4, 504): temporary failure
http: fail (5, 504): temporary failure
~
urbit 4.6
boot: home is /state/live/bud
loom: mapped 2048MB
lite: arvo formula 4ce68411
lite: core 641296f
lite: final state 641296f
disk: loaded epoch 0i0
loom: mapped 2048MB
boot: protected loom
live: mapped: MB/222.822.400
boot: installed 2178 jets
vere: checking version compatibility
mesa: forwarding enabled
mdns: init failed, install avahi on this system for mdns support
mesa: live on 31339 (localhost only)
conn: listening on /state/live/bud/.urb/conn.sock
docket: thread cancelled; retrying
%http-request-cancelled
http request was cancelled by the runtime
docket: fetching %http glob for %groups desk
docket: thread cancelled; retrying
%http-request-cancelled
http request was cancelled by the runtime
docket: fetching %http glob for %webterm desk
docket: thread cancelled; retrying
%http-request-cancelled
http request was cancelled by the runtime
docket: fetching %http glob for %landscape desk
ames: unix-duct received on %born
http: web interface live on http://localhost:18083
http: loopback live on http://localhost:12324
pier (90): live
http: fail (0, 504): temporary failure
http: fail (1, 504): temporary failure
http: fail (2, 504): temporary failure
~
urbit 4.6
boot: home is /state/live/bud
loom: mapped 2048MB
lite: arvo formula 4ce68411
lite: core 641296f
lite: final state 641296f
disk: loaded epoch 0i0
loom: mapped 2048MB
boot: protected loom
live: mapped: MB/222.822.400
boot: installed 2178 jets
vere: checking version compatibility
mesa: forwarding enabled
mdns: init failed, install avahi on this system for mdns support
mesa: live on 31339 (localhost only)
conn: listening on /state/live/bud/.urb/conn.sock
docket: thread cancelled; retrying
%http-request-cancelled
http request was cancelled by the runtime
docket: fetching %http glob for %landscape desk
docket: thread cancelled; retrying
%http-request-cancelled
http request was cancelled by the runtime
docket: fetching %http glob for %webterm desk
docket: thread cancelled; retrying
%http-request-cancelled
http request was cancelled by the runtime
docket: fetching %http glob for %groups desk
ames: unix-duct received on %born
http: web interface live on http://localhost:18083
http: loopback live on http://localhost:12324
pier (127): live
%already-mounted
[[p=~bud q=%base r=[%ud p=0]] s=/]
http: fail (0, 504): temporary failure
http: fail (1, 504): temporary failure
http: fail (2, 504): temporary failure
http: fail (3, 504): temporary failure
http: fail (4, 504): temporary failure
http: fail (5, 504): temporary failure
~
urbit 4.6
boot: home is /state/live/bud
loom: mapped 2048MB
lite: arvo formula 4ce68411
lite: core 641296f
lite: final state 641296f
disk: loaded epoch 0i0
loom: mapped 2048MB
boot: protected loom
live: mapped: MB/222.822.400
boot: installed 2178 jets
vere: checking version compatibility
mesa: forwarding enabled
mdns: init failed, install avahi on this system for mdns support
mesa: live on 31339 (localhost only)
conn: listening on /state/live/bud/.urb/conn.sock
docket: thread cancelled; retrying
%http-request-cancelled
http request was cancelled by the runtime
docket: fetching %http glob for %groups desk
docket: thread cancelled; retrying
%http-request-cancelled
http request was cancelled by the runtime
docket: fetching %http glob for %webterm desk
docket: thread cancelled; retrying
%http-request-cancelled
http request was cancelled by the runtime
docket: fetching %http glob for %landscape desk
ames: unix-duct received on %born
http: web interface live on http://localhost:18083
http: loopback live on http://localhost:12324
pier (90): live
http: fail (0, 504): temporary failure
http: fail (1, 504): temporary failure
~
urbit 4.6
boot: home is /state/live/bud
loom: mapped 2048MB
lite: arvo formula 4ce68411
lite: core 641296f
lite: final state 641296f
disk: loaded epoch 0i0
loom: mapped 2048MB
boot: protected loom
live: mapped: MB/222.822.400
boot: installed 2178 jets
vere: checking version compatibility
mesa: forwarding enabled
mdns: init failed, install avahi on this system for mdns support
mesa: live on 31339 (localhost only)
conn: listening on /state/live/bud/.urb/conn.sock
docket: thread cancelled; retrying
%http-request-cancelled
http request was cancelled by the runtime
docket: fetching %http glob for %webterm desk
docket: thread cancelled; retrying
%http-request-cancelled
http request was cancelled by the runtime
docket: fetching %http glob for %landscape desk
docket: thread cancelled; retrying
%http-request-cancelled
http request was cancelled by the runtime
docket: fetching %http glob for %groups desk
ames: unix-duct received on %born
http: web interface live on http://localhost:18083
http: loopback live on http://localhost:12324
pier (127): live
%already-mounted
[[p=~bud q=%base r=[%ud p=0]] s=/]
http: fail (0, 504): temporary failure
http: fail (1, 504): temporary failure
http: fail (2, 504): temporary failure
http: fail (3, 504): temporary failure
http: fail (4, 504): temporary failure
http: fail (5, 504): temporary failure
~
urbit 4.6
boot: home is /state/live/bud
loom: mapped 2048MB
lite: arvo formula 4ce68411
lite: core 641296f
lite: final state 641296f
disk: loaded epoch 0i0
loom: mapped 2048MB
boot: protected loom
live: mapped: MB/222.822.400
boot: installed 2178 jets
vere: checking version compatibility
mesa: forwarding enabled
mdns: init failed, install avahi on this system for mdns support
mesa: live on 31339 (localhost only)
conn: listening on /state/live/bud/.urb/conn.sock
docket: thread cancelled; retrying
%http-request-cancelled
http request was cancelled by the runtime
docket: fetching %http glob for %groups desk
docket: thread cancelled; retrying
%http-request-cancelled
http request was cancelled by the runtime
docket: fetching %http glob for %webterm desk
docket: thread cancelled; retrying
%http-request-cancelled
http request was cancelled by the runtime
docket: fetching %http glob for %landscape desk
ames: unix-duct received on %born
http: web interface live on http://localhost:18083
http: loopback live on http://localhost:12324
pier (90): live
http: fail (0, 504): temporary failure
http: fail (1, 504): temporary failure
~
urbit 4.6
boot: home is /state/live/bud
loom: mapped 2048MB
lite: arvo formula 4ce68411
lite: core 641296f
lite: final state 641296f
disk: loaded epoch 0i0
loom: mapped 2048MB
boot: protected loom
live: mapped: MB/222.822.400
boot: installed 2178 jets
vere: checking version compatibility
mesa: forwarding enabled
mdns: init failed, install avahi on this system for mdns support
mesa: live on 31339 (localhost only)
conn: listening on /state/live/bud/.urb/conn.sock
docket: thread cancelled; retrying
%http-request-cancelled
http request was cancelled by the runtime
docket: fetching %http glob for %webterm desk
docket: thread cancelled; retrying
%http-request-cancelled
http request was cancelled by the runtime
docket: fetching %http glob for %groups desk
docket: thread cancelled; retrying
%http-request-cancelled
http request was cancelled by the runtime
docket: fetching %http glob for %landscape desk
ames: unix-duct received on %born
http: web interface live on http://localhost:18083
http: loopback live on http://localhost:12324
pier (128): live
%already-mounted
[[p=~bud q=%base r=[%ud p=0]] s=/]
http: fail (0, 504): temporary failure
http: fail (1, 504): temporary failure
http: fail (2, 504): temporary failure
http: fail (3, 504): temporary failure
http: fail (4, 504): temporary failure
http: fail (5, 504): temporary failure
~
urbit 4.6
boot: home is /state/live/bud
loom: mapped 2048MB
lite: arvo formula 4ce68411
lite: core 641296f
lite: final state 641296f
disk: loaded epoch 0i0
loom: mapped 2048MB
boot: protected loom
live: mapped: MB/222.822.400
boot: installed 2178 jets
vere: checking version compatibility
mesa: forwarding enabled
mdns: init failed, install avahi on this system for mdns support
mesa: live on 31339 (localhost only)
conn: listening on /state/live/bud/.urb/conn.sock
docket: thread cancelled; retrying
%http-request-cancelled
http request was cancelled by the runtime
docket: fetching %http glob for %groups desk
docket: thread cancelled; retrying
%http-request-cancelled
http request was cancelled by the runtime
docket: fetching %http glob for %webterm desk
docket: thread cancelled; retrying
%http-request-cancelled
http request was cancelled by the runtime
docket: fetching %http glob for %landscape desk
ames: unix-duct received on %born
http: web interface live on http://localhost:18083
http: loopback live on http://localhost:12324
pier (90): live
http: fail (0, 504): temporary failure
http: fail (1, 504): temporary failure
~
urbit 4.6
boot: home is /state/live/bud
loom: mapped 2048MB
lite: arvo formula 4ce68411
lite: core 641296f
lite: final state 641296f
disk: loaded epoch 0i0
loom: mapped 2048MB
boot: protected loom
live: mapped: MB/222.822.400
boot: installed 2178 jets
vere: checking version compatibility
mesa: forwarding enabled
mdns: init failed, install avahi on this system for mdns support
mesa: live on 31339 (localhost only)
conn: listening on /state/live/bud/.urb/conn.sock
docket: thread cancelled; retrying
%http-request-cancelled
http request was cancelled by the runtime
docket: fetching %http glob for %groups desk
docket: thread cancelled; retrying
%http-request-cancelled
http request was cancelled by the runtime
docket: fetching %http glob for %landscape desk
docket: thread cancelled; retrying
%http-request-cancelled
http request was cancelled by the runtime
docket: fetching %http glob for %webterm desk
ames: unix-duct received on %born
http: web interface live on http://localhost:18083
http: loopback live on http://localhost:12324
pier (136): live
%already-mounted
[[p=~bud q=%base r=[%ud p=0]] s=/]
http: fail (0, 504): temporary failure
http: fail (1, 504): temporary failure
http: fail (2, 504): temporary failure
http: fail (3, 504): temporary failure
http: fail (4, 504): temporary failure
http: fail (5, 504): temporary failure
~
urbit 4.6
boot: home is /state/live/bud
loom: mapped 2048MB
lite: arvo formula 4ce68411
lite: core 641296f
lite: final state 641296f
disk: loaded epoch 0i0
loom: mapped 2048MB
boot: protected loom
live: mapped: MB/222.822.400
boot: installed 2178 jets
vere: checking version compatibility
mesa: forwarding enabled
mdns: init failed, install avahi on this system for mdns support
mesa: live on 31339 (localhost only)
conn: listening on /state/live/bud/.urb/conn.sock
docket: thread cancelled; retrying
%http-request-cancelled
http request was cancelled by the runtime
docket: fetching %http glob for %groups desk
docket: thread cancelled; retrying
%http-request-cancelled
http request was cancelled by the runtime
docket: fetching %http glob for %webterm desk
docket: thread cancelled; retrying
%http-request-cancelled
http request was cancelled by the runtime
docket: fetching %http glob for %landscape desk
ames: unix-duct received on %born
http: web interface live on http://localhost:18083
http: loopback live on http://localhost:12324
pier (90): live
http: fail (0, 504): temporary failure
http: fail (1, 504): temporary failure
~
urbit 4.6
boot: home is /state/live/bud
loom: mapped 2048MB
lite: arvo formula 4ce68411
lite: core 641296f
lite: final state 641296f
disk: loaded epoch 0i0
loom: mapped 2048MB
boot: protected loom
live: mapped: MB/222.822.400
boot: installed 2178 jets
vere: checking version compatibility
mesa: forwarding enabled
mdns: init failed, install avahi on this system for mdns support
mesa: live on 31339 (localhost only)
conn: listening on /state/live/bud/.urb/conn.sock
docket: thread cancelled; retrying
%http-request-cancelled
http request was cancelled by the runtime
docket: fetching %http glob for %groups desk
docket: thread cancelled; retrying
%http-request-cancelled
http request was cancelled by the runtime
docket: fetching %http glob for %webterm desk
docket: thread cancelled; retrying
%http-request-cancelled
http request was cancelled by the runtime
docket: fetching %http glob for %landscape desk
ames: unix-duct received on %born
http: web interface live on http://localhost:18083
http: loopback live on http://localhost:12324
pier (127): live
%already-mounted
[[p=~bud q=%base r=[%ud p=0]] s=/]
http: fail (0, 504): temporary failure
http: fail (1, 504): temporary failure
http: fail (2, 504): temporary failure
http: fail (3, 504): temporary failure
http: fail (4, 504): temporary failure
http: fail (5, 504): temporary failure
~
urbit 4.6
boot: home is /state/live/bud
loom: mapped 2048MB
lite: arvo formula 4ce68411
lite: core 641296f
lite: final state 641296f
disk: loaded epoch 0i0
loom: mapped 2048MB
boot: protected loom
live: mapped: MB/222.822.400
boot: installed 2178 jets
vere: checking version compatibility
mesa: forwarding enabled
mdns: init failed, install avahi on this system for mdns support
mesa: live on 31339 (localhost only)
conn: listening on /state/live/bud/.urb/conn.sock
docket: thread cancelled; retrying
%http-request-cancelled
http request was cancelled by the runtime
docket: fetching %http glob for %groups desk
docket: thread cancelled; retrying
%http-request-cancelled
http request was cancelled by the runtime
docket: fetching %http glob for %webterm desk
docket: thread cancelled; retrying
%http-request-cancelled
http request was cancelled by the runtime
docket: fetching %http glob for %landscape desk
ames: unix-duct received on %born
http: web interface live on http://localhost:18083
http: loopback live on http://localhost:12324
pier (90): live
http: fail (0, 504): temporary failure
http: fail (1, 504): temporary failure
~
urbit 4.6
boot: home is /state/live/bud
loom: mapped 2048MB
lite: arvo formula 4ce68411
lite: core 641296f
lite: final state 641296f
disk: loaded epoch 0i0
loom: mapped 2048MB
boot: protected loom
live: mapped: MB/222.822.400
boot: installed 2178 jets
vere: checking version compatibility
mesa: forwarding enabled
mdns: init failed, install avahi on this system for mdns support
mesa: live on 31339 (localhost only)
conn: listening on /state/live/bud/.urb/conn.sock
docket: thread cancelled; retrying
%http-request-cancelled
http request was cancelled by the runtime
docket: fetching %http glob for %landscape desk
docket: thread cancelled; retrying
%http-request-cancelled
http request was cancelled by the runtime
docket: fetching %http glob for %groups desk
docket: thread cancelled; retrying
%http-request-cancelled
http request was cancelled by the runtime
docket: fetching %http glob for %webterm desk
ames: unix-duct received on %born
http: web interface live on http://localhost:18083
http: loopback live on http://localhost:12324
pier (128): live
%already-mounted
[[p=~bud q=%base r=[%ud p=0]] s=/]
http: fail (0, 504): temporary failure
http: fail (1, 504): temporary failure
http: fail (2, 504): temporary failure
http: fail (3, 504): temporary failure
http: fail (4, 504): temporary failure
http: fail (5, 504): temporary failure
~
urbit 4.6
boot: home is /state/live/bud
loom: mapped 2048MB
lite: arvo formula 4ce68411
lite: core 641296f
lite: final state 641296f
disk: loaded epoch 0i0
loom: mapped 2048MB
boot: protected loom
live: mapped: MB/222.822.400
boot: installed 2178 jets
vere: checking version compatibility
mesa: forwarding enabled
mdns: init failed, install avahi on this system for mdns support
mesa: live on 31339 (localhost only)
conn: listening on /state/live/bud/.urb/conn.sock
docket: thread cancelled; retrying
%http-request-cancelled
http request was cancelled by the runtime
docket: fetching %http glob for %groups desk
docket: thread cancelled; retrying
%http-request-cancelled
http request was cancelled by the runtime
docket: fetching %http glob for %webterm desk
docket: thread cancelled; retrying
%http-request-cancelled
http request was cancelled by the runtime
docket: fetching %http glob for %landscape desk
ames: unix-duct received on %born
http: web interface live on http://localhost:18083
http: loopback live on http://localhost:12324
pier (90): live
http: fail (0, 504): temporary failure
http: fail (1, 504): temporary failure
~
urbit 4.6
boot: home is /state/live/bud
loom: mapped 2048MB
lite: arvo formula 4ce68411
lite: core 641296f
lite: final state 641296f
disk: loaded epoch 0i0
loom: mapped 2048MB
boot: protected loom
live: mapped: MB/222.822.400
boot: installed 2178 jets
vere: checking version compatibility
mesa: forwarding enabled
mdns: init failed, install avahi on this system for mdns support
mesa: live on 31339 (localhost only)
conn: listening on /state/live/bud/.urb/conn.sock
docket: thread cancelled; retrying
%http-request-cancelled
http request was cancelled by the runtime
docket: fetching %http glob for %landscape desk
docket: thread cancelled; retrying
%http-request-cancelled
http request was cancelled by the runtime
docket: fetching %http glob for %webterm desk
docket: thread cancelled; retrying
%http-request-cancelled
http request was cancelled by the runtime
docket: fetching %http glob for %groups desk
ames: unix-duct received on %born
http: web interface live on http://localhost:18083
http: loopback live on http://localhost:12324
pier (128): live
%already-mounted
[[p=~bud q=%base r=[%ud p=0]] s=/]
http: fail (0, 504): temporary failure
http: fail (1, 504): temporary failure
http: fail (2, 504): temporary failure
http: fail (3, 504): temporary failure
http: fail (4, 504): temporary failure
http: fail (5, 504): temporary failure
~
urbit 4.6
boot: home is /state/live/bud
loom: mapped 2048MB
lite: arvo formula 4ce68411
lite: core 641296f
lite: final state 641296f
disk: loaded epoch 0i0
loom: mapped 2048MB
boot: protected loom
live: mapped: MB/222.822.400
boot: installed 2178 jets
vere: checking version compatibility
mesa: forwarding enabled
mdns: init failed, install avahi on this system for mdns support
mesa: live on 31339 (localhost only)
conn: listening on /state/live/bud/.urb/conn.sock
docket: thread cancelled; retrying
%http-request-cancelled
http request was cancelled by the runtime
docket: fetching %http glob for %groups desk
docket: thread cancelled; retrying
%http-request-cancelled
http request was cancelled by the runtime
docket: fetching %http glob for %webterm desk
docket: thread cancelled; retrying
%http-request-cancelled
http request was cancelled by the runtime
docket: fetching %http glob for %landscape desk
ames: unix-duct received on %born
http: web interface live on http://localhost:18083
http: loopback live on http://localhost:12324
pier (90): live
~
urbit 4.6
boot: home is /state/live/bud
loom: mapped 2048MB
lite: arvo formula 4ce68411
lite: core 641296f
lite: final state 641296f
disk: loaded epoch 0i0
loom: mapped 2048MB
boot: protected loom
live: mapped: MB/222.822.400
boot: installed 2178 jets
vere: checking version compatibility
mesa: forwarding enabled
mdns: init failed, install avahi on this system for mdns support
mesa: live on 31339 (localhost only)
conn: listening on /state/live/bud/.urb/conn.sock
docket: thread cancelled; retrying
%http-request-cancelled
http request was cancelled by the runtime
docket: fetching %http glob for %landscape desk
docket: thread cancelled; retrying
%http-request-cancelled
http request was cancelled by the runtime
docket: fetching %http glob for %webterm desk
docket: thread cancelled; retrying
%http-request-cancelled
http request was cancelled by the runtime
docket: fetching %http glob for %groups desk
ames: unix-duct received on %born
http: web interface live on http://localhost:18083
http: loopback live on http://localhost:12324
pier (123): live
%already-mounted
[[p=~bud q=%base r=[%ud p=0]] s=/]
http: fail (0, 504): temporary failure
http: fail (1, 504): temporary failure
http: fail (2, 504): temporary failure
http: fail (3, 504): temporary failure
http: fail (4, 504): temporary failure
http: fail (5, 504): temporary failure
~
urbit 4.6
boot: home is /state/live/bud
loom: mapped 2048MB
lite: arvo formula 4ce68411
lite: core 641296f
lite: final state 641296f
disk: loaded epoch 0i0
loom: mapped 2048MB
boot: protected loom
live: mapped: MB/222.822.400
boot: installed 2178 jets
vere: checking version compatibility
mesa: forwarding enabled
mdns: init failed, install avahi on this system for mdns support
mesa: live on 31339 (localhost only)
conn: listening on /state/live/bud/.urb/conn.sock
docket: thread cancelled; retrying
%http-request-cancelled
http request was cancelled by the runtime
docket: fetching %http glob for %groups desk
docket: thread cancelled; retrying
%http-request-cancelled
http request was cancelled by the runtime
docket: fetching %http glob for %webterm desk
docket: thread cancelled; retrying
%http-request-cancelled
http request was cancelled by the runtime
docket: fetching %http glob for %landscape desk
ames: unix-duct received on %born
http: web interface live on http://localhost:18083
http: loopback live on http://localhost:12324
pier (90): live
http: fail (0, 504): temporary failure
http: fail (1, 504): temporary failure
http: fail (2, 504): temporary failure
~
urbit 4.6
boot: home is /state/live/bud
loom: mapped 2048MB
lite: arvo formula 4ce68411
lite: core 641296f
lite: final state 641296f
disk: loaded epoch 0i0
loom: mapped 2048MB
boot: protected loom
live: mapped: MB/222.822.400
boot: installed 2178 jets
vere: checking version compatibility
mesa: forwarding enabled
mdns: init failed, install avahi on this system for mdns support
mesa: live on 31339 (localhost only)
conn: listening on /state/live/bud/.urb/conn.sock
docket: thread cancelled; retrying
%http-request-cancelled
http request was cancelled by the runtime
docket: fetching %http glob for %landscape desk
docket: thread cancelled; retrying
%http-request-cancelled
http request was cancelled by the runtime
docket: fetching %http glob for %webterm desk
docket: thread cancelled; retrying
%http-request-cancelled
http request was cancelled by the runtime
docket: fetching %http glob for %groups desk
ames: unix-duct received on %born
http: web interface live on http://localhost:18083
http: loopback live on http://localhost:12324
pier (139): live
%already-mounted
[[p=~bud q=%base r=[%ud p=0]] s=/]
http: fail (0, 504): temporary failure
http: fail (1, 504): temporary failure
http: fail (2, 504): temporary failure
http: fail (3, 504): temporary failure
http: fail (4, 504): temporary failure
http: fail (5, 504): temporary failure
~
urbit 4.6
boot: home is /state/live/bud
loom: mapped 2048MB
lite: arvo formula 4ce68411
lite: core 641296f
lite: final state 641296f
disk: loaded epoch 0i0
loom: mapped 2048MB
boot: protected loom
live: mapped: MB/222.822.400
boot: installed 2178 jets
vere: checking version compatibility
mesa: forwarding enabled
mdns: init failed, install avahi on this system for mdns support
mesa: live on 31339 (localhost only)
conn: listening on /state/live/bud/.urb/conn.sock
docket: thread cancelled; retrying
%http-request-cancelled
http request was cancelled by the runtime
docket: fetching %http glob for %groups desk
docket: thread cancelled; retrying
%http-request-cancelled
http request was cancelled by the runtime
docket: fetching %http glob for %webterm desk
docket: thread cancelled; retrying
%http-request-cancelled
http request was cancelled by the runtime
docket: fetching %http glob for %landscape desk
ames: unix-duct received on %born
http: web interface live on http://localhost:18083
http: loopback live on http://localhost:12324
pier (90): live
http: fail (0, 504): temporary failure
http: fail (1, 504): temporary failure
~
urbit 4.6
boot: home is /state/live/bud
loom: mapped 2048MB
lite: arvo formula 4ce68411
lite: core 641296f
lite: final state 641296f
disk: loaded epoch 0i0
loom: mapped 2048MB
boot: protected loom
live: mapped: MB/222.822.400
boot: installed 2178 jets
vere: checking version compatibility
mesa: forwarding enabled
mdns: init failed, install avahi on this system for mdns support
mesa: live on 31339 (localhost only)
conn: listening on /state/live/bud/.urb/conn.sock
docket: thread cancelled; retrying
%http-request-cancelled
http request was cancelled by the runtime
docket: fetching %http glob for %webterm desk
docket: thread cancelled; retrying
%http-request-cancelled
http request was cancelled by the runtime
docket: fetching %http glob for %landscape desk
docket: thread cancelled; retrying
%http-request-cancelled
http request was cancelled by the runtime
docket: fetching %http glob for %groups desk
ames: unix-duct received on %born
http: web interface live on http://localhost:18083
http: loopback live on http://localhost:12324
pier (123): live
%already-mounted
[[p=~bud q=%base r=[%ud p=0]] s=/]
http: fail (0, 504): temporary failure
http: fail (1, 504): temporary failure
http: fail (2, 504): temporary failure
http: fail (3, 504): temporary failure
http: fail (4, 504): temporary failure
http: fail (5, 504): temporary failure
~
urbit 4.6
boot: home is /state/live/bud
loom: mapped 2048MB
lite: arvo formula 4ce68411
lite: core 641296f
lite: final state 641296f
disk: loaded epoch 0i0
loom: mapped 2048MB
boot: protected loom
live: mapped: MB/222.822.400
boot: installed 2178 jets
vere: checking version compatibility
mesa: forwarding enabled
mdns: init failed, install avahi on this system for mdns support
mesa: live on 31339 (localhost only)
conn: listening on /state/live/bud/.urb/conn.sock
docket: thread cancelled; retrying
%http-request-cancelled
http request was cancelled by the runtime
docket: fetching %http glob for %groups desk
docket: thread cancelled; retrying
%http-request-cancelled
http request was cancelled by the runtime
docket: fetching %http glob for %webterm desk
docket: thread cancelled; retrying
%http-request-cancelled
http request was cancelled by the runtime
docket: fetching %http glob for %landscape desk
ames: unix-duct received on %born
http: web interface live on http://localhost:18083
http: loopback live on http://localhost:12324
pier (90): live
http: fail (0, 504): temporary failure
http: fail (1, 504): temporary failure
~
urbit 4.6
boot: home is /state/live/bud
loom: mapped 2048MB
lite: arvo formula 4ce68411
lite: core 641296f
lite: final state 641296f
disk: loaded epoch 0i0
loom: mapped 2048MB
boot: protected loom
live: mapped: MB/222.822.400
boot: installed 2178 jets
vere: checking version compatibility
mesa: forwarding enabled
mdns: init failed, install avahi on this system for mdns support
mesa: live on 31339 (localhost only)
conn: listening on /state/live/bud/.urb/conn.sock
docket: thread cancelled; retrying
%http-request-cancelled
http request was cancelled by the runtime
docket: fetching %http glob for %landscape desk
docket: thread cancelled; retrying
%http-request-cancelled
http request was cancelled by the runtime
docket: fetching %http glob for %groups desk
docket: thread cancelled; retrying
%http-request-cancelled
http request was cancelled by the runtime
docket: fetching %http glob for %webterm desk
ames: unix-duct received on %born
http: web interface live on http://localhost:18083
http: loopback live on http://localhost:12324
pier (127): live
%already-mounted
[[p=~bud q=%base r=[%ud p=0]] s=/]
http: fail (0, 504): temporary failure
http: fail (1, 504): temporary failure
http: fail (2, 504): temporary failure
http: fail (3, 504): temporary failure
http: fail (4, 504): temporary failure
http: fail (5, 504): temporary failure
~
urbit 4.6
boot: home is /state/live/bud
loom: mapped 2048MB
lite: arvo formula 4ce68411
lite: core 641296f
lite: final state 641296f
disk: loaded epoch 0i0
loom: mapped 2048MB
boot: protected loom
live: mapped: MB/222.822.400
boot: installed 2178 jets
vere: checking version compatibility
mesa: forwarding enabled
mdns: init failed, install avahi on this system for mdns support
mesa: live on 31339 (localhost only)
conn: listening on /state/live/bud/.urb/conn.sock
docket: thread cancelled; retrying
%http-request-cancelled
http request was cancelled by the runtime
docket: fetching %http glob for %groups desk
docket: thread cancelled; retrying
%http-request-cancelled
http request was cancelled by the runtime
docket: fetching %http glob for %webterm desk
docket: thread cancelled; retrying
%http-request-cancelled
http request was cancelled by the runtime
docket: fetching %http glob for %landscape desk
ames: unix-duct received on %born
http: web interface live on http://localhost:18083
http: loopback live on http://localhost:12324
pier (90): live
http: fail (0, 504): temporary failure
http: fail (1, 504): temporary failure
http: fail (2, 504): temporary failure
http: fail (3, 504): temporary failure
http: fail (4, 504): temporary failure
http: fail (5, 504): temporary failure
http: fail (6, 504): temporary failure
http: fail (7, 504): temporary failure
http: fail (8, 504): temporary failure
http: fail (9, 504): temporary failure
http: fail (10, 504): temporary failure
http: fail (11, 504): temporary failure
http: fail (12, 504): temporary failure
docket: thread failed;
%retry-too-many
http: fail (13, 504): temporary failure
docket: thread failed;
%retry-too-many
http: fail (14, 504): temporary failure
docket: thread failed;
%retry-too-many
~
urbit 4.6
boot: home is /state/live/bud
loom: mapped 2048MB
lite: arvo formula 4ce68411
lite: core 641296f
lite: final state 641296f
disk: loaded epoch 0i0
loom: mapped 2048MB
boot: protected loom
live: mapped: MB/222.822.400
boot: installed 2178 jets
vere: checking version compatibility
mesa: forwarding enabled
mdns: init failed, install avahi on this system for mdns support
mesa: live on 31339 (localhost only)
conn: listening on /state/live/bud/.urb/conn.sock
ames: unix-duct received on %born
http: web interface live on http://localhost:18083
http: loopback live on http://localhost:12324
pier (181): live
%already-mounted
[[p=~bud q=%base r=[%ud p=0]] s=/]
~
urbit 4.6
boot: home is /state/live/bud
loom: mapped 2048MB
lite: arvo formula 4ce68411
lite: core 641296f
lite: final state 641296f
disk: loaded epoch 0i0
loom: mapped 2048MB
boot: protected loom
live: mapped: MB/222.822.400
boot: installed 2178 jets
vere: checking version compatibility
mesa: forwarding enabled
mdns: init failed, install avahi on this system for mdns support
mesa: live on 31339 (localhost only)
conn: listening on /state/live/bud/.urb/conn.sock
docket: thread cancelled; retrying
%http-request-cancelled
http request was cancelled by the runtime
docket: fetching %http glob for %groups desk
docket: thread cancelled; retrying
%http-request-cancelled
http request was cancelled by the runtime
docket: fetching %http glob for %webterm desk
docket: thread cancelled; retrying
%http-request-cancelled
http request was cancelled by the runtime
docket: fetching %http glob for %landscape desk
ames: unix-duct received on %born
http: web interface live on http://localhost:18083
http: loopback live on http://localhost:12324
pier (90): live
http: fail (0, 504): temporary failure
http: fail (1, 504): temporary failure
http: fail (2, 504): temporary failure
http: fail (3, 504): temporary failure
http: fail (4, 504): temporary failure
http: fail (5, 504): temporary failure
http: fail (6, 504): temporary failure
http: fail (7, 504): temporary failure
http: fail (8, 504): temporary failure
http: fail (9, 504): temporary failure
http: fail (10, 504): temporary failure
http: fail (11, 504): temporary failure
http: fail (12, 504): temporary failure
docket: thread failed;
%retry-too-many
http: fail (13, 504): temporary failure
docket: thread failed;
%retry-too-many
http: fail (14, 504): temporary failure
docket: thread failed;
%retry-too-many
~
urbit 4.6
boot: home is /state/live/bud
loom: mapped 2048MB
lite: arvo formula 4ce68411
lite: core 641296f
lite: final state 641296f
disk: loaded epoch 0i0
loom: mapped 2048MB
boot: protected loom
live: mapped: MB/222.822.400
boot: installed 2178 jets
vere: checking version compatibility
mesa: forwarding enabled
mdns: init failed, install avahi on this system for mdns support
mesa: live on 31339 (localhost only)
conn: listening on /state/live/bud/.urb/conn.sock
ames: unix-duct received on %born
http: web interface live on http://localhost:18083
http: loopback live on http://localhost:12324
pier (185): live
%already-mounted
[[p=~bud q=%base r=[%ud p=0]] s=/]
~
urbit 4.6
boot: home is /state/live/bud
loom: mapped 2048MB
lite: arvo formula 4ce68411
lite: core 641296f
lite: final state 641296f
disk: loaded epoch 0i0
loom: mapped 2048MB
boot: protected loom
live: mapped: MB/222.822.400
boot: installed 2178 jets
vere: checking version compatibility
mesa: forwarding enabled
mdns: init failed, install avahi on this system for mdns support
mesa: live on 31339 (localhost only)
conn: listening on /state/live/bud/.urb/conn.sock
docket: thread cancelled; retrying
%http-request-cancelled
http request was cancelled by the runtime
docket: fetching %http glob for %groups desk
docket: thread cancelled; retrying
%http-request-cancelled
http request was cancelled by the runtime
docket: fetching %http glob for %webterm desk
docket: thread cancelled; retrying
%http-request-cancelled
http request was cancelled by the runtime
docket: fetching %http glob for %landscape desk
ames: unix-duct received on %born
http: web interface live on http://localhost:18083
http: loopback live on http://localhost:12324
pier (90): live
http: fail (0, 504): temporary failure
http: fail (1, 504): temporary failure
http: fail (2, 504): temporary failure
http: fail (3, 504): temporary failure
http: fail (4, 504): temporary failure
http: fail (5, 504): temporary failure
http: fail (6, 504): temporary failure
http: fail (7, 504): temporary failure
http: fail (8, 504): temporary failure
http: fail (9, 504): temporary failure
http: fail (10, 504): temporary failure
http: fail (11, 504): temporary failure
http: fail (12, 504): temporary failure
docket: thread failed;
%retry-too-many
http: fail (13, 504): temporary failure
docket: thread failed;
%retry-too-many
http: fail (14, 504): temporary failure
docket: thread failed;
%retry-too-many
gall: installing %stead-observer
spider got sign for non-existent ~.khan-fyrd--0v1.69lnu.j287m.lek9g.1k16i.r7g0j
spider got sign for non-existent ~.khan-fyrd--0v5ghi7.457vj.64epj.fkjhd.euso2
spider got sign for non-existent ~.khan-fyrd--0v3.p1ag3.j2030.p6jgr.25iiq.5icjk
spider got sign for non-existent ~.khan-fyrd--0v3.1jmlb.ucgov.pknqe.h2sp3.equ3p
spider got sign for non-existent ~.khan-fyrd--0v5.v6u8s.shsvu.0uoqv.0aies.2d27l
spider got sign for non-existent ~.khan-fyrd--0v4.ubqlp.5q3kp.t4ddb.1t1gi.rek94
spider got sign for non-existent ~.khan-fyrd--0v1.6e44q.j4hli.8pcnc.vimml.11j1u
spider got sign for non-existent ~.khan-fyrd--0v5.aet91.h3s50.mot9i.d54sk.71nq5
spider got sign for non-existent ~.khan-fyrd--0v4.hj176.f01vh.udcmc.i14fg.9icli
spider got sign for non-existent ~.khan-fyrd--0v4.sca96.mn6n2.2torf.fomff.447ml
spider got sign for non-existent ~.khan-fyrd--0va5q0v.6lbpe.0qrvg.v81kc.m3igb
spider got sign for non-existent ~.khan-fyrd--0v5ffdk.khekg.in5l6.m4e3q.q2qhn
spider got sign for non-existent ~.khan-fyrd--0v6.f8r3p.7rbv6.l51ev.ceiln.kmib6
spider got sign for non-existent ~.khan-fyrd--0v7.qjvi9.8n6d6.spdvb.iecom.gj96m
~
urbit 4.6
boot: home is /state/live/bud
loom: mapped 2048MB
lite: arvo formula 4ce68411
lite: core 641296f
lite: final state 641296f
disk: loaded epoch 0i0
loom: mapped 2048MB
boot: protected loom
live: mapped: MB/222.822.400
boot: installed 2178 jets
vere: checking version compatibility
mesa: forwarding enabled
mdns: init failed, install avahi on this system for mdns support
mesa: live on 31339 (localhost only)
conn: listening on /state/live/bud/.urb/conn.sock
docket: thread cancelled; retrying
%http-request-cancelled
http request was cancelled by the runtime
docket: fetching %http glob for %groups desk
docket: thread cancelled; retrying
%http-request-cancelled
http request was cancelled by the runtime
docket: fetching %http glob for %webterm desk
docket: thread cancelled; retrying
%http-request-cancelled
http request was cancelled by the runtime
docket: fetching %http glob for %landscape desk
ames: unix-duct received on %born
http: web interface live on http://localhost:18083
http: loopback live on http://localhost:12324
pier (90): live
%already-mounted
[[p=~bud q=%base r=[%ud p=0]] s=/]
http: fail (0, 504): temporary failure
http: fail (1, 504): temporary failure
http: fail (2, 504): temporary failure
http: fail (3, 504): temporary failure
http: fail (4, 504): temporary failure
http: fail (5, 504): temporary failure
~
urbit 4.6
boot: home is /state/live/bud
loom: mapped 2048MB
lite: arvo formula 4ce68411
lite: core 641296f
lite: final state 641296f
disk: loaded epoch 0i0
loom: mapped 2048MB
boot: protected loom
live: mapped: MB/222.822.400
boot: installed 2178 jets
vere: checking version compatibility
mesa: forwarding enabled
mdns: init failed, install avahi on this system for mdns support
mesa: live on 31339 (localhost only)
conn: listening on /state/live/bud/.urb/conn.sock
docket: thread cancelled; retrying
%http-request-cancelled
http request was cancelled by the runtime
docket: fetching %http glob for %groups desk
docket: thread cancelled; retrying
%http-request-cancelled
http request was cancelled by the runtime
docket: fetching %http glob for %webterm desk
docket: thread cancelled; retrying
%http-request-cancelled
http request was cancelled by the runtime
docket: fetching %http glob for %landscape desk
ames: unix-duct received on %born
http: web interface live on http://localhost:18083
http: loopback live on http://localhost:12324
pier (90): live
http: fail (0, 504): temporary failure
http: fail (1, 504): temporary failure
http: fail (2, 504): temporary failure
http: fail (3, 504): temporary failure
http: fail (4, 504): temporary failure
http: fail (5, 504): temporary failure
http: fail (6, 504): temporary failure
http: fail (7, 504): temporary failure
http: fail (8, 504): temporary failure
http: fail (9, 504): temporary failure
http: fail (10, 504): temporary failure
http: fail (11, 504): temporary failure
http: fail (12, 504): temporary failure
docket: thread failed;
%retry-too-many
http: fail (13, 504): temporary failure
docket: thread failed;
%retry-too-many
http: fail (14, 504): temporary failure
docket: thread failed;
%retry-too-many
~
urbit 4.6
boot: home is /state/live/bud
loom: mapped 2048MB
lite: arvo formula 4ce68411
lite: core 641296f
lite: final state 641296f
disk: loaded epoch 0i0
loom: mapped 2048MB
boot: protected loom
live: mapped: MB/222.822.400
boot: installed 2178 jets
vere: checking version compatibility
mesa: forwarding enabled
mdns: init failed, install avahi on this system for mdns support
mesa: live on 31339 (localhost only)
conn: listening on /state/live/bud/.urb/conn.sock
ames: unix-duct received on %born
http: web interface live on http://localhost:18083
http: loopback live on http://localhost:12324
pier (183): live
%already-mounted
[[p=~bud q=%base r=[%ud p=0]] s=/]
~
urbit 4.6
boot: home is /state/live/bud
loom: mapped 2048MB
lite: arvo formula 4ce68411
lite: core 641296f
lite: final state 641296f
disk: loaded epoch 0i0
loom: mapped 2048MB
boot: protected loom
live: mapped: MB/222.822.400
boot: installed 2178 jets
vere: checking version compatibility
mesa: forwarding enabled
mdns: init failed, install avahi on this system for mdns support
mesa: live on 31339 (localhost only)
conn: listening on /state/live/bud/.urb/conn.sock
docket: thread cancelled; retrying
%http-request-cancelled
http request was cancelled by the runtime
docket: fetching %http glob for %groups desk
docket: thread cancelled; retrying
%http-request-cancelled
http request was cancelled by the runtime
docket: fetching %http glob for %webterm desk
docket: thread cancelled; retrying
%http-request-cancelled
http request was cancelled by the runtime
docket: fetching %http glob for %landscape desk
ames: unix-duct received on %born
http: web interface live on http://localhost:18083
http: loopback live on http://localhost:12324
pier (90): live
http: fail (0, 504): temporary failure
http: fail (1, 504): temporary failure
http: fail (2, 504): temporary failure
http: fail (3, 504): temporary failure
http: fail (4, 504): temporary failure
http: fail (5, 504): temporary failure
http: fail (6, 504): temporary failure
http: fail (7, 504): temporary failure
~
urbit 4.6
boot: home is /state/live/bud
loom: mapped 2048MB
lite: arvo formula 4ce68411
lite: core 641296f
lite: final state 641296f
disk: loaded epoch 0i0
loom: mapped 2048MB
boot: protected loom
live: mapped: MB/222.822.400
boot: installed 2178 jets
vere: checking version compatibility
mesa: forwarding enabled
mdns: init failed, install avahi on this system for mdns support
mesa: live on 31339 (localhost only)
conn: listening on /state/live/bud/.urb/conn.sock
docket: thread cancelled; retrying
%http-request-cancelled
http request was cancelled by the runtime
docket: fetching %http glob for %webterm desk
docket: thread cancelled; retrying
%http-request-cancelled
http request was cancelled by the runtime
docket: fetching %http glob for %landscape desk
ames: unix-duct received on %born
http: web interface live on http://localhost:18083
http: loopback live on http://localhost:12324
pier (147): live
%already-mounted
[[p=~bud q=%base r=[%ud p=0]] s=/]
http: fail (0, 504): temporary failure
http: fail (1, 504): temporary failure
http: fail (2, 504): temporary failure
http: fail (3, 504): temporary failure
http: fail (4, 504): temporary failure
~
urbit 4.6
boot: home is /state/live/bud
loom: mapped 2048MB
lite: arvo formula 4ce68411
lite: core 641296f
lite: final state 641296f
disk: loaded epoch 0i0
loom: mapped 2048MB
boot: protected loom
live: mapped: MB/222.822.400
boot: installed 2178 jets
vere: checking version compatibility
mesa: forwarding enabled
mdns: init failed, install avahi on this system for mdns support
mesa: live on 31339 (localhost only)
conn: listening on /state/live/bud/.urb/conn.sock
docket: thread cancelled; retrying
%http-request-cancelled
http request was cancelled by the runtime
docket: fetching %http glob for %groups desk
docket: thread cancelled; retrying
%http-request-cancelled
http request was cancelled by the runtime
docket: fetching %http glob for %webterm desk
docket: thread cancelled; retrying
%http-request-cancelled
http request was cancelled by the runtime
docket: fetching %http glob for %landscape desk
ames: unix-duct received on %born
http: web interface live on http://localhost:18083
http: loopback live on http://localhost:12324
pier (90): live
http: fail (0, 504): temporary failure
http: fail (1, 504): temporary failure
~
urbit 4.6
boot: home is /state/live/bud
loom: mapped 2048MB
lite: arvo formula 4ce68411
lite: core 641296f
lite: final state 641296f
disk: loaded epoch 0i0
loom: mapped 2048MB
boot: protected loom
live: mapped: MB/222.822.400
boot: installed 2178 jets
vere: checking version compatibility
mesa: forwarding enabled
mdns: init failed, install avahi on this system for mdns support
mesa: live on 31339 (localhost only)
conn: listening on /state/live/bud/.urb/conn.sock
docket: thread cancelled; retrying
%http-request-cancelled
http request was cancelled by the runtime
docket: fetching %http glob for %groups desk
docket: thread cancelled; retrying
%http-request-cancelled
http request was cancelled by the runtime
docket: fetching %http glob for %landscape desk
docket: thread cancelled; retrying
%http-request-cancelled
http request was cancelled by the runtime
docket: fetching %http glob for %webterm desk
ames: unix-duct received on %born
http: web interface live on http://localhost:18083
http: loopback live on http://localhost:12324
pier (127): live
%already-mounted
[[p=~bud q=%base r=[%ud p=0]] s=/]
http: fail (0, 504): temporary failure
http: fail (1, 504): temporary failure
http: fail (2, 504): temporary failure
http: fail (3, 504): temporary failure
http: fail (4, 504): temporary failure
http: fail (5, 504): temporary failure
~
urbit 4.6
boot: home is /state/live/bud
loom: mapped 2048MB
lite: arvo formula 4ce68411
lite: core 641296f
lite: final state 641296f
disk: loaded epoch 0i0
loom: mapped 2048MB
boot: protected loom
live: mapped: MB/222.822.400
boot: installed 2178 jets
vere: checking version compatibility
mesa: forwarding enabled
mdns: init failed, install avahi on this system for mdns support
mesa: live on 31339 (localhost only)
conn: listening on /state/live/bud/.urb/conn.sock
docket: thread cancelled; retrying
%http-request-cancelled
http request was cancelled by the runtime
docket: fetching %http glob for %groups desk
docket: thread cancelled; retrying
%http-request-cancelled
http request was cancelled by the runtime
docket: fetching %http glob for %webterm desk
docket: thread cancelled; retrying
%http-request-cancelled
http request was cancelled by the runtime
docket: fetching %http glob for %landscape desk
ames: unix-duct received on %born
http: web interface live on http://localhost:18083
http: loopback live on http://localhost:12324
pier (90): live
http: fail (0, 504): temporary failure
http: fail (1, 504): temporary failure
~
urbit 4.6
boot: home is /state/live/bud
loom: mapped 2048MB
lite: arvo formula 4ce68411
lite: core 641296f
lite: final state 641296f
disk: loaded epoch 0i0
loom: mapped 2048MB
boot: protected loom
live: mapped: MB/222.822.400
boot: installed 2178 jets
vere: checking version compatibility
mesa: forwarding enabled
mdns: init failed, install avahi on this system for mdns support
mesa: live on 31339 (localhost only)
conn: listening on /state/live/bud/.urb/conn.sock
docket: thread cancelled; retrying
%http-request-cancelled
http request was cancelled by the runtime
docket: fetching %http glob for %groups desk
docket: thread cancelled; retrying
%http-request-cancelled
http request was cancelled by the runtime
docket: fetching %http glob for %webterm desk
docket: thread cancelled; retrying
%http-request-cancelled
http request was cancelled by the runtime
docket: fetching %http glob for %landscape desk
ames: unix-duct received on %born
http: web interface live on http://localhost:18083
http: loopback live on http://localhost:12324
pier (130): live
%already-mounted
[[p=~bud q=%base r=[%ud p=0]] s=/]
http: fail (0, 504): temporary failure
http: fail (1, 504): temporary failure
http: fail (2, 504): temporary failure
http: fail (3, 504): temporary failure
http: fail (4, 504): temporary failure
http: fail (5, 504): temporary failure
~
urbit 4.6
boot: home is /state/live/bud
loom: mapped 2048MB
lite: arvo formula 4ce68411
lite: core 641296f
lite: final state 641296f
disk: loaded epoch 0i0
loom: mapped 2048MB
boot: protected loom
live: mapped: MB/222.822.400
boot: installed 2178 jets
vere: checking version compatibility
mesa: forwarding enabled
mdns: init failed, install avahi on this system for mdns support
mesa: live on 31339 (localhost only)
conn: listening on /state/live/bud/.urb/conn.sock
docket: thread cancelled; retrying
%http-request-cancelled
http request was cancelled by the runtime
docket: fetching %http glob for %groups desk
docket: thread cancelled; retrying
%http-request-cancelled
http request was cancelled by the runtime
docket: fetching %http glob for %webterm desk
docket: thread cancelled; retrying
%http-request-cancelled
http request was cancelled by the runtime
docket: fetching %http glob for %landscape desk
ames: unix-duct received on %born
http: web interface live on http://localhost:18083
http: loopback live on http://localhost:12324
pier (90): live
http: fail (0, 504): temporary failure
http: fail (1, 504): temporary failure
~
urbit 4.6
boot: home is /state/live/bud
loom: mapped 2048MB
lite: arvo formula 4ce68411
lite: core 641296f
lite: final state 641296f
disk: loaded epoch 0i0
loom: mapped 2048MB
boot: protected loom
live: mapped: MB/222.822.400
boot: installed 2178 jets
vere: checking version compatibility
mesa: forwarding enabled
mdns: init failed, install avahi on this system for mdns support
mesa: live on 31339 (localhost only)
conn: listening on /state/live/bud/.urb/conn.sock
docket: thread cancelled; retrying
%http-request-cancelled
http request was cancelled by the runtime
docket: fetching %http glob for %landscape desk
docket: thread cancelled; retrying
%http-request-cancelled
http request was cancelled by the runtime
docket: fetching %http glob for %groups desk
docket: thread cancelled; retrying
%http-request-cancelled
http request was cancelled by the runtime
docket: fetching %http glob for %webterm desk
ames: unix-duct received on %born
http: web interface live on http://localhost:18083
http: loopback live on http://localhost:12324
pier (127): live
%already-mounted
[[p=~bud q=%base r=[%ud p=0]] s=/]
http: fail (0, 504): temporary failure
http: fail (1, 504): temporary failure
http: fail (2, 504): temporary failure
http: fail (3, 504): temporary failure
http: fail (4, 504): temporary failure
http: fail (5, 504): temporary failure
~
urbit 4.6
boot: home is /state/live/bud
loom: mapped 2048MB
lite: arvo formula 4ce68411
lite: core 641296f
lite: final state 641296f
disk: loaded epoch 0i0
loom: mapped 2048MB
boot: protected loom
live: mapped: MB/222.822.400
boot: installed 2178 jets
vere: checking version compatibility
mesa: forwarding enabled
mdns: init failed, install avahi on this system for mdns support
mesa: live on 31339 (localhost only)
conn: listening on /state/live/bud/.urb/conn.sock
docket: thread cancelled; retrying
%http-request-cancelled
http request was cancelled by the runtime
docket: fetching %http glob for %groups desk
docket: thread cancelled; retrying
%http-request-cancelled
http request was cancelled by the runtime
docket: fetching %http glob for %webterm desk
docket: thread cancelled; retrying
%http-request-cancelled
http request was cancelled by the runtime
docket: fetching %http glob for %landscape desk
ames: unix-duct received on %born
http: web interface live on http://localhost:18083
http: loopback live on http://localhost:12324
pier (90): live
http: fail (0, 504): temporary failure
http: fail (1, 504): temporary failure
~
urbit 4.6
boot: home is /state/live/bud
loom: mapped 2048MB
lite: arvo formula 4ce68411
lite: core 641296f
lite: final state 641296f
disk: loaded epoch 0i0
loom: mapped 2048MB
boot: protected loom
live: mapped: MB/222.822.400
boot: installed 2178 jets
vere: checking version compatibility
mesa: forwarding enabled
mdns: init failed, install avahi on this system for mdns support
mesa: live on 31339 (localhost only)
conn: listening on /state/live/bud/.urb/conn.sock
docket: thread cancelled; retrying
%http-request-cancelled
http request was cancelled by the runtime
docket: fetching %http glob for %groups desk
docket: thread cancelled; retrying
%http-request-cancelled
http request was cancelled by the runtime
docket: fetching %http glob for %webterm desk
docket: thread cancelled; retrying
%http-request-cancelled
http request was cancelled by the runtime
docket: fetching %http glob for %landscape desk
ames: unix-duct received on %born
http: web interface live on http://localhost:18083
http: loopback live on http://localhost:12324
pier (127): live
%already-mounted
[[p=~bud q=%base r=[%ud p=0]] s=/]
http: fail (0, 504): temporary failure
http: fail (1, 504): temporary failure
http: fail (2, 504): temporary failure
http: fail (3, 504): temporary failure
http: fail (4, 504): temporary failure
http: fail (5, 504): temporary failure
~
urbit 4.6
boot: home is /state/live/bud
loom: mapped 2048MB
lite: arvo formula 4ce68411
lite: core 641296f
lite: final state 641296f
disk: loaded epoch 0i0
loom: mapped 2048MB
boot: protected loom
live: mapped: MB/222.822.400
boot: installed 2178 jets
vere: checking version compatibility
mesa: forwarding enabled
mdns: init failed, install avahi on this system for mdns support
mesa: live on 31339 (localhost only)
conn: listening on /state/live/bud/.urb/conn.sock
docket: thread cancelled; retrying
%http-request-cancelled
http request was cancelled by the runtime
docket: fetching %http glob for %groups desk
docket: thread cancelled; retrying
%http-request-cancelled
http request was cancelled by the runtime
docket: fetching %http glob for %webterm desk
docket: thread cancelled; retrying
%http-request-cancelled
http request was cancelled by the runtime
docket: fetching %http glob for %landscape desk
ames: unix-duct received on %born
http: web interface live on http://localhost:18083
http: loopback live on http://localhost:12324
pier (90): live
http: fail (0, 504): temporary failure
http: fail (1, 504): temporary failure
~
urbit 4.6
boot: home is /state/live/bud
loom: mapped 2048MB
lite: arvo formula 4ce68411
lite: core 641296f
lite: final state 641296f
disk: loaded epoch 0i0
loom: mapped 2048MB
boot: protected loom
live: mapped: MB/222.822.400
boot: installed 2178 jets
vere: checking version compatibility
mesa: forwarding enabled
mdns: init failed, install avahi on this system for mdns support
mesa: live on 31339 (localhost only)
conn: listening on /state/live/bud/.urb/conn.sock
docket: thread cancelled; retrying
%http-request-cancelled
http request was cancelled by the runtime
docket: fetching %http glob for %landscape desk
docket: thread cancelled; retrying
%http-request-cancelled
http request was cancelled by the runtime
docket: fetching %http glob for %webterm desk
docket: thread cancelled; retrying
%http-request-cancelled
http request was cancelled by the runtime
docket: fetching %http glob for %groups desk
ames: unix-duct received on %born
http: web interface live on http://localhost:18083
http: loopback live on http://localhost:12324
pier (136): live
%already-mounted
[[p=~bud q=%base r=[%ud p=0]] s=/]
http: fail (0, 504): temporary failure
http: fail (1, 504): temporary failure
http: fail (2, 504): temporary failure
http: fail (3, 504): temporary failure
http: fail (4, 504): temporary failure
http: fail (5, 504): temporary failure
~
urbit 4.6
boot: home is /state/live/bud
loom: mapped 2048MB
lite: arvo formula 4ce68411
lite: core 641296f
lite: final state 641296f
disk: loaded epoch 0i0
loom: mapped 2048MB
boot: protected loom
live: mapped: MB/222.822.400
boot: installed 2178 jets
vere: checking version compatibility
mesa: forwarding enabled
mdns: init failed, install avahi on this system for mdns support
mesa: live on 31339 (localhost only)
conn: listening on /state/live/bud/.urb/conn.sock
docket: thread cancelled; retrying
%http-request-cancelled
http request was cancelled by the runtime
docket: fetching %http glob for %groups desk
docket: thread cancelled; retrying
%http-request-cancelled
http request was cancelled by the runtime
docket: fetching %http glob for %webterm desk
docket: thread cancelled; retrying
%http-request-cancelled
http request was cancelled by the runtime
docket: fetching %http glob for %landscape desk
ames: unix-duct received on %born
http: web interface live on http://localhost:18083
http: loopback live on http://localhost:12324
pier (90): live
http: fail (0, 504): temporary failure
http: fail (1, 504): temporary failure
~
urbit 4.6
boot: home is /state/live/bud
loom: mapped 2048MB
lite: arvo formula 4ce68411
lite: core 641296f
lite: final state 641296f
disk: loaded epoch 0i0
loom: mapped 2048MB
boot: protected loom
live: mapped: MB/222.822.400
boot: installed 2178 jets
vere: checking version compatibility
mesa: forwarding enabled
mdns: init failed, install avahi on this system for mdns support
mesa: live on 31339 (localhost only)
conn: listening on /state/live/bud/.urb/conn.sock
docket: thread cancelled; retrying
%http-request-cancelled
http request was cancelled by the runtime
docket: fetching %http glob for %landscape desk
ames: unix-duct received on %born
http: web interface live on http://localhost:18083
http: loopback live on http://localhost:12324
pier (125): live
%already-mounted
[[p=~bud q=%base r=[%ud p=0]] s=/]
http: fail (0, 504): temporary failure
http: fail (1, 504): temporary failure
http: fail (2, 504): temporary failure
http: fail (3, 504): temporary failure
http: fail (4, 504): temporary failure
~
urbit 4.6
boot: home is /state/live/bud
loom: mapped 2048MB
lite: arvo formula 4ce68411
lite: core 641296f
lite: final state 641296f
disk: loaded epoch 0i0
loom: mapped 2048MB
boot: protected loom
live: mapped: MB/222.822.400
boot: installed 2178 jets
vere: checking version compatibility
mesa: forwarding enabled
mdns: init failed, install avahi on this system for mdns support
mesa: live on 31339 (localhost only)
conn: listening on /state/live/bud/.urb/conn.sock
docket: thread cancelled; retrying
%http-request-cancelled
http request was cancelled by the runtime
docket: fetching %http glob for %groups desk
docket: thread cancelled; retrying
%http-request-cancelled
http request was cancelled by the runtime
docket: fetching %http glob for %webterm desk
docket: thread cancelled; retrying
%http-request-cancelled
http request was cancelled by the runtime
docket: fetching %http glob for %landscape desk
ames: unix-duct received on %born
http: web interface live on http://localhost:18083
http: loopback live on http://localhost:12324
pier (90): live
http: fail (0, 504): temporary failure
http: fail (1, 504): temporary failure
http: fail (2, 504): temporary failure
~
urbit 4.6
boot: home is /state/live/bud
loom: mapped 2048MB
lite: arvo formula 4ce68411
lite: core 641296f
lite: final state 641296f
disk: loaded epoch 0i0
loom: mapped 2048MB
boot: protected loom
live: mapped: MB/222.822.400
boot: installed 2178 jets
vere: checking version compatibility
mesa: forwarding enabled
mdns: init failed, install avahi on this system for mdns support
mesa: live on 31339 (localhost only)
conn: listening on /state/live/bud/.urb/conn.sock
docket: thread cancelled; retrying
%http-request-cancelled
http request was cancelled by the runtime
docket: fetching %http glob for %groups desk
docket: thread cancelled; retrying
%http-request-cancelled
http request was cancelled by the runtime
docket: fetching %http glob for %webterm desk
docket: thread cancelled; retrying
%http-request-cancelled
http request was cancelled by the runtime
docket: fetching %http glob for %landscape desk
ames: unix-duct received on %born
http: web interface live on http://localhost:18083
http: loopback live on http://localhost:12324
pier (135): live
%already-mounted
[[p=~bud q=%base r=[%ud p=0]] s=/]
http: fail (0, 504): temporary failure
http: fail (1, 504): temporary failure
http: fail (2, 504): temporary failure
http: fail (3, 504): temporary failure
http: fail (4, 504): temporary failure
http: fail (5, 504): temporary failure
~
urbit 4.6
boot: home is /state/live/bud
loom: mapped 2048MB
lite: arvo formula 4ce68411
lite: core 641296f
lite: final state 641296f
disk: loaded epoch 0i0
loom: mapped 2048MB
boot: protected loom
live: mapped: MB/222.822.400
boot: installed 2178 jets
vere: checking version compatibility
mesa: forwarding enabled
mdns: init failed, install avahi on this system for mdns support
mesa: live on 31339 (localhost only)
conn: listening on /state/live/bud/.urb/conn.sock
docket: thread cancelled; retrying
%http-request-cancelled
http request was cancelled by the runtime
docket: fetching %http glob for %groups desk
docket: thread cancelled; retrying
%http-request-cancelled
http request was cancelled by the runtime
docket: fetching %http glob for %webterm desk
docket: thread cancelled; retrying
%http-request-cancelled
http request was cancelled by the runtime
docket: fetching %http glob for %landscape desk
ames: unix-duct received on %born
http: web interface live on http://localhost:18083
http: loopback live on http://localhost:12324
pier (90): live
http: fail (0, 504): temporary failure
http: fail (1, 504): temporary failure
~
urbit 4.6
boot: home is /state/live/bud
loom: mapped 2048MB
lite: arvo formula 4ce68411
lite: core 641296f
lite: final state 641296f
disk: loaded epoch 0i0
loom: mapped 2048MB
boot: protected loom
live: mapped: MB/222.822.400
boot: installed 2178 jets
vere: checking version compatibility
mesa: forwarding enabled
mdns: init failed, install avahi on this system for mdns support
mesa: live on 31339 (localhost only)
conn: listening on /state/live/bud/.urb/conn.sock
docket: thread cancelled; retrying
%http-request-cancelled
http request was cancelled by the runtime
docket: fetching %http glob for %groups desk
docket: thread cancelled; retrying
%http-request-cancelled
http request was cancelled by the runtime
docket: fetching %http glob for %webterm desk
docket: thread cancelled; retrying
%http-request-cancelled
http request was cancelled by the runtime
docket: fetching %http glob for %landscape desk
ames: unix-duct received on %born
http: web interface live on http://localhost:18083
http: loopback live on http://localhost:12324
pier (128): live
%already-mounted
[[p=~bud q=%base r=[%ud p=0]] s=/]
http: fail (0, 504): temporary failure
http: fail (1, 504): temporary failure
http: fail (2, 504): temporary failure
http: fail (3, 504): temporary failure
http: fail (4, 504): temporary failure
http: fail (5, 504): temporary failure
~
urbit 4.6
boot: home is /state/live/bud
loom: mapped 2048MB
lite: arvo formula 4ce68411
lite: core 641296f
lite: final state 641296f
disk: loaded epoch 0i0
loom: mapped 2048MB
boot: protected loom
live: mapped: MB/222.822.400
boot: installed 2178 jets
vere: checking version compatibility
mesa: forwarding enabled
mdns: init failed, install avahi on this system for mdns support
mesa: live on 31339 (localhost only)
conn: listening on /state/live/bud/.urb/conn.sock
docket: thread cancelled; retrying
%http-request-cancelled
http request was cancelled by the runtime
docket: fetching %http glob for %groups desk
docket: thread cancelled; retrying
%http-request-cancelled
http request was cancelled by the runtime
docket: fetching %http glob for %webterm desk
docket: thread cancelled; retrying
%http-request-cancelled
http request was cancelled by the runtime
docket: fetching %http glob for %landscape desk
ames: unix-duct received on %born
http: web interface live on http://localhost:18083
http: loopback live on http://localhost:12324
pier (90): live
http: fail (0, 504): temporary failure
http: fail (1, 504): temporary failure
~
urbit 4.6
boot: home is /state/live/bud
loom: mapped 2048MB
lite: arvo formula 4ce68411
lite: core 641296f
lite: final state 641296f
disk: loaded epoch 0i0
loom: mapped 2048MB
boot: protected loom
live: mapped: MB/222.822.400
boot: installed 2178 jets
vere: checking version compatibility
mesa: forwarding enabled
mdns: init failed, install avahi on this system for mdns support
mesa: live on 31339 (localhost only)
conn: listening on /state/live/bud/.urb/conn.sock
docket: thread cancelled; retrying
%http-request-cancelled
http request was cancelled by the runtime
docket: fetching %http glob for %landscape desk
docket: thread cancelled; retrying
%http-request-cancelled
http request was cancelled by the runtime
docket: fetching %http glob for %groups desk
ames: unix-duct received on %born
http: web interface live on http://localhost:18083
http: loopback live on http://localhost:12324
pier (126): live
%already-mounted
[[p=~bud q=%base r=[%ud p=0]] s=/]
http: fail (0, 504): temporary failure
http: fail (1, 504): temporary failure
http: fail (2, 504): temporary failure
http: fail (3, 504): temporary failure
http: fail (4, 504): temporary failure
http: fail (5, 504): temporary failure
~
urbit 4.6
boot: home is /state/live/bud
loom: mapped 2048MB
lite: arvo formula 4ce68411
lite: core 641296f
lite: final state 641296f
disk: loaded epoch 0i0
loom: mapped 2048MB
boot: protected loom
live: mapped: MB/222.822.400
boot: installed 2178 jets
vere: checking version compatibility
mesa: forwarding enabled
mdns: init failed, install avahi on this system for mdns support
mesa: live on 31339 (localhost only)
conn: listening on /state/live/bud/.urb/conn.sock
docket: thread cancelled; retrying
%http-request-cancelled
http request was cancelled by the runtime
docket: fetching %http glob for %groups desk
docket: thread cancelled; retrying
%http-request-cancelled
http request was cancelled by the runtime
docket: fetching %http glob for %webterm desk
docket: thread cancelled; retrying
%http-request-cancelled
http request was cancelled by the runtime
docket: fetching %http glob for %landscape desk
ames: unix-duct received on %born
http: web interface live on http://localhost:18083
http: loopback live on http://localhost:12324
pier (90): live
http: fail (0, 504): temporary failure
http: fail (1, 504): temporary failure
~
urbit 4.6
boot: home is /state/live/bud
loom: mapped 2048MB
lite: arvo formula 4ce68411
lite: core 641296f
lite: final state 641296f
disk: loaded epoch 0i0
loom: mapped 2048MB
boot: protected loom
live: mapped: MB/222.822.400
boot: installed 2178 jets
vere: checking version compatibility
mesa: forwarding enabled
mdns: init failed, install avahi on this system for mdns support
mesa: live on 31339 (localhost only)
conn: listening on /state/live/bud/.urb/conn.sock
docket: thread cancelled; retrying
%http-request-cancelled
http request was cancelled by the runtime
docket: fetching %http glob for %webterm desk
docket: thread cancelled; retrying
%http-request-cancelled
http request was cancelled by the runtime
docket: fetching %http glob for %groups desk
docket: thread cancelled; retrying
%http-request-cancelled
http request was cancelled by the runtime
docket: fetching %http glob for %landscape desk
ames: unix-duct received on %born
http: web interface live on http://localhost:18083
http: loopback live on http://localhost:12324
pier (127): live
%already-mounted
[[p=~bud q=%base r=[%ud p=0]] s=/]
http: fail (0, 504): temporary failure
http: fail (1, 504): temporary failure
http: fail (2, 504): temporary failure
http: fail (3, 504): temporary failure
http: fail (4, 504): temporary failure
http: fail (5, 504): temporary failure
~
urbit 4.6
boot: home is /state/live/bud
loom: mapped 2048MB
lite: arvo formula 4ce68411
lite: core 641296f
lite: final state 641296f
disk: loaded epoch 0i0
loom: mapped 2048MB
boot: protected loom
live: mapped: MB/222.822.400
boot: installed 2178 jets
vere: checking version compatibility
mesa: forwarding enabled
mdns: init failed, install avahi on this system for mdns support
mesa: live on 31339 (localhost only)
conn: listening on /state/live/bud/.urb/conn.sock
docket: thread cancelled; retrying
%http-request-cancelled
http request was cancelled by the runtime
docket: fetching %http glob for %groups desk
docket: thread cancelled; retrying
%http-request-cancelled
http request was cancelled by the runtime
docket: fetching %http glob for %webterm desk
docket: thread cancelled; retrying
%http-request-cancelled
http request was cancelled by the runtime
docket: fetching %http glob for %landscape desk
ames: unix-duct received on %born
http: web interface live on http://localhost:18083
http: loopback live on http://localhost:12324
pier (90): live
%already-mounted
[[p=~bud q=%base r=[%ud p=0]] s=/]
http: fail (0, 504): temporary failure
http: fail (1, 504): temporary failure
http: fail (2, 504): temporary failure
http: fail (3, 504): temporary failure
http: fail (4, 504): temporary failure
~
urbit 4.6
boot: home is /state/live/bud
loom: mapped 2048MB
lite: arvo formula 4ce68411
lite: core 641296f
lite: final state 641296f
disk: loaded epoch 0i0
loom: mapped 2048MB
boot: protected loom
live: mapped: MB/222.822.400
boot: installed 2178 jets
vere: checking version compatibility
mesa: forwarding enabled
mdns: init failed, install avahi on this system for mdns support
mesa: live on 31339 (localhost only)
conn: listening on /state/live/bud/.urb/conn.sock
docket: thread cancelled; retrying
%http-request-cancelled
http request was cancelled by the runtime
docket: fetching %http glob for %groups desk
docket: thread cancelled; retrying
%http-request-cancelled
http request was cancelled by the runtime
docket: fetching %http glob for %webterm desk
docket: thread cancelled; retrying
%http-request-cancelled
http request was cancelled by the runtime
docket: fetching %http glob for %landscape desk
ames: unix-duct received on %born
http: web interface live on http://localhost:18083
http: loopback live on http://localhost:12324
pier (90): live
~
urbit 4.6
boot: home is /state/live/bud
loom: mapped 2048MB
lite: arvo formula 4ce68411
lite: core 641296f
lite: final state 641296f
disk: loaded epoch 0i0
loom: mapped 2048MB
boot: protected loom
live: mapped: MB/222.822.400
boot: installed 2178 jets
vere: checking version compatibility
mesa: forwarding enabled
mdns: init failed, install avahi on this system for mdns support
mesa: live on 31339 (localhost only)
conn: listening on /state/live/bud/.urb/conn.sock
docket: thread cancelled; retrying
%http-request-cancelled
http request was cancelled by the runtime
docket: fetching %http glob for %groups desk
docket: thread cancelled; retrying
%http-request-cancelled
http request was cancelled by the runtime
docket: fetching %http glob for %webterm desk
docket: thread cancelled; retrying
%http-request-cancelled
http request was cancelled by the runtime
docket: fetching %http glob for %landscape desk
ames: unix-duct received on %born
http: web interface live on http://localhost:18083
http: loopback live on http://localhost:12324
pier (123): live
%already-mounted
[[p=~bud q=%base r=[%ud p=0]] s=/]
http: fail (0, 504): temporary failure
http: fail (1, 504): temporary failure
http: fail (2, 504): temporary failure
http: fail (3, 504): temporary failure
http: fail (4, 504): temporary failure
http: fail (5, 504): temporary failure
~
urbit 4.6
boot: home is /state/live/bud
loom: mapped 2048MB
lite: arvo formula 4ce68411
lite: core 641296f
lite: final state 641296f
disk: loaded epoch 0i0
loom: mapped 2048MB
boot: protected loom
live: mapped: MB/222.822.400
boot: installed 2178 jets
vere: checking version compatibility
mesa: forwarding enabled
mdns: init failed, install avahi on this system for mdns support
mesa: live on 31339 (localhost only)
conn: listening on /state/live/bud/.urb/conn.sock
docket: thread cancelled; retrying
%http-request-cancelled
http request was cancelled by the runtime
docket: fetching %http glob for %groups desk
docket: thread cancelled; retrying
%http-request-cancelled
http request was cancelled by the runtime
docket: fetching %http glob for %webterm desk
docket: thread cancelled; retrying
%http-request-cancelled
http request was cancelled by the runtime
docket: fetching %http glob for %landscape desk
ames: unix-duct received on %born
http: web interface live on http://localhost:18083
http: loopback live on http://localhost:12324
pier (90): live
http: fail (0, 504): temporary failure
http: fail (1, 504): temporary failure
~
urbit 4.6
boot: home is /state/live/bud
loom: mapped 2048MB
lite: arvo formula 4ce68411
lite: core 641296f
lite: final state 641296f
disk: loaded epoch 0i0
loom: mapped 2048MB
boot: protected loom
live: mapped: MB/222.822.400
boot: installed 2178 jets
vere: checking version compatibility
mesa: forwarding enabled
mdns: init failed, install avahi on this system for mdns support
mesa: live on 31339 (localhost only)
conn: listening on /state/live/bud/.urb/conn.sock
docket: thread cancelled; retrying
%http-request-cancelled
http request was cancelled by the runtime
docket: fetching %http glob for %landscape desk
docket: thread cancelled; retrying
%http-request-cancelled
http request was cancelled by the runtime
docket: fetching %http glob for %webterm desk
docket: thread cancelled; retrying
%http-request-cancelled
http request was cancelled by the runtime
docket: fetching %http glob for %groups desk
ames: unix-duct received on %born
http: web interface live on http://localhost:18083
http: loopback live on http://localhost:12324
pier (127): live
%already-mounted
[[p=~bud q=%base r=[%ud p=0]] s=/]
http: fail (0, 504): temporary failure
http: fail (1, 504): temporary failure
http: fail (2, 504): temporary failure
http: fail (3, 504): temporary failure
http: fail (4, 504): temporary failure
http: fail (5, 504): temporary failure
~
urbit 4.6
boot: home is /state/live/bud
loom: mapped 2048MB
lite: arvo formula 4ce68411
lite: core 641296f
lite: final state 641296f
disk: loaded epoch 0i0
loom: mapped 2048MB
boot: protected loom
live: mapped: MB/222.822.400
boot: installed 2178 jets
vere: checking version compatibility
mesa: forwarding enabled
mdns: init failed, install avahi on this system for mdns support
mesa: live on 31339 (localhost only)
conn: listening on /state/live/bud/.urb/conn.sock
docket: thread cancelled; retrying
%http-request-cancelled
http request was cancelled by the runtime
docket: fetching %http glob for %groups desk
docket: thread cancelled; retrying
%http-request-cancelled
http request was cancelled by the runtime
docket: fetching %http glob for %webterm desk
docket: thread cancelled; retrying
%http-request-cancelled
http request was cancelled by the runtime
docket: fetching %http glob for %landscape desk
ames: unix-duct received on %born
http: web interface live on http://localhost:18083
http: loopback live on http://localhost:12324
pier (90): live
~
urbit 4.6
boot: home is /state/live/bud
loom: mapped 2048MB
lite: arvo formula 4ce68411
lite: core 641296f
lite: final state 641296f
disk: loaded epoch 0i0
loom: mapped 2048MB
boot: protected loom
live: mapped: MB/222.822.400
boot: installed 2178 jets
vere: checking version compatibility
mesa: forwarding enabled
mdns: init failed, install avahi on this system for mdns support
mesa: live on 31339 (localhost only)
conn: listening on /state/live/bud/.urb/conn.sock
docket: thread cancelled; retrying
%http-request-cancelled
http request was cancelled by the runtime
docket: fetching %http glob for %webterm desk
docket: thread cancelled; retrying
%http-request-cancelled
http request was cancelled by the runtime
docket: fetching %http glob for %groups desk
docket: thread cancelled; retrying
%http-request-cancelled
http request was cancelled by the runtime
docket: fetching %http glob for %landscape desk
ames: unix-duct received on %born
http: web interface live on http://localhost:18083
http: loopback live on http://localhost:12324
pier (123): live
%already-mounted
[[p=~bud q=%base r=[%ud p=0]] s=/]
http: fail (0, 504): temporary failure
http: fail (1, 504): temporary failure
http: fail (2, 504): temporary failure
http: fail (3, 504): temporary failure
http: fail (4, 504): temporary failure
http: fail (5, 504): temporary failure
~
urbit 4.6
boot: home is /state/live/bud
loom: mapped 2048MB
lite: arvo formula 4ce68411
lite: core 641296f
lite: final state 641296f
disk: loaded epoch 0i0
loom: mapped 2048MB
boot: protected loom
live: mapped: MB/222.822.400
boot: installed 2178 jets
vere: checking version compatibility
mesa: forwarding enabled
mdns: init failed, install avahi on this system for mdns support
mesa: live on 31339 (localhost only)
conn: listening on /state/live/bud/.urb/conn.sock
docket: thread cancelled; retrying
%http-request-cancelled
http request was cancelled by the runtime
docket: fetching %http glob for %groups desk
docket: thread cancelled; retrying
%http-request-cancelled
http request was cancelled by the runtime
docket: fetching %http glob for %webterm desk
docket: thread cancelled; retrying
%http-request-cancelled
http request was cancelled by the runtime
docket: fetching %http glob for %landscape desk
ames: unix-duct received on %born
http: web interface live on http://localhost:18083
http: loopback live on http://localhost:12324
pier (90): live
http: fail (0, 504): temporary failure
http: fail (1, 504): temporary failure
http: fail (2, 504): temporary failure
http: fail (3, 504): temporary failure
http: fail (4, 504): temporary failure
http: fail (5, 504): temporary failure
http: fail (6, 504): temporary failure
http: fail (7, 504): temporary failure
http: fail (8, 504): temporary failure
http: fail (9, 504): temporary failure
http: fail (10, 504): temporary failure
http: fail (11, 504): temporary failure
http: fail (12, 504): temporary failure
docket: thread failed;
%retry-too-many
http: fail (13, 504): temporary failure
docket: thread failed;
%retry-too-many
http: fail (14, 504): temporary failure
docket: thread failed;
%retry-too-many
~
urbit 4.6
boot: home is /state/live/bud
loom: mapped 2048MB
lite: arvo formula 4ce68411
lite: core 641296f
lite: final state 641296f
disk: loaded epoch 0i0
loom: mapped 2048MB
boot: protected loom
live: mapped: MB/222.822.400
boot: installed 2178 jets
vere: checking version compatibility
mesa: forwarding enabled
mdns: init failed, install avahi on this system for mdns support
mesa: live on 31339 (localhost only)
conn: listening on /state/live/bud/.urb/conn.sock
ames: unix-duct received on %born
http: web interface live on http://localhost:18083
http: loopback live on http://localhost:12324
pier (184): live
%already-mounted
[[p=~bud q=%base r=[%ud p=0]] s=/]
~
urbit 4.6
boot: home is /state/live/bud
loom: mapped 2048MB
lite: arvo formula 4ce68411
lite: core 641296f
lite: final state 641296f
disk: loaded epoch 0i0
loom: mapped 2048MB
boot: protected loom
live: mapped: MB/222.822.400
boot: installed 2178 jets
vere: checking version compatibility
mesa: forwarding enabled
mdns: init failed, install avahi on this system for mdns support
mesa: live on 31339 (localhost only)
conn: listening on /state/live/bud/.urb/conn.sock
docket: thread cancelled; retrying
%http-request-cancelled
http request was cancelled by the runtime
docket: fetching %http glob for %groups desk
docket: thread cancelled; retrying
%http-request-cancelled
http request was cancelled by the runtime
docket: fetching %http glob for %webterm desk
docket: thread cancelled; retrying
%http-request-cancelled
http request was cancelled by the runtime
docket: fetching %http glob for %landscape desk
ames: unix-duct received on %born
http: web interface live on http://localhost:18083
http: loopback live on http://localhost:12324
pier (90): live
http: fail (0, 504): temporary failure
http: fail (1, 504): temporary failure
http: fail (2, 504): temporary failure
http: fail (3, 504): temporary failure
http: fail (4, 504): temporary failure
http: fail (5, 504): temporary failure
http: fail (6, 504): temporary failure
http: fail (7, 504): temporary failure
http: fail (8, 504): temporary failure
http: fail (9, 504): temporary failure
http: fail (10, 504): temporary failure
http: fail (11, 504): temporary failure
http: fail (12, 504): temporary failure
docket: thread failed;
%retry-too-many
http: fail (13, 504): temporary failure
docket: thread failed;
%retry-too-many
http: fail (14, 504): temporary failure
docket: thread failed;
%retry-too-many
~
urbit 4.6
boot: home is /state/live/bud
loom: mapped 2048MB
lite: arvo formula 4ce68411
lite: core 641296f
lite: final state 641296f
disk: loaded epoch 0i0
loom: mapped 2048MB
boot: protected loom
live: mapped: MB/222.822.400
boot: installed 2178 jets
vere: checking version compatibility
mesa: forwarding enabled
mdns: init failed, install avahi on this system for mdns support
mesa: live on 31339 (localhost only)
conn: listening on /state/live/bud/.urb/conn.sock
ames: unix-duct received on %born
http: web interface live on http://localhost:18083
http: loopback live on http://localhost:12324
pier (184): live
%already-mounted
[[p=~bud q=%base r=[%ud p=0]] s=/]
~
urbit 4.6
boot: home is /state/live/bud
loom: mapped 2048MB
lite: arvo formula 4ce68411
lite: core 641296f
lite: final state 641296f
disk: loaded epoch 0i0
loom: mapped 2048MB
boot: protected loom
live: mapped: MB/222.822.400
boot: installed 2178 jets
vere: checking version compatibility
mesa: forwarding enabled
mdns: init failed, install avahi on this system for mdns support
mesa: live on 31339 (localhost only)
conn: listening on /state/live/bud/.urb/conn.sock
docket: thread cancelled; retrying
%http-request-cancelled
http request was cancelled by the runtime
docket: fetching %http glob for %groups desk
docket: thread cancelled; retrying
%http-request-cancelled
http request was cancelled by the runtime
docket: fetching %http glob for %webterm desk
docket: thread cancelled; retrying
%http-request-cancelled
http request was cancelled by the runtime
docket: fetching %http glob for %landscape desk
ames: unix-duct received on %born
http: web interface live on http://localhost:18083
http: loopback live on http://localhost:12324
pier (90): live
http: fail (0, 504): temporary failure
http: fail (1, 504): temporary failure
http: fail (2, 504): temporary failure
http: fail (3, 504): temporary failure
http: fail (4, 504): temporary failure
http: fail (5, 504): temporary failure
http: fail (6, 504): temporary failure
http: fail (7, 504): temporary failure
http: fail (8, 504): temporary failure
http: fail (9, 504): temporary failure
http: fail (10, 504): temporary failure
http: fail (11, 504): temporary failure
http: fail (12, 504): temporary failure
docket: thread failed;
%retry-too-many
http: fail (13, 504): temporary failure
docket: thread failed;
%retry-too-many
http: fail (14, 504): temporary failure
docket: thread failed;
%retry-too-many
gall: installing %stead-observer
~
urbit 4.6
boot: home is /state/live/bud
loom: mapped 2048MB
lite: arvo formula 4ce68411
lite: core 641296f
lite: final state 641296f
disk: loaded epoch 0i0
loom: mapped 2048MB
boot: protected loom
live: mapped: MB/222.822.400
boot: installed 2178 jets
vere: checking version compatibility
mesa: forwarding enabled
mdns: init failed, install avahi on this system for mdns support
mesa: live on 31339 (localhost only)
conn: listening on /state/live/bud/.urb/conn.sock
docket: thread cancelled; retrying
%http-request-cancelled
http request was cancelled by the runtime
docket: fetching %http glob for %groups desk
docket: thread cancelled; retrying
%http-request-cancelled
http request was cancelled by the runtime
docket: fetching %http glob for %webterm desk
docket: thread cancelled; retrying
%http-request-cancelled
http request was cancelled by the runtime
docket: fetching %http glob for %landscape desk
ames: unix-duct received on %born
http: web interface live on http://localhost:18083
http: loopback live on http://localhost:12324
pier (90): live
%already-mounted
[[p=~bud q=%base r=[%ud p=0]] s=/]
~
urbit 4.6
boot: home is /state/live/bud
loom: mapped 2048MB
lite: arvo formula 4ce68411
lite: core 641296f
lite: final state 641296f
disk: loaded epoch 0i0
loom: mapped 2048MB
boot: protected loom
live: mapped: MB/222.822.400
boot: installed 2178 jets
vere: checking version compatibility
mesa: forwarding enabled
mdns: init failed, install avahi on this system for mdns support
mesa: live on 31339 (localhost only)
conn: listening on /state/live/bud/.urb/conn.sock
docket: thread cancelled; retrying
%http-request-cancelled
http request was cancelled by the runtime
docket: fetching %http glob for %groups desk
docket: thread cancelled; retrying
%http-request-cancelled
http request was cancelled by the runtime
docket: fetching %http glob for %webterm desk
docket: thread cancelled; retrying
%http-request-cancelled
http request was cancelled by the runtime
docket: fetching %http glob for %landscape desk
ames: unix-duct received on %born
http: web interface live on http://localhost:18083
http: loopback live on http://localhost:12324
pier (90): live
http: fail (0, 504): temporary failure
http: fail (1, 504): temporary failure
http: fail (2, 504): temporary failure
http: fail (3, 504): temporary failure
http: fail (4, 504): temporary failure
http: fail (5, 504): temporary failure
http: fail (6, 504): temporary failure
http: fail (7, 504): temporary failure
