Traceback (most recent call last):
  File "/code/supervisor.py", line 18, in <module>
    from toolchain import sha, tree_sha
  File "/code/toolchain.py", line 15, in <module>
    ROOT = Path(__file__).resolve().parents[2]
           ~~~~~~~~~~~~~~~~~~~~~~~~~~~~~~~~^^^
  File "/usr/lib/python3.14/pathlib/__init__.py", line 68, in __getitem__
    raise IndexError(idx)
IndexError: 2
{"utc": "2026-09-13T00:45:53Z", "command": "launch zod", "result": {"argv": ["/runtime/bin/vere-v4.6-linux-x86_64", "-t", "-L", "--no-dock", "--loom", "31", "-b", "127.0.0.1", "--http-port", "18080", "-F", "zod", "-B", "/runtime/downloads/brass-408k-2.pill", "-A", "/kernel/pkg/arvo", "-c", "/state/live/zod"], "pid": 4}}
{"utc": "2026-09-13T00:49:39Z", "command": "zod: zuse", "result": "%408\n"}
Traceback (most recent call last):
  File "/code/supervisor.py", line 135, in initialize
    LIVE.mkdir(exist_ok=True)
    
  File "/code/supervisor.py", line 46, in dojo
    sink = {'app': 'hood'} if command.startswith('|') else {'stdout': None}
         ^^^^^^^^^^^^^^^^^^^^^^^^^^^^^^^^^^^^^^^^^^^^^^^^
  File "/usr/lib/python3.14/urllib/request.py", line 187, in urlopen
    return opener.open(url, data, timeout)
           ~~~~~~~~~~~^^^^^^^^^^^^^^^^^^^^
  File "/usr/lib/python3.14/urllib/request.py", line 487, in open
    response = self._open(req, data)
  File "/usr/lib/python3.14/urllib/request.py", line 504, in _open
    result = self._call_chain(self.handle_open, protocol, protocol +
                              '_open', req)
  File "/usr/lib/python3.14/urllib/request.py", line 464, in _call_chain
    result = func(*args)
  File "/usr/lib/python3.14/urllib/request.py", line 1349, in http_open
    return self.do_open(http.client.HTTPConnection, req)
           ~~~~~~~~~~~~^^^^^^^^^^^^^^^^^^^^^^^^^^^^^^^^^
  File "/usr/lib/python3.14/urllib/request.py", line 1324, in do_open
    r = h.getresponse()
  File "/usr/lib/python3.14/http/client.py", line 1478, in getresponse
    response.begin()
    ~~~~~~~~~~~~~~^^
  File "/usr/lib/python3.14/http/client.py", line 343, in begin
    version, status, reason = self._read_status()
                              ~~~~~~~~~~~~~~~~~^^
  File "/usr/lib/python3.14/http/client.py", line 304, in _read_status
    line = str(self.fp.readline(_MAXLINE + 1), "iso-8859-1")
               ~~~~~~~~~~~~~~~~^^^^^^^^^^^^^^
  File "/usr/lib/python3.14/socket.py", line 729, in readinto
    return self._sock.recv_into(b)
           ~~~~~~~~~~~~~~~~~~~~^^^
TimeoutError: timed out
{"utc": "2026-09-13T00:52:18Z", "command": "shutdown zod", "result": {"exit_code": 0}}
{"utc": "2026-09-13T00:54:33Z", "command": "launch zod", "result": {"argv": ["/runtime/bin/vere-v4.6-linux-x86_64", "-t", "-L", "--no-dock", "--loom", "31", "-b", "127.0.0.1", "--http-port", "18080", "/state/live/zod"], "pid": 4}}
{"utc": "2026-09-13T00:54:34Z", "command": "zod: zuse", "result": "%408\n"}
{"utc": "2026-09-13T00:54:34Z", "command": "zod: |mount %base", "result": ">="}
{"utc": "2026-09-13T00:54:34Z", "command": "launch bus", "result": {"argv": ["/runtime/bin/vere-v4.6-linux-x86_64", "-t", "-L", "--no-dock", "--loom", "31", "-b", "127.0.0.1", "--http-port", "18081", "-F", "bus", "-B", "/runtime/downloads/brass-408k-2.pill", "-A", "/kernel/pkg/arvo", "-c", "/state/live/bus"], "pid": 12}}
{"utc": "2026-09-13T00:58:13Z", "command": "bus: zuse", "result": "%408\n"}
{"utc": "2026-09-13T00:58:14Z", "command": "bus: |mount %base", "result": ">="}
{"utc": "2026-09-13T00:58:14Z", "command": "launch nec", "result": {"argv": ["/runtime/bin/vere-v4.6-linux-x86_64", "-t", "-L", "--no-dock", "--loom", "31", "-b", "127.0.0.1", "--http-port", "18082", "-F", "nec", "-B", "/runtime/downloads/brass-408k-2.pill", "-A", "/kernel/pkg/arvo", "-c", "/state/live/nec"], "pid": 26}}
{"utc": "2026-09-13T01:01:58Z", "command": "nec: zuse", "result": "%408\n"}
{"utc": "2026-09-13T01:01:59Z", "command": "nec: |mount %base", "result": ">="}
{"utc": "2026-09-13T01:01:59Z", "command": "launch bud", "result": {"argv": ["/runtime/bin/vere-v4.6-linux-x86_64", "-t", "-L", "--no-dock", "--loom", "31", "-b", "127.0.0.1", "--http-port", "18083", "-F", "bud", "-B", "/runtime/downloads/brass-408k-2.pill", "-A", "/kernel/pkg/arvo", "-c", "/state/live/bud"], "pid": 36}}
{"utc": "2026-09-13T01:05:48Z", "command": "bud: zuse", "result": "%408\n"}
{"utc": "2026-09-13T01:05:48Z", "command": "bud: |mount %base", "result": ">="}
{"utc": "2026-09-13T01:05:50Z", "command": "shutdown zod", "result": {"exit_code": 0}}
{"utc": "2026-09-13T01:05:50Z", "command": "shutdown bus", "result": {"exit_code": 0}}
{"utc": "2026-09-13T01:05:51Z", "command": "shutdown nec", "result": {"exit_code": 0}}
{"utc": "2026-09-13T01:05:57Z", "command": "shutdown bud", "result": {"exit_code": 0}}
{"utc": "2026-09-13T01:06:04Z", "command": "seed stopped copies", "result": {"format": 1, "toolchain_sha256": "4a209c10cf1756eb0f7357cc3eca8250bf66c239b4cd0ca31a8c0886d4d304ee", "ships": {"zod": "c723988e13b2ee2498970154ca4a43dc1edd4fed2fef114d6bdb7a05db892375", "bus": "268fc4455328229b4edac91f4e1293a9a3af508c04b3cf163970ecac89b0a8bb", "nec": "f3fb7b3519d06c3b91acd2b071f9d7907afe412b0070e8d39473aa7be7336b4b", "bud": "b12134e0481c944b8cc465a7c5b78475eb19f6f0c4dcc3fd6b7328b0dda52d11"}}}
{"utc": "2026-09-13T01:06:04Z", "command": "launch zod", "result": {"argv": ["/runtime/bin/vere-v4.6-linux-x86_64", "-t", "-L", "--no-dock", "--loom", "31", "-b", "127.0.0.1", "--http-port", "18080", "/state/live/zod"], "pid": 53}}
{"utc": "2026-09-13T01:06:06Z", "command": "zod: zuse", "result": "%408\n"}
{"utc": "2026-09-13T01:06:06Z", "command": "launch bus", "result": {"argv": ["/runtime/bin/vere-v4.6-linux-x86_64", "-t", "-L", "--no-dock", "--loom", "31", "-b", "127.0.0.1", "--http-port", "18081", "/state/live/bus"], "pid": 60}}
{"utc": "2026-09-13T01:06:07Z", "command": "bus: zuse", "result": "%408\n"}
{"utc": "2026-09-13T01:06:07Z", "command": "launch nec", "result": {"argv": ["/runtime/bin/vere-v4.6-linux-x86_64", "-t", "-L", "--no-dock", "--loom", "31", "-b", "127.0.0.1", "--http-port", "18082", "/state/live/nec"], "pid": 67}}
{"utc": "2026-09-13T01:06:09Z", "command": "nec: zuse", "result": "%408\n"}
{"utc": "2026-09-13T01:06:09Z", "command": "launch bud", "result": {"argv": ["/runtime/bin/vere-v4.6-linux-x86_64", "-t", "-L", "--no-dock", "--loom", "31", "-b", "127.0.0.1", "--http-port", "18083", "/state/live/bud"], "pid": 75}}
{"utc": "2026-09-13T01:06:10Z", "command": "bud: zuse", "result": "%408\n"}
{"utc": "2026-09-13T01:06:36Z", "command": "shutdown zod", "result": {"exit_code": 0}}
{"utc": "2026-09-13T01:06:36Z", "command": "shutdown bus", "result": {"exit_code": 0}}
{"utc": "2026-09-13T01:06:38Z", "command": "shutdown nec", "result": {"exit_code": 0}}
{"utc": "2026-09-13T01:06:41Z", "command": "shutdown bud", "result": {"exit_code": 0}}
{"utc": "2026-09-13T01:06:45Z", "command": "launch zod", "result": {"argv": ["/runtime/bin/vere-v4.6-linux-x86_64", "-t", "-L", "--no-dock", "--loom", "31", "-b", "127.0.0.1", "--http-port", "18080", "/state/live/zod"], "pid": 4}}
{"utc": "2026-09-13T01:06:55Z", "command": "zod: zuse", "result": "%408\n"}
{"utc": "2026-09-13T01:06:55Z", "command": "zod: |mount %base", "result": ">="}
{"utc": "2026-09-13T01:06:55Z", "command": "launch bus", "result": {"argv": ["/runtime/bin/vere-v4.6-linux-x86_64", "-t", "-L", "--no-dock", "--loom", "31", "-b", "127.0.0.1", "--http-port", "18081", "/state/live/bus"], "pid": 12}}
{"utc": "2026-09-13T01:06:58Z", "command": "bus: zuse", "result": "%408\n"}
{"utc": "2026-09-13T01:06:58Z", "command": "bus: |mount %base", "result": ">="}
{"utc": "2026-09-13T01:06:58Z", "command": "launch nec", "result": {"argv": ["/runtime/bin/vere-v4.6-linux-x86_64", "-t", "-L", "--no-dock", "--loom", "31", "-b", "127.0.0.1", "--http-port", "18082", "/state/live/nec"], "pid": 19}}
{"utc": "2026-09-13T01:07:01Z", "command": "nec: zuse", "result": "%408\n"}
{"utc": "2026-09-13T01:07:02Z", "command": "nec: |mount %base", "result": ">="}
{"utc": "2026-09-13T01:07:02Z", "command": "launch bud", "result": {"argv": ["/runtime/bin/vere-v4.6-linux-x86_64", "-t", "-L", "--no-dock", "--loom", "31", "-b", "127.0.0.1", "--http-port", "18083", "/state/live/bud"], "pid": 26}}
{"utc": "2026-09-13T01:07:06Z", "command": "bud: zuse", "result": "%408\n"}
{"utc": "2026-09-13T01:07:06Z", "command": "bud: |mount %base", "result": ">="}
{"utc": "2026-09-13T01:07:54Z", "command": "shutdown zod", "result": {"exit_code": 0}}
{"utc": "2026-09-13T01:07:55Z", "command": "shutdown bus", "result": {"exit_code": 0}}
{"utc": "2026-09-13T01:07:56Z", "command": "shutdown nec", "result": {"exit_code": 0}}
{"utc": "2026-09-13T01:07:59Z", "command": "shutdown bud", "result": {"exit_code": 0}}
{"utc": "2026-09-13T01:08:05Z", "command": "launch zod", "result": {"argv": ["/runtime/bin/vere-v4.6-linux-x86_64", "-t", "-L", "--no-dock", "--loom", "31", "-b", "127.0.0.1", "--http-port", "18080", "/state/live/zod"], "pid": 39}}
{"utc": "2026-09-13T01:08:08Z", "command": "zod: zuse", "result": "%408\n"}
{"utc": "2026-09-13T01:08:08Z", "command": "launch bus", "result": {"argv": ["/runtime/bin/vere-v4.6-linux-x86_64", "-t", "-L", "--no-dock", "--loom", "31", "-b", "127.0.0.1", "--http-port", "18081", "/state/live/bus"], "pid": 46}}
{"utc": "2026-09-13T01:08:11Z", "command": "bus: zuse", "result": "%408\n"}
{"utc": "2026-09-13T01:08:11Z", "command": "launch nec", "result": {"argv": ["/runtime/bin/vere-v4.6-linux-x86_64", "-t", "-L", "--no-dock", "--loom", "31", "-b", "127.0.0.1", "--http-port", "18082", "/state/live/nec"], "pid": 53}}
{"utc": "2026-09-13T01:08:18Z", "command": "nec: zuse", "result": "%408\n"}
{"utc": "2026-09-13T01:08:18Z", "command": "launch bud", "result": {"argv": ["/runtime/bin/vere-v4.6-linux-x86_64", "-t", "-L", "--no-dock", "--loom", "31", "-b", "127.0.0.1", "--http-port", "18083", "/state/live/bud"], "pid": 60}}
{"utc": "2026-09-13T01:08:22Z", "command": "bud: zuse", "result": "%408\n"}
{"utc": "2026-09-13T01:08:22Z", "command": "zod: |commit %base", "result": ">="}
{"utc": "2026-09-13T01:08:22Z", "command": "bus: |commit %base", "result": ">="}
{"utc": "2026-09-13T01:08:23Z", "command": "nec: |commit %base", "result": ">="}
{"utc": "2026-09-13T01:08:23Z", "command": "bud: |commit %base", "result": ">="}
{"utc": "2026-09-13T01:08:24Z", "command": "zod: |start %stead-home", "result": ">="}
{"utc": "2026-09-13T01:08:24Z", "command": "zod: -stead-smoke ~zod [%assert 0]", "result": "%stead-smoke-ack\n"}
Traceback (most recent call last):
  File "/code/supervisor.py", line 230, in smoke_test
    expect(**case)
    ~~~~~~^^^^^^^^
  File "/code/supervisor.py", line 196, in expect
    result = dojo(ship, command, timeout=180)
  File "/code/supervisor.py", line 52, in dojo
    with urllib.request.urlopen(request, timeout=timeout) as response:
         ~~~~~~~~~~~~~~~~~~~~~~^^^^^^^^^^^^^^^^^^^^^^^^^^
  File "/usr/lib/python3.14/urllib/request.py", line 187, in urlopen
    return opener.open(url, data, timeout)
           ~~~~~~~~~~~^^^^^^^^^^^^^^^^^^^^
  File "/usr/lib/python3.14/urllib/request.py", line 487, in open
    response = self._open(req, data)
  File "/usr/lib/python3.14/urllib/request.py", line 504, in _open
    result = self._call_chain(self.handle_open, protocol, protocol +
                              '_open', req)
  File "/usr/lib/python3.14/urllib/request.py", line 464, in _call_chain
    result = func(*args)
  File "/usr/lib/python3.14/urllib/request.py", line 1349, in http_open
    return self.do_open(http.client.HTTPConnection, req)
           ~~~~~~~~~~~~^^^^^^^^^^^^^^^^^^^^^^^^^^^^^^^^^
  File "/usr/lib/python3.14/urllib/request.py", line 1324, in do_open
    r = h.getresponse()
  File "/usr/lib/python3.14/http/client.py", line 1478, in getresponse
    response.begin()
    ~~~~~~~~~~~~~~^^
  File "/usr/lib/python3.14/http/client.py", line 343, in begin
    version, status, reason = self._read_status()
                              ~~~~~~~~~~~~~~~~~^^
  File "/usr/lib/python3.14/http/client.py", line 304, in _read_status
    line = str(self.fp.readline(_MAXLINE + 1), "iso-8859-1")
               ~~~~~~~~~~~~~~~~^^^^^^^^^^^^^^
  File "/usr/lib/python3.14/socket.py", line 729, in readinto
    return self._sock.recv_into(b)
           ~~~~~~~~~~~~~~~~~~~~^^^
TimeoutError: timed out
{"utc": "2026-09-13T01:23:01Z", "command": "shutdown zod", "result": {"exit_code": 0}}
{"utc": "2026-09-13T01:23:04Z", "command": "shutdown bus", "result": {"exit_code": 0}}
{"utc": "2026-09-13T01:23:04Z", "command": "shutdown nec", "result": {"exit_code": 0}}
{"utc": "2026-09-13T01:23:05Z", "command": "shutdown bud", "result": {"exit_code": 0}}
{"utc": "2026-09-13T01:24:55Z", "command": "launch zod", "result": {"argv": ["/runtime/bin/vere-v4.6-linux-x86_64", "-t", "-L", "--no-dock", "--loom", "31", "-b", "127.0.0.1", "--http-port", "18080", "/state/live/zod"], "pid": 4}}
{"utc": "2026-09-13T01:24:58Z", "command": "zod: zuse", "result": "%408\n"}
{"utc": "2026-09-13T01:24:58Z", "command": "zod: |mount %base", "result": ">="}
{"utc": "2026-09-13T01:24:58Z", "command": "launch bus", "result": {"argv": ["/runtime/bin/vere-v4.6-linux-x86_64", "-t", "-L", "--no-dock", "--loom", "31", "-b", "127.0.0.1", "--http-port", "18081", "/state/live/bus"], "pid": 12}}
{"utc": "2026-09-13T01:25:03Z", "command": "bus: zuse", "result": "%408\n"}
{"utc": "2026-09-13T01:25:03Z", "command": "bus: |mount %base", "result": ">="}
{"utc": "2026-09-13T01:25:03Z", "command": "launch nec", "result": {"argv": ["/runtime/bin/vere-v4.6-linux-x86_64", "-t", "-L", "--no-dock", "--loom", "31", "-b", "127.0.0.1", "--http-port", "18082", "/state/live/nec"], "pid": 19}}
{"utc": "2026-09-13T01:25:06Z", "command": "nec: zuse", "result": "%408\n"}
{"utc": "2026-09-13T01:25:06Z", "command": "nec: |mount %base", "result": ">="}
{"utc": "2026-09-13T01:25:06Z", "command": "launch bud", "result": {"argv": ["/runtime/bin/vere-v4.6-linux-x86_64", "-t", "-L", "--no-dock", "--loom", "31", "-b", "127.0.0.1", "--http-port", "18083", "/state/live/bud"], "pid": 26}}
{"utc": "2026-09-13T01:25:09Z", "command": "bud: zuse", "result": "%408\n"}
{"utc": "2026-09-13T01:25:09Z", "command": "bud: |mount %base", "result": ">="}
{"utc": "2026-09-13T01:27:21Z", "command": "shutdown zod", "result": {"exit_code": 0}}
{"utc": "2026-09-13T01:27:21Z", "command": "shutdown bus", "result": {"exit_code": 0}}
{"utc": "2026-09-13T01:27:21Z", "command": "shutdown nec", "result": {"exit_code": 0}}
{"utc": "2026-09-13T01:27:22Z", "command": "shutdown bud", "result": {"exit_code": 0}}
{"utc": "2026-09-13T01:27:22Z", "command": "launch zod", "result": {"argv": ["/runtime/bin/vere-v4.6-linux-x86_64", "-t", "-L", "--no-dock", "--loom", "31", "-b", "127.0.0.1", "--http-port", "18080", "/state/live/zod"], "pid": 4}}
{"utc": "2026-09-13T01:27:23Z", "command": "zod: zuse", "result": "%408\n"}
{"utc": "2026-09-13T01:27:24Z", "command": "zod: |mount %base", "result": ">="}
{"utc": "2026-09-13T01:27:24Z", "command": "launch bus", "result": {"argv": ["/runtime/bin/vere-v4.6-linux-x86_64", "-t", "-L", "--no-dock", "--loom", "31", "-b", "127.0.0.1", "--http-port", "18081", "/state/live/bus"], "pid": 12}}
{"utc": "2026-09-13T01:27:25Z", "command": "bus: zuse", "result": "%408\n"}
{"utc": "2026-09-13T01:27:25Z", "command": "bus: |mount %base", "result": ">="}
{"utc": "2026-09-13T01:27:25Z", "command": "launch nec", "result": {"argv": ["/runtime/bin/vere-v4.6-linux-x86_64", "-t", "-L", "--no-dock", "--loom", "31", "-b", "127.0.0.1", "--http-port", "18082", "/state/live/nec"], "pid": 19}}
{"utc": "2026-09-13T01:27:26Z", "command": "nec: zuse", "result": "%408\n"}
{"utc": "2026-09-13T01:27:26Z", "command": "nec: |mount %base", "result": ">="}
{"utc": "2026-09-13T01:27:26Z", "command": "launch bud", "result": {"argv": ["/runtime/bin/vere-v4.6-linux-x86_64", "-t", "-L", "--no-dock", "--loom", "31", "-b", "127.0.0.1", "--http-port", "18083", "/state/live/bud"], "pid": 26}}
{"utc": "2026-09-13T01:27:27Z", "command": "bud: zuse", "result": "%408\n"}
{"utc": "2026-09-13T01:27:27Z", "command": "bud: |mount %base", "result": ">="}
{"utc": "2026-09-13T01:27:57Z", "command": "shutdown zod", "result": {"exit_code": 0}}
{"utc": "2026-09-13T01:27:59Z", "command": "shutdown bus", "result": {"exit_code": 0}}
{"utc": "2026-09-13T01:27:59Z", "command": "shutdown nec", "result": {"exit_code": 0}}
{"utc": "2026-09-13T01:28:00Z", "command": "shutdown bud", "result": {"exit_code": 0}}
{"utc": "2026-09-13T01:28:07Z", "command": "launch zod", "result": {"argv": ["/runtime/bin/vere-v4.6-linux-x86_64", "-t", "-L", "--no-dock", "--loom", "31", "-b", "127.0.0.1", "--http-port", "18080", "/state/live/zod"], "pid": 35}}
{"utc": "2026-09-13T01:28:11Z", "command": "zod: zuse", "result": "%408\n"}
{"utc": "2026-09-13T01:28:11Z", "command": "launch bus", "result": {"argv": ["/runtime/bin/vere-v4.6-linux-x86_64", "-t", "-L", "--no-dock", "--loom", "31", "-b", "127.0.0.1", "--http-port", "18081", "/state/live/bus"], "pid": 42}}
{"utc": "2026-09-13T01:28:13Z", "command": "bus: zuse", "result": "%408\n"}
{"utc": "2026-09-13T01:28:13Z", "command": "launch nec", "result": {"argv": ["/runtime/bin/vere-v4.6-linux-x86_64", "-t", "-L", "--no-dock", "--loom", "31", "-b", "127.0.0.1", "--http-port", "18082", "/state/live/nec"], "pid": 49}}
{"utc": "2026-09-13T01:28:15Z", "command": "nec: zuse", "result": "%408\n"}
{"utc": "2026-09-13T01:28:15Z", "command": "launch bud", "result": {"argv": ["/runtime/bin/vere-v4.6-linux-x86_64", "-t", "-L", "--no-dock", "--loom", "31", "-b", "127.0.0.1", "--http-port", "18083", "/state/live/bud"], "pid": 56}}
{"utc": "2026-09-13T01:28:17Z", "command": "bud: zuse", "result": "%408\n"}
{"utc": "2026-09-13T01:28:17Z", "command": "zod: |commit %base", "result": ">="}
{"utc": "2026-09-13T01:28:17Z", "command": "bus: |commit %base", "result": ">="}
{"utc": "2026-09-13T01:28:17Z", "command": "nec: |commit %base", "result": ">="}
{"utc": "2026-09-13T01:28:18Z", "command": "bud: |commit %base", "result": ">="}
{"utc": "2026-09-13T01:28:18Z", "command": "zod: |start %stead-home", "result": ">="}
{"utc": "2026-09-13T01:28:19Z", "command": "zod: -stead-smoke ~zod [%assert 0]", "result": {"stdout": "[32 %avow 0 %noun %stead-smoke-ack]", "stderr": "loom: mapped 512MB\r\nlite: arvo formula 4ce68411\r\nlite: core 641296f\r\nlite: final state 641296f\r\neval (cue, newt):", "request": "[32 %fyrd [%base %stead-smoke %noun [%noun [~zod [%assert 0]]]]]", "response_frame_sha256": "3530ab4116ee4a53b337d33da39aaffba6ad10029babade28d911ffb5ef8d9ce"}}
{"utc": "2026-09-13T01:28:20Z", "command": "bud: -stead-smoke ~zod [%advance ~bus 0]", "result": {"stdout": "[32 %avow 1]", "stderr": "loom: mapped 512MB\r\nlite: arvo formula 4ce68411\r\nlite: core 641296f\r\nlite: final state 641296f\r\neval (cue, newt):\n\r\n/sys/vane/gall/hoon:<[1.863 9].[1.863 37]>\r\n/app/stead-home/hoon:<[27 3].[50 5]>\r\n/app/stead-home/hoon:<[28 3].[50 5]>\r\n/app/stead-home/hoon:<[29 3].[50 5]>\r\n/app/stead-home/hoon:<[30 3].[50 5]>\r\n/app/stead-home/hoon:<[42 7].[49 31]>\r\n/app/stead-home/hoon:<[43 9].[44 11]>\r\nstead-smoke-denied\r\n/app/stead-home/hoon:<[44 9].[44 11]>\r\npoke-ack\r\npoke-fail\r\neval: bail: %thread-fail", "request": "[32 %fyrd [%base %stead-smoke %noun [%noun [~zod [%advance ~bus 0]]]]]", "response_frame_sha256": "c63fb76ea742dd91ae9bf129fb0df8304bc9d26fee819c5f131b0b1701aa1f51"}}
Traceback (most recent call last):
  File "/code/supervisor.py", line 233, in smoke_test
    expect(**case)
    ~~~~~~^^^^^^^^
  File "/code/supervisor.py", line 206, in expect
    raise AssertionError(f'Expected destination rejection for {ship}: {result}')
AssertionError: Expected destination rejection for bud: [32 %avow 1]
loom: mapped 512MB
lite: arvo formula 4ce68411
lite: core 641296f
lite: final state 641296f
eval (cue, newt):

/sys/vane/gall/hoon:<[1.863 9].[1.863 37]>
/app/stead-home/hoon:<[27 3].[50 5]>
/app/stead-home/hoon:<[28 3].[50 5]>
/app/stead-home/hoon:<[29 3].[50 5]>
/app/stead-home/hoon:<[30 3].[50 5]>
/app/stead-home/hoon:<[42 7].[49 31]>
/app/stead-home/hoon:<[43 9].[44 11]>
stead-smoke-denied
/app/stead-home/hoon:<[44 9].[44 11]>
poke-ack
poke-fail
eval: bail: %thread-fail
{"utc": "2026-09-13T01:30:39Z", "command": "shutdown zod", "result": {"exit_code": 0}}
{"utc": "2026-09-13T01:30:40Z", "command": "shutdown bus", "result": {"exit_code": 0}}
{"utc": "2026-09-13T01:30:41Z", "command": "shutdown nec", "result": {"exit_code": 0}}
{"utc": "2026-09-13T01:30:43Z", "command": "shutdown bud", "result": {"exit_code": 0}}
{"utc": "2026-09-13T01:30:45Z", "command": "launch zod", "result": {"argv": ["/runtime/bin/vere-v4.6-linux-x86_64", "-t", "-L", "--no-dock", "--loom", "31", "-b", "127.0.0.1", "--http-port", "18080", "/state/live/zod"], "pid": 4}}
{"utc": "2026-09-13T01:30:46Z", "command": "zod: zuse", "result": "%408\n"}
{"utc": "2026-09-13T01:30:46Z", "command": "zod: |mount %base", "result": ">="}
{"utc": "2026-09-13T01:30:46Z", "command": "launch bus", "result": {"argv": ["/runtime/bin/vere-v4.6-linux-x86_64", "-t", "-L", "--no-dock", "--loom", "31", "-b", "127.0.0.1", "--http-port", "18081", "/state/live/bus"], "pid": 12}}
{"utc": "2026-09-13T01:30:47Z", "command": "bus: zuse", "result": "%408\n"}
{"utc": "2026-09-13T01:30:47Z", "command": "bus: |mount %base", "result": ">="}
{"utc": "2026-09-13T01:30:47Z", "command": "launch nec", "result": {"argv": ["/runtime/bin/vere-v4.6-linux-x86_64", "-t", "-L", "--no-dock", "--loom", "31", "-b", "127.0.0.1", "--http-port", "18082", "/state/live/nec"], "pid": 19}}
{"utc": "2026-09-13T01:30:49Z", "command": "nec: zuse", "result": "%408\n"}
{"utc": "2026-09-13T01:30:49Z", "command": "nec: |mount %base", "result": ">="}
{"utc": "2026-09-13T01:30:49Z", "command": "launch bud", "result": {"argv": ["/runtime/bin/vere-v4.6-linux-x86_64", "-t", "-L", "--no-dock", "--loom", "31", "-b", "127.0.0.1", "--http-port", "18083", "/state/live/bud"], "pid": 26}}
{"utc": "2026-09-13T01:30:50Z", "command": "bud: zuse", "result": "%408\n"}
{"utc": "2026-09-13T01:30:50Z", "command": "bud: |mount %base", "result": ">="}
{"utc": "2026-09-13T01:32:13Z", "command": "shutdown zod", "result": {"exit_code": 0}}
{"utc": "2026-09-13T01:32:14Z", "command": "shutdown bus", "result": {"exit_code": 0}}
{"utc": "2026-09-13T01:32:15Z", "command": "shutdown nec", "result": {"exit_code": 0}}
{"utc": "2026-09-13T01:32:15Z", "command": "shutdown bud", "result": {"exit_code": 0}}
{"utc": "2026-09-13T01:32:23Z", "command": "launch zod", "result": {"argv": ["/runtime/bin/vere-v4.6-linux-x86_64", "-t", "-L", "--no-dock", "--loom", "31", "-b", "127.0.0.1", "--http-port", "18080", "/state/live/zod"], "pid": 35}}
{"utc": "2026-09-13T01:32:27Z", "command": "zod: zuse", "result": "%408\n"}
{"utc": "2026-09-13T01:32:27Z", "command": "launch bus", "result": {"argv": ["/runtime/bin/vere-v4.6-linux-x86_64", "-t", "-L", "--no-dock", "--loom", "31", "-b", "127.0.0.1", "--http-port", "18081", "/state/live/bus"], "pid": 42}}
{"utc": "2026-09-13T01:32:29Z", "command": "bus: zuse", "result": "%408\n"}
{"utc": "2026-09-13T01:32:29Z", "command": "launch nec", "result": {"argv": ["/runtime/bin/vere-v4.6-linux-x86_64", "-t", "-L", "--no-dock", "--loom", "31", "-b", "127.0.0.1", "--http-port", "18082", "/state/live/nec"], "pid": 49}}
{"utc": "2026-09-13T01:32:31Z", "command": "nec: zuse", "result": "%408\n"}
{"utc": "2026-09-13T01:32:31Z", "command": "launch bud", "result": {"argv": ["/runtime/bin/vere-v4.6-linux-x86_64", "-t", "-L", "--no-dock", "--loom", "31", "-b", "127.0.0.1", "--http-port", "18083", "/state/live/bud"], "pid": 56}}
{"utc": "2026-09-13T01:32:33Z", "command": "bud: zuse", "result": "%408\n"}
{"utc": "2026-09-13T01:32:34Z", "command": "zod: |commit %base", "result": ">="}
{"utc": "2026-09-13T01:32:35Z", "command": "bus: |commit %base", "result": ">="}
{"utc": "2026-09-13T01:32:35Z", "command": "nec: |commit %base", "result": ">="}
{"utc": "2026-09-13T01:32:35Z", "command": "bud: |commit %base", "result": ">="}
{"utc": "2026-09-13T01:32:36Z", "command": "zod: |start %stead-home", "result": ">="}
{"utc": "2026-09-13T01:32:36Z", "command": "zod: -stead-smoke ~zod [%assert 0]", "result": {"stdout": "[32 %avow 0 %noun %stead-smoke-ack]", "stderr": "loom: mapped 512MB\r\nlite: arvo formula 4ce68411\r\nlite: core 641296f\r\nlite: final state 641296f\r\neval (cue, newt):", "request": "[32 %fyrd [%base %stead-smoke %noun [%noun [~zod [%assert 0]]]]]", "response_frame_sha256": "3530ab4116ee4a53b337d33da39aaffba6ad10029babade28d911ffb5ef8d9ce"}}
{"utc": "2026-09-13T01:32:37Z", "command": "bud: -stead-smoke ~zod [%advance ~bus 0]", "result": {"stdout": "[32 %avow 1]", "stderr": "loom: mapped 512MB\r\nlite: arvo formula 4ce68411\r\nlite: core 641296f\r\nlite: final state 641296f\r\neval (cue, newt):\n\r\n/sys/vane/gall/hoon:<[1.863 9].[1.863 37]>\r\n/app/stead-home/hoon:<[27 3].[50 5]>\r\n/app/stead-home/hoon:<[28 3].[50 5]>\r\n/app/stead-home/hoon:<[29 3].[50 5]>\r\n/app/stead-home/hoon:<[30 3].[50 5]>\r\n/app/stead-home/hoon:<[42 7].[49 31]>\r\n/app/stead-home/hoon:<[43 9].[44 11]>\r\nstead-smoke-denied\r\n/app/stead-home/hoon:<[44 9].[44 11]>\r\npoke-ack\r\npoke-fail\r\neval: bail: %thread-fail", "request": "[32 %fyrd [%base %stead-smoke %noun [%noun [~zod [%advance ~bus 0]]]]]", "response_frame_sha256": "c63fb76ea742dd91ae9bf129fb0df8304bc9d26fee819c5f131b0b1701aa1f51"}}
{"utc": "2026-09-13T01:32:38Z", "command": "nec: -stead-smoke ~zod [%advance ~bus 0]", "result": {"stdout": "[32 %avow 1]", "stderr": "loom: mapped 512MB\r\nlite: arvo formula 4ce68411\r\nlite: core 641296f\r\nlite: final state 641296f\r\neval (cue, newt):\n\r\n/sys/vane/gall/hoon:<[1.863 9].[1.863 37]>\r\n/app/stead-home/hoon:<[27 3].[50 5]>\r\n/app/stead-home/hoon:<[28 3].[50 5]>\r\n/app/stead-home/hoon:<[29 3].[50 5]>\r\n/app/stead-home/hoon:<[30 3].[50 5]>\r\n/app/stead-home/hoon:<[42 7].[49 31]>\r\n/app/stead-home/hoon:<[43 9].[44 11]>\r\nstead-smoke-denied\r\n/app/stead-home/hoon:<[44 9].[44 11]>\r\npoke-ack\r\npoke-fail\r\neval: bail: %thread-fail", "request": "[32 %fyrd [%base %stead-smoke %noun [%noun [~zod [%advance ~bus 0]]]]]", "response_frame_sha256": "c63fb76ea742dd91ae9bf129fb0df8304bc9d26fee819c5f131b0b1701aa1f51"}}
{"utc": "2026-09-13T01:32:38Z", "command": "zod: -stead-smoke ~zod [%assert 0]", "result": {"stdout": "[32 %avow 0 %noun %stead-smoke-ack]", "stderr": "loom: mapped 512MB\r\nlite: arvo formula 4ce68411\r\nlite: core 641296f\r\nlite: final state 641296f\r\neval (cue, newt):", "request": "[32 %fyrd [%base %stead-smoke %noun [%noun [~zod [%assert 0]]]]]", "response_frame_sha256": "3530ab4116ee4a53b337d33da39aaffba6ad10029babade28d911ffb5ef8d9ce"}}
{"utc": "2026-09-13T01:32:39Z", "command": "bus: -stead-smoke ~zod [%advance ~bud 0]", "result": {"stdout": "[32 %avow 0 %noun %stead-smoke-ack]", "stderr": "loom: mapped 512MB\r\nlite: arvo formula 4ce68411\r\nlite: core 641296f\r\nlite: final state 641296f\r\neval (cue, newt):", "request": "[32 %fyrd [%base %stead-smoke %noun [%noun [~zod [%advance ~bud 0]]]]]", "response_frame_sha256": "3530ab4116ee4a53b337d33da39aaffba6ad10029babade28d911ffb5ef8d9ce"}}
{"utc": "2026-09-13T01:32:40Z", "command": "bus: -stead-smoke ~zod [%advance ~bus 0]", "result": {"stdout": "[32 %avow 1]", "stderr": "loom: mapped 512MB\r\nlite: arvo formula 4ce68411\r\nlite: core 641296f\r\nlite: final state 641296f\r\neval (cue, newt):\n\r\n/sys/vane/gall/hoon:<[1.863 9].[1.863 37]>\r\n/app/stead-home/hoon:<[27 3].[50 5]>\r\n/app/stead-home/hoon:<[28 3].[50 5]>\r\n/app/stead-home/hoon:<[29 3].[50 5]>\r\n/app/stead-home/hoon:<[30 3].[50 5]>\r\n/app/stead-home/hoon:<[42 7].[49 31]>\r\n/app/stead-home/hoon:<[45 7].[49 31]>\r\n/app/stead-home/hoon:<[46 7].[49 31]>\r\n/app/stead-home/hoon:<[47 9].[48 11]>\r\nstead-smoke-stale\r\n/app/stead-home/hoon:<[48 9].[48 11]>\r\npoke-ack\r\npoke-fail\r\neval: bail: %thread-fail", "request": "[32 %fyrd [%base %stead-smoke %noun [%noun [~zod [%advance ~bus 0]]]]]", "response_frame_sha256": "53d03058ef16f9fac8ccdba746da9f016f5d004f8768d01957b9fb4ac52d503d"}}
{"utc": "2026-09-13T01:32:40Z", "command": "zod: -stead-smoke ~zod [%assert 1]", "result": {"stdout": "[32 %avow 0 %noun %stead-smoke-ack]", "stderr": "loom: mapped 512MB\r\nlite: arvo formula 4ce68411\r\nlite: core 641296f\r\nlite: final state 641296f\r\neval (cue, newt):", "request": "[32 %fyrd [%base %stead-smoke %noun [%noun [~zod [%assert 1]]]]]", "response_frame_sha256": "3530ab4116ee4a53b337d33da39aaffba6ad10029babade28d911ffb5ef8d9ce"}}
{"utc": "2026-09-13T01:32:40Z", "command": "shutdown zod", "result": {"exit_code": 0}}
{"utc": "2026-09-13T01:32:40Z", "command": "launch zod", "result": {"argv": ["/runtime/bin/vere-v4.6-linux-x86_64", "-t", "-L", "--no-dock", "--loom", "31", "-b", "127.0.0.1", "--http-port", "18080", "/state/live/zod"], "pid": 81}}
{"utc": "2026-09-13T01:32:42Z", "command": "zod: zuse", "result": "%408\n"}
{"utc": "2026-09-13T01:32:42Z", "command": "zod: -stead-smoke ~zod [%assert 1]", "result": {"stdout": "[32 %avow 0 %noun %stead-smoke-ack]", "stderr": "loom: mapped 512MB\r\nlite: arvo formula 4ce68411\r\nlite: core 641296f\r\nlite: final state 641296f\r\neval (cue, newt):", "request": "[32 %fyrd [%base %stead-smoke %noun [%noun [~zod [%assert 1]]]]]", "response_frame_sha256": "3530ab4116ee4a53b337d33da39aaffba6ad10029babade28d911ffb5ef8d9ce"}}
{"utc": "2026-09-13T01:32:42Z", "command": "bud: -stead-smoke ~zod [%advance ~bus 1]", "result": {"stdout": "[32 %avow 1]", "stderr": "loom: mapped 512MB\r\nlite: arvo formula 4ce68411\r\nlite: core 641296f\r\nlite: final state 641296f\r\neval (cue, newt):\n\r\n/sys/vane/gall/hoon:<[1.863 9].[1.863 37]>\r\n/app/stead-home/hoon:<[27 3].[50 5]>\r\n/app/stead-home/hoon:<[28 3].[50 5]>\r\n/app/stead-home/hoon:<[29 3].[50 5]>\r\n/app/stead-home/hoon:<[30 3].[50 5]>\r\n/app/stead-home/hoon:<[42 7].[49 31]>\r\n/app/stead-home/hoon:<[43 9].[44 11]>\r\nstead-smoke-denied\r\n/app/stead-home/hoon:<[44 9].[44 11]>\r\npoke-ack\r\npoke-fail\r\neval: bail: %thread-fail", "request": "[32 %fyrd [%base %stead-smoke %noun [%noun [~zod [%advance ~bus 1]]]]]", "response_frame_sha256": "c63fb76ea742dd91ae9bf129fb0df8304bc9d26fee819c5f131b0b1701aa1f51"}}
{"utc": "2026-09-13T01:32:43Z", "command": "bus: -stead-smoke ~zod [%advance ~bus 1]", "result": {"stdout": "[32 %avow 0 %noun %stead-smoke-ack]", "stderr": "loom: mapped 512MB\r\nlite: arvo formula 4ce68411\r\nlite: core 641296f\r\nlite: final state 641296f\r\neval (cue, newt):", "request": "[32 %fyrd [%base %stead-smoke %noun [%noun [~zod [%advance ~bus 1]]]]]", "response_frame_sha256": "3530ab4116ee4a53b337d33da39aaffba6ad10029babade28d911ffb5ef8d9ce"}}
{"utc": "2026-09-13T01:32:43Z", "command": "zod: -stead-smoke ~zod [%assert 2]", "result": {"stdout": "[32 %avow 0 %noun %stead-smoke-ack]", "stderr": "loom: mapped 512MB\r\nlite: arvo formula 4ce68411\r\nlite: core 641296f\r\nlite: final state 641296f\r\neval (cue, newt):", "request": "[32 %fyrd [%base %stead-smoke %noun [%noun [~zod [%assert 2]]]]]", "response_frame_sha256": "3530ab4116ee4a53b337d33da39aaffba6ad10029babade28d911ffb5ef8d9ce"}}
{"utc": "2026-09-13T01:32:44Z", "command": "zod: -stead-smoke ~zod [%assert 999]", "result": {"stdout": "[32 %avow 1]", "stderr": "loom: mapped 512MB\r\nlite: arvo formula 4ce68411\r\nlite: core 641296f\r\nlite: final state 641296f\r\neval (cue, newt):\n\r\n/sys/vane/gall/hoon:<[1.863 9].[1.863 37]>\r\n/app/stead-home/hoon:<[27 3].[50 5]>\r\n/app/stead-home/hoon:<[28 3].[50 5]>\r\n/app/stead-home/hoon:<[29 3].[50 5]>\r\n/app/stead-home/hoon:<[30 3].[50 5]>\r\n/app/stead-home/hoon:<[33 7].[39 12]>\r\n/app/stead-home/hoon:<[36 7].[39 12]>\r\n/app/stead-home/hoon:<[37 9].[38 11]>\r\nstead-smoke-assertion\r\n/app/stead-home/hoon:<[38 9].[38 11]>\r\npoke-fail\r\neval: bail: %thread-fail", "request": "[32 %fyrd [%base %stead-smoke %noun [%noun [~zod [%assert 999]]]]]", "response_frame_sha256": "be840ea5bc1badef4e3fc3efea8001eec933aabe0751694a01d112b68c2c2a46"}}
{"utc": "2026-09-13T01:35:17Z", "command": "shutdown zod", "result": {"exit_code": 0}}
{"utc": "2026-09-13T01:35:17Z", "command": "shutdown bus", "result": {"exit_code": 0}}
{"utc": "2026-09-13T01:35:18Z", "command": "shutdown nec", "result": {"exit_code": 0}}
{"utc": "2026-09-13T01:35:18Z", "command": "shutdown bud", "result": {"exit_code": 0}}
{"utc": "2026-09-13T01:35:19Z", "command": "launch zod", "result": {"argv": ["/runtime/bin/vere-v4.6-linux-x86_64", "-t", "-L", "--no-dock", "--loom", "31", "-b", "127.0.0.1", "--http-port", "18080", "/state/live/zod"], "pid": 100}}
{"utc": "2026-09-13T01:35:22Z", "command": "zod: zuse", "result": "%408\n"}
{"utc": "2026-09-13T01:35:22Z", "command": "launch bus", "result": {"argv": ["/runtime/bin/vere-v4.6-linux-x86_64", "-t", "-L", "--no-dock", "--loom", "31", "-b", "127.0.0.1", "--http-port", "18081", "/state/live/bus"], "pid": 107}}
{"utc": "2026-09-13T01:35:24Z", "command": "bus: zuse", "result": "%408\n"}
{"utc": "2026-09-13T01:35:24Z", "command": "launch nec", "result": {"argv": ["/runtime/bin/vere-v4.6-linux-x86_64", "-t", "-L", "--no-dock", "--loom", "31", "-b", "127.0.0.1", "--http-port", "18082", "/state/live/nec"], "pid": 114}}
{"utc": "2026-09-13T01:35:27Z", "command": "nec: zuse", "result": "%408\n"}
{"utc": "2026-09-13T01:35:27Z", "command": "launch bud", "result": {"argv": ["/runtime/bin/vere-v4.6-linux-x86_64", "-t", "-L", "--no-dock", "--loom", "31", "-b", "127.0.0.1", "--http-port", "18083", "/state/live/bud"], "pid": 121}}
{"utc": "2026-09-13T01:35:29Z", "command": "bud: zuse", "result": "%408\n"}
{"utc": "2026-09-13T01:35:29Z", "command": "zod: |commit %base", "result": ">="}
{"utc": "2026-09-13T01:35:30Z", "command": "bus: |commit %base", "result": ">="}
{"utc": "2026-09-13T01:35:30Z", "command": "nec: |commit %base", "result": ">="}
{"utc": "2026-09-13T01:35:30Z", "command": "bud: |commit %base", "result": ">="}
{"utc": "2026-09-13T01:35:31Z", "command": "zod: |start %stead-home", "result": ">="}
{"utc": "2026-09-13T01:35:31Z", "command": "zod: -stead-smoke ~zod [%assert 0]", "result": {"stdout": "[32 %avow 0 %noun %stead-smoke-ack]", "stderr": "loom: mapped 512MB\r\nlite: arvo formula 4ce68411\r\nlite: core 641296f\r\nlite: final state 641296f\r\neval (cue, newt):", "request": "[32 %fyrd [%base %stead-smoke %noun [%noun [~zod [%assert 0]]]]]", "response_frame_sha256": "3530ab4116ee4a53b337d33da39aaffba6ad10029babade28d911ffb5ef8d9ce"}}
{"utc": "2026-09-13T01:35:32Z", "command": "bud: -stead-smoke ~zod [%advance ~bus 0]", "result": {"stdout": "[32 %avow 1]", "stderr": "loom: mapped 512MB\r\nlite: arvo formula 4ce68411\r\nlite: core 641296f\r\nlite: final state 641296f\r\neval (cue, newt):\n\r\n/sys/vane/gall/hoon:<[1.863 9].[1.863 37]>\r\n/app/stead-home/hoon:<[27 3].[50 5]>\r\n/app/stead-home/hoon:<[28 3].[50 5]>\r\n/app/stead-home/hoon:<[29 3].[50 5]>\r\n/app/stead-home/hoon:<[30 3].[50 5]>\r\n/app/stead-home/hoon:<[42 7].[49 31]>\r\n/app/stead-home/hoon:<[43 9].[44 11]>\r\nstead-smoke-denied\r\n/app/stead-home/hoon:<[44 9].[44 11]>\r\npoke-ack\r\npoke-fail\r\neval: bail: %thread-fail", "request": "[32 %fyrd [%base %stead-smoke %noun [%noun [~zod [%advance ~bus 0]]]]]", "response_frame_sha256": "c63fb76ea742dd91ae9bf129fb0df8304bc9d26fee819c5f131b0b1701aa1f51"}}
{"utc": "2026-09-13T01:35:33Z", "command": "nec: -stead-smoke ~zod [%advance ~bus 0]", "result": {"stdout": "[32 %avow 1]", "stderr": "loom: mapped 512MB\r\nlite: arvo formula 4ce68411\r\nlite: core 641296f\r\nlite: final state 641296f\r\neval (cue, newt):\n\r\n/sys/vane/gall/hoon:<[1.863 9].[1.863 37]>\r\n/app/stead-home/hoon:<[27 3].[50 5]>\r\n/app/stead-home/hoon:<[28 3].[50 5]>\r\n/app/stead-home/hoon:<[29 3].[50 5]>\r\n/app/stead-home/hoon:<[30 3].[50 5]>\r\n/app/stead-home/hoon:<[42 7].[49 31]>\r\n/app/stead-home/hoon:<[43 9].[44 11]>\r\nstead-smoke-denied\r\n/app/stead-home/hoon:<[44 9].[44 11]>\r\npoke-ack\r\npoke-fail\r\neval: bail: %thread-fail", "request": "[32 %fyrd [%base %stead-smoke %noun [%noun [~zod [%advance ~bus 0]]]]]", "response_frame_sha256": "c63fb76ea742dd91ae9bf129fb0df8304bc9d26fee819c5f131b0b1701aa1f51"}}
{"utc": "2026-09-13T01:35:34Z", "command": "zod: -stead-smoke ~zod [%assert 0]", "result": {"stdout": "[32 %avow 0 %noun %stead-smoke-ack]", "stderr": "loom: mapped 512MB\r\nlite: arvo formula 4ce68411\r\nlite: core 641296f\r\nlite: final state 641296f\r\neval (cue, newt):", "request": "[32 %fyrd [%base %stead-smoke %noun [%noun [~zod [%assert 0]]]]]", "response_frame_sha256": "3530ab4116ee4a53b337d33da39aaffba6ad10029babade28d911ffb5ef8d9ce"}}
{"utc": "2026-09-13T01:35:34Z", "command": "bus: -stead-smoke ~zod [%advance ~bud 0]", "result": {"stdout": "[32 %avow 0 %noun %stead-smoke-ack]", "stderr": "loom: mapped 512MB\r\nlite: arvo formula 4ce68411\r\nlite: core 641296f\r\nlite: final state 641296f\r\neval (cue, newt):", "request": "[32 %fyrd [%base %stead-smoke %noun [%noun [~zod [%advance ~bud 0]]]]]", "response_frame_sha256": "3530ab4116ee4a53b337d33da39aaffba6ad10029babade28d911ffb5ef8d9ce"}}
{"utc": "2026-09-13T01:35:35Z", "command": "bus: -stead-smoke ~zod [%advance ~bus 0]", "result": {"stdout": "[32 %avow 1]", "stderr": "loom: mapped 512MB\r\nlite: arvo formula 4ce68411\r\nlite: core 641296f\r\nlite: final state 641296f\r\neval (cue, newt):\n\r\n/sys/vane/gall/hoon:<[1.863 9].[1.863 37]>\r\n/app/stead-home/hoon:<[27 3].[50 5]>\r\n/app/stead-home/hoon:<[28 3].[50 5]>\r\n/app/stead-home/hoon:<[29 3].[50 5]>\r\n/app/stead-home/hoon:<[30 3].[50 5]>\r\n/app/stead-home/hoon:<[42 7].[49 31]>\r\n/app/stead-home/hoon:<[45 7].[49 31]>\r\n/app/stead-home/hoon:<[46 7].[49 31]>\r\n/app/stead-home/hoon:<[47 9].[48 11]>\r\nstead-smoke-stale\r\n/app/stead-home/hoon:<[48 9].[48 11]>\r\npoke-ack\r\npoke-fail\r\neval: bail: %thread-fail", "request": "[32 %fyrd [%base %stead-smoke %noun [%noun [~zod [%advance ~bus 0]]]]]", "response_frame_sha256": "53d03058ef16f9fac8ccdba746da9f016f5d004f8768d01957b9fb4ac52d503d"}}
{"utc": "2026-09-13T01:35:35Z", "command": "zod: -stead-smoke ~zod [%assert 1]", "result": {"stdout": "[32 %avow 0 %noun %stead-smoke-ack]", "stderr": "loom: mapped 512MB\r\nlite: arvo formula 4ce68411\r\nlite: core 641296f\r\nlite: final state 641296f\r\neval (cue, newt):", "request": "[32 %fyrd [%base %stead-smoke %noun [%noun [~zod [%assert 1]]]]]", "response_frame_sha256": "3530ab4116ee4a53b337d33da39aaffba6ad10029babade28d911ffb5ef8d9ce"}}
{"utc": "2026-09-13T01:35:35Z", "command": "shutdown zod", "result": {"exit_code": 0}}
{"utc": "2026-09-13T01:35:35Z", "command": "launch zod", "result": {"argv": ["/runtime/bin/vere-v4.6-linux-x86_64", "-t", "-L", "--no-dock", "--loom", "31", "-b", "127.0.0.1", "--http-port", "18080", "/state/live/zod"], "pid": 146}}
{"utc": "2026-09-13T01:35:37Z", "command": "zod: zuse", "result": "%408\n"}
{"utc": "2026-09-13T01:35:37Z", "command": "zod: -stead-smoke ~zod [%assert 1]", "result": {"stdout": "[32 %avow 0 %noun %stead-smoke-ack]", "stderr": "loom: mapped 512MB\r\nlite: arvo formula 4ce68411\r\nlite: core 641296f\r\nlite: final state 641296f\r\neval (cue, newt):", "request": "[32 %fyrd [%base %stead-smoke %noun [%noun [~zod [%assert 1]]]]]", "response_frame_sha256": "3530ab4116ee4a53b337d33da39aaffba6ad10029babade28d911ffb5ef8d9ce"}}
{"utc": "2026-09-13T01:35:37Z", "command": "bud: -stead-smoke ~zod [%advance ~bus 1]", "result": {"stdout": "[32 %avow 1]", "stderr": "loom: mapped 512MB\r\nlite: arvo formula 4ce68411\r\nlite: core 641296f\r\nlite: final state 641296f\r\neval (cue, newt):\n\r\n/sys/vane/gall/hoon:<[1.863 9].[1.863 37]>\r\n/app/stead-home/hoon:<[27 3].[50 5]>\r\n/app/stead-home/hoon:<[28 3].[50 5]>\r\n/app/stead-home/hoon:<[29 3].[50 5]>\r\n/app/stead-home/hoon:<[30 3].[50 5]>\r\n/app/stead-home/hoon:<[42 7].[49 31]>\r\n/app/stead-home/hoon:<[43 9].[44 11]>\r\nstead-smoke-denied\r\n/app/stead-home/hoon:<[44 9].[44 11]>\r\npoke-ack\r\npoke-fail\r\neval: bail: %thread-fail", "request": "[32 %fyrd [%base %stead-smoke %noun [%noun [~zod [%advance ~bus 1]]]]]", "response_frame_sha256": "c63fb76ea742dd91ae9bf129fb0df8304bc9d26fee819c5f131b0b1701aa1f51"}}
{"utc": "2026-09-13T01:35:38Z", "command": "bus: -stead-smoke ~zod [%advance ~bus 1]", "result": {"stdout": "[32 %avow 0 %noun %stead-smoke-ack]", "stderr": "loom: mapped 512MB\r\nlite: arvo formula 4ce68411\r\nlite: core 641296f\r\nlite: final state 641296f\r\neval (cue, newt):", "request": "[32 %fyrd [%base %stead-smoke %noun [%noun [~zod [%advance ~bus 1]]]]]", "response_frame_sha256": "3530ab4116ee4a53b337d33da39aaffba6ad10029babade28d911ffb5ef8d9ce"}}
{"utc": "2026-09-13T01:35:38Z", "command": "zod: -stead-smoke ~zod [%assert 2]", "result": {"stdout": "[32 %avow 0 %noun %stead-smoke-ack]", "stderr": "loom: mapped 512MB\r\nlite: arvo formula 4ce68411\r\nlite: core 641296f\r\nlite: final state 641296f\r\neval (cue, newt):", "request": "[32 %fyrd [%base %stead-smoke %noun [%noun [~zod [%assert 2]]]]]", "response_frame_sha256": "3530ab4116ee4a53b337d33da39aaffba6ad10029babade28d911ffb5ef8d9ce"}}
{"utc": "2026-09-13T01:35:38Z", "command": "zod: -stead-smoke ~zod [%assert 999]", "result": {"stdout": "[32 %avow 1]", "stderr": "loom: mapped 512MB\r\nlite: arvo formula 4ce68411\r\nlite: core 641296f\r\nlite: final state 641296f\r\neval (cue, newt):\n\r\n/sys/vane/gall/hoon:<[1.863 9].[1.863 37]>\r\n/app/stead-home/hoon:<[27 3].[50 5]>\r\n/app/stead-home/hoon:<[28 3].[50 5]>\r\n/app/stead-home/hoon:<[29 3].[50 5]>\r\n/app/stead-home/hoon:<[30 3].[50 5]>\r\n/app/stead-home/hoon:<[33 7].[39 12]>\r\n/app/stead-home/hoon:<[36 7].[39 12]>\r\n/app/stead-home/hoon:<[37 9].[38 11]>\r\nstead-smoke-assertion\r\n/app/stead-home/hoon:<[38 9].[38 11]>\r\npoke-fail\r\neval: bail: %thread-fail", "request": "[32 %fyrd [%base %stead-smoke %noun [%noun [~zod [%assert 999]]]]]", "response_frame_sha256": "be840ea5bc1badef4e3fc3efea8001eec933aabe0751694a01d112b68c2c2a46"}}
{"utc": "2026-09-13T02:34:28Z", "command": "shutdown zod", "result": {"exit_code": 0}}
{"utc": "2026-09-13T02:34:28Z", "command": "shutdown bus", "result": {"exit_code": 0}}
{"utc": "2026-09-13T02:34:28Z", "command": "shutdown nec", "result": {"exit_code": 0}}
{"utc": "2026-09-13T02:34:28Z", "command": "shutdown bud", "result": {"exit_code": 0}}
{"utc": "2026-09-13T02:34:46Z", "command": "launch zod", "result": {"argv": ["/runtime/bin/vere-v4.6-linux-x86_64", "-t", "-L", "--no-dock", "--loom", "31", "-b", "127.0.0.1", "--http-port", "18080", "/state/live/zod"], "pid": 4}}
{"utc": "2026-09-13T02:34:47Z", "command": "zod: zuse", "result": "%408\n"}
{"utc": "2026-09-13T02:34:47Z", "command": "zod: |mount %base", "result": ">="}
{"utc": "2026-09-13T02:34:47Z", "command": "launch bus", "result": {"argv": ["/runtime/bin/vere-v4.6-linux-x86_64", "-t", "-L", "--no-dock", "--loom", "31", "-b", "127.0.0.1", "--http-port", "18081", "/state/live/bus"], "pid": 12}}
{"utc": "2026-09-13T02:34:48Z", "command": "bus: zuse", "result": "%408\n"}
{"utc": "2026-09-13T02:34:48Z", "command": "bus: |mount %base", "result": ">="}
{"utc": "2026-09-13T02:34:48Z", "command": "launch nec", "result": {"argv": ["/runtime/bin/vere-v4.6-linux-x86_64", "-t", "-L", "--no-dock", "--loom", "31", "-b", "127.0.0.1", "--http-port", "18082", "/state/live/nec"], "pid": 19}}
{"utc": "2026-09-13T02:34:49Z", "command": "nec: zuse", "result": "%408\n"}
{"utc": "2026-09-13T02:34:49Z", "command": "nec: |mount %base", "result": ">="}
{"utc": "2026-09-13T02:34:49Z", "command": "launch bud", "result": {"argv": ["/runtime/bin/vere-v4.6-linux-x86_64", "-t", "-L", "--no-dock", "--loom", "31", "-b", "127.0.0.1", "--http-port", "18083", "/state/live/bud"], "pid": 26}}
{"utc": "2026-09-13T02:34:50Z", "command": "bud: zuse", "result": "%408\n"}
{"utc": "2026-09-13T02:34:50Z", "command": "bud: |mount %base", "result": ">="}
{"utc": "2026-09-13T02:35:02Z", "command": "shutdown zod", "result": {"exit_code": 0}}
{"utc": "2026-09-13T02:35:02Z", "command": "shutdown bus", "result": {"exit_code": 0}}
{"utc": "2026-09-13T02:35:03Z", "command": "shutdown nec", "result": {"exit_code": 0}}
{"utc": "2026-09-13T02:35:03Z", "command": "shutdown bud", "result": {"exit_code": 0}}
{"utc": "2026-09-13T02:35:04Z", "command": "launch zod", "result": {"argv": ["/runtime/bin/vere-v4.6-linux-x86_64", "-t", "-L", "--no-dock", "--loom", "31", "-b", "127.0.0.1", "--http-port", "18080", "/state/live/zod"], "pid": 35}}
{"utc": "2026-09-13T02:35:07Z", "command": "zod: zuse", "result": "%408\n"}
{"utc": "2026-09-13T02:35:07Z", "command": "launch bus", "result": {"argv": ["/runtime/bin/vere-v4.6-linux-x86_64", "-t", "-L", "--no-dock", "--loom", "31", "-b", "127.0.0.1", "--http-port", "18081", "/state/live/bus"], "pid": 42}}
{"utc": "2026-09-13T02:35:09Z", "command": "bus: zuse", "result": "%408\n"}
{"utc": "2026-09-13T02:35:09Z", "command": "launch nec", "result": {"argv": ["/runtime/bin/vere-v4.6-linux-x86_64", "-t", "-L", "--no-dock", "--loom", "31", "-b", "127.0.0.1", "--http-port", "18082", "/state/live/nec"], "pid": 49}}
{"utc": "2026-09-13T02:35:11Z", "command": "nec: zuse", "result": "%408\n"}
{"utc": "2026-09-13T02:35:11Z", "command": "launch bud", "result": {"argv": ["/runtime/bin/vere-v4.6-linux-x86_64", "-t", "-L", "--no-dock", "--loom", "31", "-b", "127.0.0.1", "--http-port", "18083", "/state/live/bud"], "pid": 56}}
{"utc": "2026-09-13T02:35:13Z", "command": "bud: zuse", "result": "%408\n"}
Traceback (most recent call last):
  File "/code/core_test.py", line 28, in run
    report['commands'].append({'ship': 'zod', 'command': '|start %stead-home', 'result': host['dojo']('zod', '|start %stead-home')})
                                                                                         ~~~~~~~~~~~~^^^^^^^^^^^^^^^^^^^^^^^^^^^^^
  File "/code/supervisor.py", line 53, in dojo
    with urllib.request.urlopen(request, timeout=timeout) as response:
         ~~~~~~~~~~~~~~~~~~~~~~^^^^^^^^^^^^^^^^^^^^^^^^^^
  File "/usr/lib/python3.14/urllib/request.py", line 187, in urlopen
    return opener.open(url, data, timeout)
           ~~~~~~~~~~~^^^^^^^^^^^^^^^^^^^^
  File "/usr/lib/python3.14/urllib/request.py", line 493, in open
    response = meth(req, response)
  File "/usr/lib/python3.14/urllib/request.py", line 602, in http_response
    response = self.parent.error(
        'http', request, response, code, msg, hdrs)
  File "/usr/lib/python3.14/urllib/request.py", line 531, in error
    return self._call_chain(*args)
           ~~~~~~~~~~~~~~~~^^^^^^^
  File "/usr/lib/python3.14/urllib/request.py", line 464, in _call_chain
    result = func(*args)
  File "/usr/lib/python3.14/urllib/request.py", line 611, in http_error_default
    raise HTTPError(req.full_url, code, msg, hdrs, fp)
urllib.error.HTTPError: HTTP Error 500: hosed
{"utc": "2026-09-13T02:47:05Z", "command": "shutdown zod", "result": {"exit_code": 0}}
{"utc": "2026-09-13T02:47:05Z", "command": "shutdown bus", "result": {"exit_code": 0}}
{"utc": "2026-09-13T02:47:05Z", "command": "shutdown nec", "result": {"exit_code": 0}}
{"utc": "2026-09-13T02:47:06Z", "command": "shutdown bud", "result": {"exit_code": 0}}
{"utc": "2026-09-13T02:47:12Z", "command": "launch zod", "result": {"argv": ["/runtime/bin/vere-v4.6-linux-x86_64", "-t", "-L", "--no-dock", "--loom", "31", "-b", "127.0.0.1", "--http-port", "18080", "/state/live/zod"], "pid": 4}}
{"utc": "2026-09-13T02:47:13Z", "command": "zod: zuse", "result": "%408\n"}
{"utc": "2026-09-13T02:47:14Z", "command": "zod: |mount %base", "result": ">="}
{"utc": "2026-09-13T02:47:14Z", "command": "launch bus", "result": {"argv": ["/runtime/bin/vere-v4.6-linux-x86_64", "-t", "-L", "--no-dock", "--loom", "31", "-b", "127.0.0.1", "--http-port", "18081", "/state/live/bus"], "pid": 12}}
{"utc": "2026-09-13T02:47:15Z", "command": "bus: zuse", "result": "%408\n"}
{"utc": "2026-09-13T02:47:15Z", "command": "bus: |mount %base", "result": ">="}
{"utc": "2026-09-13T02:47:15Z", "command": "launch nec", "result": {"argv": ["/runtime/bin/vere-v4.6-linux-x86_64", "-t", "-L", "--no-dock", "--loom", "31", "-b", "127.0.0.1", "--http-port", "18082", "/state/live/nec"], "pid": 19}}
{"utc": "2026-09-13T02:47:16Z", "command": "nec: zuse", "result": "%408\n"}
{"utc": "2026-09-13T02:47:16Z", "command": "nec: |mount %base", "result": ">="}
{"utc": "2026-09-13T02:47:16Z", "command": "launch bud", "result": {"argv": ["/runtime/bin/vere-v4.6-linux-x86_64", "-t", "-L", "--no-dock", "--loom", "31", "-b", "127.0.0.1", "--http-port", "18083", "/state/live/bud"], "pid": 26}}
{"utc": "2026-09-13T02:47:17Z", "command": "bud: zuse", "result": "%408\n"}
{"utc": "2026-09-13T02:47:17Z", "command": "bud: |mount %base", "result": ">="}
{"utc": "2026-09-13T02:47:27Z", "command": "shutdown zod", "result": {"exit_code": 0}}
{"utc": "2026-09-13T02:47:27Z", "command": "shutdown bus", "result": {"exit_code": 0}}
{"utc": "2026-09-13T02:47:28Z", "command": "shutdown nec", "result": {"exit_code": 0}}
{"utc": "2026-09-13T02:47:29Z", "command": "shutdown bud", "result": {"exit_code": 0}}
{"utc": "2026-09-13T02:47:30Z", "command": "launch zod", "result": {"argv": ["/runtime/bin/vere-v4.6-linux-x86_64", "-t", "-L", "--no-dock", "--loom", "31", "-b", "127.0.0.1", "--http-port", "18080", "/state/live/zod"], "pid": 35}}
{"utc": "2026-09-13T02:47:34Z", "command": "zod: zuse", "result": "%408\n"}
{"utc": "2026-09-13T02:47:34Z", "command": "launch bus", "result": {"argv": ["/runtime/bin/vere-v4.6-linux-x86_64", "-t", "-L", "--no-dock", "--loom", "31", "-b", "127.0.0.1", "--http-port", "18081", "/state/live/bus"], "pid": 42}}
{"utc": "2026-09-13T02:47:37Z", "command": "bus: zuse", "result": "%408\n"}
{"utc": "2026-09-13T02:47:37Z", "command": "launch nec", "result": {"argv": ["/runtime/bin/vere-v4.6-linux-x86_64", "-t", "-L", "--no-dock", "--loom", "31", "-b", "127.0.0.1", "--http-port", "18082", "/state/live/nec"], "pid": 49}}
{"utc": "2026-09-13T02:47:40Z", "command": "nec: zuse", "result": "%408\n"}
{"utc": "2026-09-13T02:47:40Z", "command": "launch bud", "result": {"argv": ["/runtime/bin/vere-v4.6-linux-x86_64", "-t", "-L", "--no-dock", "--loom", "31", "-b", "127.0.0.1", "--http-port", "18083", "/state/live/bud"], "pid": 56}}
{"utc": "2026-09-13T02:47:42Z", "command": "bud: zuse", "result": "%408\n"}
Traceback (most recent call last):
  File "/code/core_test.py", line 46, in run
    result = call('zod', 'command', route, json.dumps(cmd).encode())
  File "/code/core_test.py", line 37, in call
    result = core_conn.run(binary, host['LIVE'] / ship / '.urb/conn.sock', mode, route, raw, **kwargs)
  File "/code/core_conn.py", line 57, in run
    if len(frame) != 5 + framed_length(frame[:5]):
                         ~~~~~~~~~~~~~^^^^^^^^^^^
  File "/code/conn.py", line 31, in framed_length
    raise ValueError('Invalid Newt header')
ValueError: Invalid Newt header
{"utc": "2026-09-13T02:48:22Z", "command": "shutdown zod", "result": {"exit_code": 0}}
{"utc": "2026-09-13T02:48:23Z", "command": "shutdown bus", "result": {"exit_code": 0}}
{"utc": "2026-09-13T02:48:23Z", "command": "shutdown nec", "result": {"exit_code": 0}}
{"utc": "2026-09-13T02:48:27Z", "command": "shutdown bud", "result": {"exit_code": 0}}
{"utc": "2026-09-13T02:48:28Z", "command": "launch zod", "result": {"argv": ["/runtime/bin/vere-v4.6-linux-x86_64", "-t", "-L", "--no-dock", "--loom", "31", "-b", "127.0.0.1", "--http-port", "18080", "/state/live/zod"], "pid": 71}}
{"utc": "2026-09-13T02:48:31Z", "command": "zod: zuse", "result": "%408\n"}
{"utc": "2026-09-13T02:48:31Z", "command": "launch bus", "result": {"argv": ["/runtime/bin/vere-v4.6-linux-x86_64", "-t", "-L", "--no-dock", "--loom", "31", "-b", "127.0.0.1", "--http-port", "18081", "/state/live/bus"], "pid": 78}}
{"utc": "2026-09-13T02:48:34Z", "command": "bus: zuse", "result": "%408\n"}
{"utc": "2026-09-13T02:48:34Z", "command": "launch nec", "result": {"argv": ["/runtime/bin/vere-v4.6-linux-x86_64", "-t", "-L", "--no-dock", "--loom", "31", "-b", "127.0.0.1", "--http-port", "18082", "/state/live/nec"], "pid": 85}}
{"utc": "2026-09-13T02:48:36Z", "command": "nec: zuse", "result": "%408\n"}
{"utc": "2026-09-13T02:48:36Z", "command": "launch bud", "result": {"argv": ["/runtime/bin/vere-v4.6-linux-x86_64", "-t", "-L", "--no-dock", "--loom", "31", "-b", "127.0.0.1", "--http-port", "18083", "/state/live/bud"], "pid": 92}}
{"utc": "2026-09-13T02:48:38Z", "command": "bud: zuse", "result": "%408\n"}
Traceback (most recent call last):
  File "/code/core_test.py", line 49, in run
    result = call('bud', 'read', '/v1/project/' + cmd['project_id'])
  File "/code/core_test.py", line 40, in call
    raise AssertionError(result['stderr'])
AssertionError: loom: mapped 512MB
lite: arvo formula 4ce68411
lite: core 641296f
lite: final state 641296f
eval (cue, newt):

cancelled
eval: bail: %thread-fail
{"utc": "2026-09-13T02:51:19Z", "command": "shutdown zod", "result": {"exit_code": 0}}
{"utc": "2026-09-13T02:51:20Z", "command": "shutdown bus", "result": {"exit_code": 0}}
{"utc": "2026-09-13T02:51:20Z", "command": "shutdown nec", "result": {"exit_code": 0}}
{"utc": "2026-09-13T02:51:20Z", "command": "shutdown bud", "result": {"exit_code": 0}}
{"utc": "2026-09-13T02:51:21Z", "command": "launch zod", "result": {"argv": ["/runtime/bin/vere-v4.6-linux-x86_64", "-t", "-L", "--no-dock", "--loom", "31", "-b", "127.0.0.1", "--http-port", "18080", "/state/live/zod"], "pid": 110}}
{"utc": "2026-09-13T02:51:24Z", "command": "zod: zuse", "result": "%408\n"}
{"utc": "2026-09-13T02:51:24Z", "command": "launch bus", "result": {"argv": ["/runtime/bin/vere-v4.6-linux-x86_64", "-t", "-L", "--no-dock", "--loom", "31", "-b", "127.0.0.1", "--http-port", "18081", "/state/live/bus"], "pid": 117}}
{"utc": "2026-09-13T02:51:28Z", "command": "bus: zuse", "result": "%408\n"}
{"utc": "2026-09-13T02:51:28Z", "command": "launch nec", "result": {"argv": ["/runtime/bin/vere-v4.6-linux-x86_64", "-t", "-L", "--no-dock", "--loom", "31", "-b", "127.0.0.1", "--http-port", "18082", "/state/live/nec"], "pid": 124}}
{"utc": "2026-09-13T02:51:30Z", "command": "nec: zuse", "result": "%408\n"}
{"utc": "2026-09-13T02:51:30Z", "command": "launch bud", "result": {"argv": ["/runtime/bin/vere-v4.6-linux-x86_64", "-t", "-L", "--no-dock", "--loom", "31", "-b", "127.0.0.1", "--http-port", "18083", "/state/live/bud"], "pid": 131}}
{"utc": "2026-09-13T02:51:33Z", "command": "bud: zuse", "result": "%408\n"}
{"utc": "2026-09-13T03:11:09Z", "command": "shutdown zod", "result": {"exit_code": 0}}
{"utc": "2026-09-13T03:11:10Z", "command": "shutdown bus", "result": {"exit_code": 0}}
{"utc": "2026-09-13T03:11:10Z", "command": "shutdown nec", "result": {"exit_code": 0}}
{"utc": "2026-09-13T03:11:10Z", "command": "shutdown bud", "result": {"exit_code": 0}}
{"utc": "2026-09-13T03:11:31Z", "command": "launch zod", "result": {"argv": ["/runtime/bin/vere-v4.6-linux-x86_64", "-t", "-L", "--no-dock", "--loom", "31", "-b", "127.0.0.1", "--http-port", "18080", "/state/live/zod"], "pid": 4}}
{"utc": "2026-09-13T03:11:32Z", "command": "zod: zuse", "result": "%408\n"}
{"utc": "2026-09-13T03:11:32Z", "command": "zod: |mount %base", "result": ">="}
{"utc": "2026-09-13T03:11:32Z", "command": "launch bus", "result": {"argv": ["/runtime/bin/vere-v4.6-linux-x86_64", "-t", "-L", "--no-dock", "--loom", "31", "-b", "127.0.0.1", "--http-port", "18081", "/state/live/bus"], "pid": 12}}
{"utc": "2026-09-13T03:11:33Z", "command": "bus: zuse", "result": "%408\n"}
{"utc": "2026-09-13T03:11:33Z", "command": "bus: |mount %base", "result": ">="}
{"utc": "2026-09-13T03:11:33Z", "command": "launch nec", "result": {"argv": ["/runtime/bin/vere-v4.6-linux-x86_64", "-t", "-L", "--no-dock", "--loom", "31", "-b", "127.0.0.1", "--http-port", "18082", "/state/live/nec"], "pid": 19}}
{"utc": "2026-09-13T03:11:34Z", "command": "nec: zuse", "result": "%408\n"}
{"utc": "2026-09-13T03:11:34Z", "command": "nec: |mount %base", "result": ">="}
{"utc": "2026-09-13T03:11:34Z", "command": "launch bud", "result": {"argv": ["/runtime/bin/vere-v4.6-linux-x86_64", "-t", "-L", "--no-dock", "--loom", "31", "-b", "127.0.0.1", "--http-port", "18083", "/state/live/bud"], "pid": 26}}
{"utc": "2026-09-13T03:11:35Z", "command": "bud: zuse", "result": "%408\n"}
{"utc": "2026-09-13T03:11:35Z", "command": "bud: |mount %base", "result": ">="}
{"utc": "2026-09-13T03:13:50Z", "command": "shutdown zod", "result": {"exit_code": 0}}
{"utc": "2026-09-13T03:13:51Z", "command": "shutdown bus", "result": {"exit_code": 0}}
{"utc": "2026-09-13T03:13:51Z", "command": "shutdown nec", "result": {"exit_code": 0}}
{"utc": "2026-09-13T03:13:51Z", "command": "shutdown bud", "result": {"exit_code": 0}}
{"utc": "2026-09-13T03:13:52Z", "command": "launch zod", "result": {"argv": ["/runtime/bin/vere-v4.6-linux-x86_64", "-t", "-L", "--no-dock", "--loom", "31", "-b", "127.0.0.1", "--http-port", "18080", "/state/live/zod"], "pid": 35}}
{"utc": "2026-09-13T03:13:56Z", "command": "zod: zuse", "result": "%408\n"}
{"utc": "2026-09-13T03:13:56Z", "command": "launch bus", "result": {"argv": ["/runtime/bin/vere-v4.6-linux-x86_64", "-t", "-L", "--no-dock", "--loom", "31", "-b", "127.0.0.1", "--http-port", "18081", "/state/live/bus"], "pid": 42}}
{"utc": "2026-09-13T03:14:00Z", "command": "bus: zuse", "result": "%408\n"}
{"utc": "2026-09-13T03:14:00Z", "command": "launch nec", "result": {"argv": ["/runtime/bin/vere-v4.6-linux-x86_64", "-t", "-L", "--no-dock", "--loom", "31", "-b", "127.0.0.1", "--http-port", "18082", "/state/live/nec"], "pid": 49}}
{"utc": "2026-09-13T03:14:02Z", "command": "nec: zuse", "result": "%408\n"}
{"utc": "2026-09-13T03:14:02Z", "command": "launch bud", "result": {"argv": ["/runtime/bin/vere-v4.6-linux-x86_64", "-t", "-L", "--no-dock", "--loom", "31", "-b", "127.0.0.1", "--http-port", "18083", "/state/live/bud"], "pid": 56}}
{"utc": "2026-09-13T03:14:04Z", "command": "bud: zuse", "result": "%408\n"}
Traceback (most recent call last):
  File "/code/core_test.py", line 233, in run
    command(ship, '+stead-build-probe', '%stead-builds-pass')
    ~~~~~~~^^^^^^^^^^^^^^^^^^^^^^^^^^^^^^^^^^^^^^^^^^^^^^^^^^
  File "/code/core_test.py", line 57, in command
    check(ship + ':' + source, result.strip() == expected)
    ~~~~~^^^^^^^^^^^^^^^^^^^^^^^^^^^^^^^^^^^^^^^^^^^^^^^^^
  File "/code/core_test.py", line 51, in check
    raise AssertionError(name)
AssertionError: zod:+stead-build-probe
{"utc": "2026-09-13T03:15:36Z", "command": "shutdown zod", "result": {"exit_code": 0}}
{"utc": "2026-09-13T03:15:37Z", "command": "shutdown bus", "result": {"exit_code": 0}}
{"utc": "2026-09-13T03:15:37Z", "command": "shutdown nec", "result": {"exit_code": 0}}
{"utc": "2026-09-13T03:15:38Z", "command": "shutdown bud", "result": {"exit_code": 0}}
{"utc": "2026-09-13T03:15:39Z", "command": "launch zod", "result": {"argv": ["/runtime/bin/vere-v4.6-linux-x86_64", "-t", "-L", "--no-dock", "--loom", "31", "-b", "127.0.0.1", "--http-port", "18080", "/state/live/zod"], "pid": 68}}
{"utc": "2026-09-13T03:15:43Z", "command": "zod: zuse", "result": "%408\n"}
{"utc": "2026-09-13T03:15:43Z", "command": "launch bus", "result": {"argv": ["/runtime/bin/vere-v4.6-linux-x86_64", "-t", "-L", "--no-dock", "--loom", "31", "-b", "127.0.0.1", "--http-port", "18081", "/state/live/bus"], "pid": 75}}
{"utc": "2026-09-13T03:15:45Z", "command": "bus: zuse", "result": "%408\n"}
{"utc": "2026-09-13T03:15:45Z", "command": "launch nec", "result": {"argv": ["/runtime/bin/vere-v4.6-linux-x86_64", "-t", "-L", "--no-dock", "--loom", "31", "-b", "127.0.0.1", "--http-port", "18082", "/state/live/nec"], "pid": 82}}
{"utc": "2026-09-13T03:15:48Z", "command": "nec: zuse", "result": "%408\n"}
{"utc": "2026-09-13T03:15:48Z", "command": "launch bud", "result": {"argv": ["/runtime/bin/vere-v4.6-linux-x86_64", "-t", "-L", "--no-dock", "--loom", "31", "-b", "127.0.0.1", "--http-port", "18083", "/state/live/bud"], "pid": 89}}
{"utc": "2026-09-13T03:15:50Z", "command": "bud: zuse", "result": "%408\n"}
{"utc": "2026-09-13T03:17:56Z", "command": "shutdown zod", "result": {"exit_code": 0}}
{"utc": "2026-09-13T03:17:56Z", "command": "launch zod", "result": {"argv": ["/runtime/bin/vere-v4.6-linux-x86_64", "-t", "-L", "--no-dock", "--loom", "31", "-b", "127.0.0.1", "--http-port", "18080", "/state/live/zod"], "pid": 943}}
{"utc": "2026-09-13T03:17:57Z", "command": "zod: zuse", "result": "%408\n"}
core: ordered, expiry, authorization and export outcomes complete
Traceback (most recent call last):
  File "/code/core_test.py", line 246, in run
    codec()
    ~~~~~^^
  File "/code/core_test.py", line 161, in codec
    result = call('bus', 'codec', raw=raw)
  File "/code/core_test.py", line 63, in call
    result = core_conn.run(binary, host['LIVE'] / ship / '.urb/conn.sock', mode, route, raw, **kwargs)
  File "/code/core_conn.py", line 62, in run
    raise ValueError('Invalid runtime-encoded core request')
ValueError: Invalid runtime-encoded core request
{"utc": "2026-09-13T03:24:02Z", "command": "shutdown zod", "result": {"exit_code": 0}}
{"utc": "2026-09-13T03:24:03Z", "command": "shutdown bus", "result": {"exit_code": 0}}
{"utc": "2026-09-13T03:24:03Z", "command": "shutdown nec", "result": {"exit_code": 0}}
{"utc": "2026-09-13T03:24:03Z", "command": "shutdown bud", "result": {"exit_code": 0}}
{"utc": "2026-09-13T03:25:05Z", "command": "launch zod", "result": {"argv": ["/runtime/bin/vere-v4.6-linux-x86_64", "-t", "-L", "--no-dock", "--loom", "31", "-b", "127.0.0.1", "--http-port", "18080", "/state/live/zod"], "pid": 4}}
{"utc": "2026-09-13T03:25:06Z", "command": "zod: zuse", "result": "%408\n"}
{"utc": "2026-09-13T03:25:06Z", "command": "zod: |mount %base", "result": ">="}
{"utc": "2026-09-13T03:25:06Z", "command": "launch bus", "result": {"argv": ["/runtime/bin/vere-v4.6-linux-x86_64", "-t", "-L", "--no-dock", "--loom", "31", "-b", "127.0.0.1", "--http-port", "18081", "/state/live/bus"], "pid": 12}}
{"utc": "2026-09-13T03:25:07Z", "command": "bus: zuse", "result": "%408\n"}
{"utc": "2026-09-13T03:25:07Z", "command": "bus: |mount %base", "result": ">="}
{"utc": "2026-09-13T03:25:07Z", "command": "launch nec", "result": {"argv": ["/runtime/bin/vere-v4.6-linux-x86_64", "-t", "-L", "--no-dock", "--loom", "31", "-b", "127.0.0.1", "--http-port", "18082", "/state/live/nec"], "pid": 19}}
{"utc": "2026-09-13T03:25:08Z", "command": "nec: zuse", "result": "%408\n"}
{"utc": "2026-09-13T03:25:08Z", "command": "nec: |mount %base", "result": ">="}
{"utc": "2026-09-13T03:25:08Z", "command": "launch bud", "result": {"argv": ["/runtime/bin/vere-v4.6-linux-x86_64", "-t", "-L", "--no-dock", "--loom", "31", "-b", "127.0.0.1", "--http-port", "18083", "/state/live/bud"], "pid": 26}}
{"utc": "2026-09-13T03:25:09Z", "command": "bud: zuse", "result": "%408\n"}
{"utc": "2026-09-13T03:25:09Z", "command": "bud: |mount %base", "result": ">="}
{"utc": "2026-09-13T03:25:55Z", "command": "shutdown zod", "result": {"exit_code": 0}}
{"utc": "2026-09-13T03:25:56Z", "command": "shutdown bus", "result": {"exit_code": 0}}
{"utc": "2026-09-13T03:25:56Z", "command": "shutdown nec", "result": {"exit_code": 0}}
{"utc": "2026-09-13T03:25:57Z", "command": "shutdown bud", "result": {"exit_code": 0}}
{"utc": "2026-09-13T03:25:58Z", "command": "launch zod", "result": {"argv": ["/runtime/bin/vere-v4.6-linux-x86_64", "-t", "-L", "--no-dock", "--loom", "31", "-b", "127.0.0.1", "--http-port", "18080", "/state/live/zod"], "pid": 35}}
{"utc": "2026-09-13T03:26:03Z", "command": "zod: zuse", "result": "%408\n"}
{"utc": "2026-09-13T03:26:03Z", "command": "launch bus", "result": {"argv": ["/runtime/bin/vere-v4.6-linux-x86_64", "-t", "-L", "--no-dock", "--loom", "31", "-b", "127.0.0.1", "--http-port", "18081", "/state/live/bus"], "pid": 42}}
{"utc": "2026-09-13T03:26:05Z", "command": "bus: zuse", "result": "%408\n"}
{"utc": "2026-09-13T03:26:05Z", "command": "launch nec", "result": {"argv": ["/runtime/bin/vere-v4.6-linux-x86_64", "-t", "-L", "--no-dock", "--loom", "31", "-b", "127.0.0.1", "--http-port", "18082", "/state/live/nec"], "pid": 49}}
{"utc": "2026-09-13T03:26:08Z", "command": "nec: zuse", "result": "%408\n"}
{"utc": "2026-09-13T03:26:08Z", "command": "launch bud", "result": {"argv": ["/runtime/bin/vere-v4.6-linux-x86_64", "-t", "-L", "--no-dock", "--loom", "31", "-b", "127.0.0.1", "--http-port", "18083", "/state/live/bud"], "pid": 56}}
{"utc": "2026-09-13T03:26:12Z", "command": "bud: zuse", "result": "%408\n"}
{"utc": "2026-09-13T03:28:26Z", "command": "shutdown zod", "result": {"exit_code": 0}}
{"utc": "2026-09-13T03:28:26Z", "command": "launch zod", "result": {"argv": ["/runtime/bin/vere-v4.6-linux-x86_64", "-t", "-L", "--no-dock", "--loom", "31", "-b", "127.0.0.1", "--http-port", "18080", "/state/live/zod"], "pid": 910}}
{"utc": "2026-09-13T03:28:27Z", "command": "zod: zuse", "result": "%408\n"}
core: ordered, expiry, authorization and export outcomes complete
{"utc": "2026-09-13T03:32:44Z", "command": "shutdown zod", "result": {"exit_code": 0}}
{"utc": "2026-09-13T03:32:44Z", "command": "shutdown bus", "result": {"exit_code": 0}}
{"utc": "2026-09-13T03:32:44Z", "command": "shutdown nec", "result": {"exit_code": 0}}
{"utc": "2026-09-13T03:32:46Z", "command": "shutdown bud", "result": {"exit_code": 0}}
{"utc": "2026-09-13T03:32:47Z", "command": "launch zod", "result": {"argv": ["/runtime/bin/vere-v4.6-linux-x86_64", "-t", "-L", "--no-dock", "--loom", "31", "-b", "127.0.0.1", "--http-port", "18080", "/state/live/zod"], "pid": 1816}}
{"utc": "2026-09-13T03:32:51Z", "command": "zod: zuse", "result": "%408\n"}
{"utc": "2026-09-13T03:32:51Z", "command": "launch bus", "result": {"argv": ["/runtime/bin/vere-v4.6-linux-x86_64", "-t", "-L", "--no-dock", "--loom", "31", "-b", "127.0.0.1", "--http-port", "18081", "/state/live/bus"], "pid": 1823}}
{"utc": "2026-09-13T03:32:54Z", "command": "bus: zuse", "result": "%408\n"}
{"utc": "2026-09-13T03:32:54Z", "command": "launch nec", "result": {"argv": ["/runtime/bin/vere-v4.6-linux-x86_64", "-t", "-L", "--no-dock", "--loom", "31", "-b", "127.0.0.1", "--http-port", "18082", "/state/live/nec"], "pid": 1830}}
{"utc": "2026-09-13T03:32:56Z", "command": "nec: zuse", "result": "%408\n"}
{"utc": "2026-09-13T03:32:56Z", "command": "launch bud", "result": {"argv": ["/runtime/bin/vere-v4.6-linux-x86_64", "-t", "-L", "--no-dock", "--loom", "31", "-b", "127.0.0.1", "--http-port", "18083", "/state/live/bud"], "pid": 1837}}
{"utc": "2026-09-13T03:32:58Z", "command": "bud: zuse", "result": "%408\n"}
{"utc": "2026-09-13T03:32:59Z", "command": "zod: |commit %base", "result": ">="}
{"utc": "2026-09-13T03:32:59Z", "command": "bus: |commit %base", "result": ">="}
{"utc": "2026-09-13T03:32:59Z", "command": "nec: |commit %base", "result": ">="}
{"utc": "2026-09-13T03:32:59Z", "command": "bud: |commit %base", "result": ">="}
{"utc": "2026-09-13T03:33:00Z", "command": "zod: |start %stead-home", "result": ">="}
{"utc": "2026-09-13T03:33:00Z", "command": "zod: -stead-smoke ~zod [%assert 0]", "result": {"stdout": "[32 %avow 0 %noun %stead-smoke-ack]", "stderr": "loom: mapped 512MB\r\nlite: arvo formula 4ce68411\r\nlite: core 641296f\r\nlite: final state 641296f\r\neval (cue, newt):", "request": "[32 %fyrd [%base %stead-smoke %noun [%noun [~zod [%assert 0]]]]]", "response_frame_sha256": "3530ab4116ee4a53b337d33da39aaffba6ad10029babade28d911ffb5ef8d9ce"}}
{"utc": "2026-09-13T03:33:02Z", "command": "bud: -stead-smoke ~zod [%advance ~bus 0]", "result": {"stdout": "[32 %avow 1]", "stderr": "loom: mapped 512MB\r\nlite: arvo formula 4ce68411\r\nlite: core 641296f\r\nlite: final state 641296f\r\neval (cue, newt):\n\r\n/sys/vane/gall/hoon:<[1.863 9].[1.863 37]>\r\n/app/stead-home/hoon:<[27 3].[50 5]>\r\n/app/stead-home/hoon:<[28 3].[50 5]>\r\n/app/stead-home/hoon:<[29 3].[50 5]>\r\n/app/stead-home/hoon:<[30 3].[50 5]>\r\n/app/stead-home/hoon:<[42 7].[49 31]>\r\n/app/stead-home/hoon:<[43 9].[44 11]>\r\nstead-smoke-denied\r\n/app/stead-home/hoon:<[44 9].[44 11]>\r\npoke-ack\r\npoke-fail\r\neval: bail: %thread-fail", "request": "[32 %fyrd [%base %stead-smoke %noun [%noun [~zod [%advance ~bus 0]]]]]", "response_frame_sha256": "c63fb76ea742dd91ae9bf129fb0df8304bc9d26fee819c5f131b0b1701aa1f51"}}
{"utc": "2026-09-13T03:33:03Z", "command": "nec: -stead-smoke ~zod [%advance ~bus 0]", "result": {"stdout": "[32 %avow 1]", "stderr": "loom: mapped 512MB\r\nlite: arvo formula 4ce68411\r\nlite: core 641296f\r\nlite: final state 641296f\r\neval (cue, newt):\n\r\n/sys/vane/gall/hoon:<[1.863 9].[1.863 37]>\r\n/app/stead-home/hoon:<[27 3].[50 5]>\r\n/app/stead-home/hoon:<[28 3].[50 5]>\r\n/app/stead-home/hoon:<[29 3].[50 5]>\r\n/app/stead-home/hoon:<[30 3].[50 5]>\r\n/app/stead-home/hoon:<[42 7].[49 31]>\r\n/app/stead-home/hoon:<[43 9].[44 11]>\r\nstead-smoke-denied\r\n/app/stead-home/hoon:<[44 9].[44 11]>\r\npoke-ack\r\npoke-fail\r\neval: bail: %thread-fail", "request": "[32 %fyrd [%base %stead-smoke %noun [%noun [~zod [%advance ~bus 0]]]]]", "response_frame_sha256": "c63fb76ea742dd91ae9bf129fb0df8304bc9d26fee819c5f131b0b1701aa1f51"}}
{"utc": "2026-09-13T03:33:03Z", "command": "zod: -stead-smoke ~zod [%assert 0]", "result": {"stdout": "[32 %avow 0 %noun %stead-smoke-ack]", "stderr": "loom: mapped 512MB\r\nlite: arvo formula 4ce68411\r\nlite: core 641296f\r\nlite: final state 641296f\r\neval (cue, newt):", "request": "[32 %fyrd [%base %stead-smoke %noun [%noun [~zod [%assert 0]]]]]", "response_frame_sha256": "3530ab4116ee4a53b337d33da39aaffba6ad10029babade28d911ffb5ef8d9ce"}}
{"utc": "2026-09-13T03:33:03Z", "command": "bus: -stead-smoke ~zod [%advance ~bud 0]", "result": {"stdout": "[32 %avow 0 %noun %stead-smoke-ack]", "stderr": "loom: mapped 512MB\r\nlite: arvo formula 4ce68411\r\nlite: core 641296f\r\nlite: final state 641296f\r\neval (cue, newt):", "request": "[32 %fyrd [%base %stead-smoke %noun [%noun [~zod [%advance ~bud 0]]]]]", "response_frame_sha256": "3530ab4116ee4a53b337d33da39aaffba6ad10029babade28d911ffb5ef8d9ce"}}
{"utc": "2026-09-13T03:33:04Z", "command": "bus: -stead-smoke ~zod [%advance ~bus 0]", "result": {"stdout": "[32 %avow 1]", "stderr": "loom: mapped 512MB\r\nlite: arvo formula 4ce68411\r\nlite: core 641296f\r\nlite: final state 641296f\r\neval (cue, newt):\n\r\n/sys/vane/gall/hoon:<[1.863 9].[1.863 37]>\r\n/app/stead-home/hoon:<[27 3].[50 5]>\r\n/app/stead-home/hoon:<[28 3].[50 5]>\r\n/app/stead-home/hoon:<[29 3].[50 5]>\r\n/app/stead-home/hoon:<[30 3].[50 5]>\r\n/app/stead-home/hoon:<[42 7].[49 31]>\r\n/app/stead-home/hoon:<[45 7].[49 31]>\r\n/app/stead-home/hoon:<[46 7].[49 31]>\r\n/app/stead-home/hoon:<[47 9].[48 11]>\r\nstead-smoke-stale\r\n/app/stead-home/hoon:<[48 9].[48 11]>\r\npoke-ack\r\npoke-fail\r\neval: bail: %thread-fail", "request": "[32 %fyrd [%base %stead-smoke %noun [%noun [~zod [%advance ~bus 0]]]]]", "response_frame_sha256": "53d03058ef16f9fac8ccdba746da9f016f5d004f8768d01957b9fb4ac52d503d"}}
{"utc": "2026-09-13T03:33:04Z", "command": "zod: -stead-smoke ~zod [%assert 1]", "result": {"stdout": "[32 %avow 0 %noun %stead-smoke-ack]", "stderr": "loom: mapped 512MB\r\nlite: arvo formula 4ce68411\r\nlite: core 641296f\r\nlite: final state 641296f\r\neval (cue, newt):", "request": "[32 %fyrd [%base %stead-smoke %noun [%noun [~zod [%assert 1]]]]]", "response_frame_sha256": "3530ab4116ee4a53b337d33da39aaffba6ad10029babade28d911ffb5ef8d9ce"}}
{"utc": "2026-09-13T03:33:05Z", "command": "shutdown zod", "result": {"exit_code": 0}}
{"utc": "2026-09-13T03:33:05Z", "command": "launch zod", "result": {"argv": ["/runtime/bin/vere-v4.6-linux-x86_64", "-t", "-L", "--no-dock", "--loom", "31", "-b", "127.0.0.1", "--http-port", "18080", "/state/live/zod"], "pid": 1862}}
{"utc": "2026-09-13T03:33:06Z", "command": "zod: zuse", "result": "%408\n"}
{"utc": "2026-09-13T03:33:06Z", "command": "zod: -stead-smoke ~zod [%assert 1]", "result": {"stdout": "[32 %avow 0 %noun %stead-smoke-ack]", "stderr": "loom: mapped 512MB\r\nlite: arvo formula 4ce68411\r\nlite: core 641296f\r\nlite: final state 641296f\r\neval (cue, newt):", "request": "[32 %fyrd [%base %stead-smoke %noun [%noun [~zod [%assert 1]]]]]", "response_frame_sha256": "3530ab4116ee4a53b337d33da39aaffba6ad10029babade28d911ffb5ef8d9ce"}}
{"utc": "2026-09-13T03:33:06Z", "command": "bud: -stead-smoke ~zod [%advance ~bus 1]", "result": {"stdout": "[32 %avow 1]", "stderr": "loom: mapped 512MB\r\nlite: arvo formula 4ce68411\r\nlite: core 641296f\r\nlite: final state 641296f\r\neval (cue, newt):\n\r\n/sys/vane/gall/hoon:<[1.863 9].[1.863 37]>\r\n/app/stead-home/hoon:<[27 3].[50 5]>\r\n/app/stead-home/hoon:<[28 3].[50 5]>\r\n/app/stead-home/hoon:<[29 3].[50 5]>\r\n/app/stead-home/hoon:<[30 3].[50 5]>\r\n/app/stead-home/hoon:<[42 7].[49 31]>\r\n/app/stead-home/hoon:<[43 9].[44 11]>\r\nstead-smoke-denied\r\n/app/stead-home/hoon:<[44 9].[44 11]>\r\npoke-ack\r\npoke-fail\r\neval: bail: %thread-fail", "request": "[32 %fyrd [%base %stead-smoke %noun [%noun [~zod [%advance ~bus 1]]]]]", "response_frame_sha256": "c63fb76ea742dd91ae9bf129fb0df8304bc9d26fee819c5f131b0b1701aa1f51"}}
{"utc": "2026-09-13T03:33:07Z", "command": "bus: -stead-smoke ~zod [%advance ~bus 1]", "result": {"stdout": "[32 %avow 0 %noun %stead-smoke-ack]", "stderr": "loom: mapped 512MB\r\nlite: arvo formula 4ce68411\r\nlite: core 641296f\r\nlite: final state 641296f\r\neval (cue, newt):", "request": "[32 %fyrd [%base %stead-smoke %noun [%noun [~zod [%advance ~bus 1]]]]]", "response_frame_sha256": "3530ab4116ee4a53b337d33da39aaffba6ad10029babade28d911ffb5ef8d9ce"}}
{"utc": "2026-09-13T03:33:07Z", "command": "zod: -stead-smoke ~zod [%assert 2]", "result": {"stdout": "[32 %avow 0 %noun %stead-smoke-ack]", "stderr": "loom: mapped 512MB\r\nlite: arvo formula 4ce68411\r\nlite: core 641296f\r\nlite: final state 641296f\r\neval (cue, newt):", "request": "[32 %fyrd [%base %stead-smoke %noun [%noun [~zod [%assert 2]]]]]", "response_frame_sha256": "3530ab4116ee4a53b337d33da39aaffba6ad10029babade28d911ffb5ef8d9ce"}}
{"utc": "2026-09-13T03:33:07Z", "command": "zod: -stead-smoke ~zod [%assert 999]", "result": {"stdout": "[32 %avow 1]", "stderr": "loom: mapped 512MB\r\nlite: arvo formula 4ce68411\r\nlite: core 641296f\r\nlite: final state 641296f\r\neval (cue, newt):\n\r\n/sys/vane/gall/hoon:<[1.863 9].[1.863 37]>\r\n/app/stead-home/hoon:<[27 3].[50 5]>\r\n/app/stead-home/hoon:<[28 3].[50 5]>\r\n/app/stead-home/hoon:<[29 3].[50 5]>\r\n/app/stead-home/hoon:<[30 3].[50 5]>\r\n/app/stead-home/hoon:<[33 7].[39 12]>\r\n/app/stead-home/hoon:<[36 7].[39 12]>\r\n/app/stead-home/hoon:<[37 9].[38 11]>\r\nstead-smoke-assertion\r\n/app/stead-home/hoon:<[38 9].[38 11]>\r\npoke-fail\r\neval: bail: %thread-fail", "request": "[32 %fyrd [%base %stead-smoke %noun [%noun [~zod [%assert 999]]]]]", "response_frame_sha256": "be840ea5bc1badef4e3fc3efea8001eec933aabe0751694a01d112b68c2c2a46"}}
{"utc": "2026-09-13T03:35:28Z", "command": "shutdown zod", "result": {"exit_code": 0}}
{"utc": "2026-09-13T03:35:28Z", "command": "shutdown bus", "result": {"exit_code": 0}}
{"utc": "2026-09-13T03:35:29Z", "command": "shutdown nec", "result": {"exit_code": 0}}
{"utc": "2026-09-13T03:35:29Z", "command": "shutdown bud", "result": {"exit_code": 0}}
{"utc": "2026-09-13T03:35:30Z", "command": "launch zod", "result": {"argv": ["/runtime/bin/vere-v4.6-linux-x86_64", "-t", "-L", "--no-dock", "--loom", "31", "-b", "127.0.0.1", "--http-port", "18080", "/state/live/zod"], "pid": 1880}}
{"utc": "2026-09-13T03:35:33Z", "command": "zod: zuse", "result": "%408\n"}
{"utc": "2026-09-13T03:35:33Z", "command": "launch bus", "result": {"argv": ["/runtime/bin/vere-v4.6-linux-x86_64", "-t", "-L", "--no-dock", "--loom", "31", "-b", "127.0.0.1", "--http-port", "18081", "/state/live/bus"], "pid": 1887}}
{"utc": "2026-09-13T03:35:35Z", "command": "bus: zuse", "result": "%408\n"}
{"utc": "2026-09-13T03:35:35Z", "command": "launch nec", "result": {"argv": ["/runtime/bin/vere-v4.6-linux-x86_64", "-t", "-L", "--no-dock", "--loom", "31", "-b", "127.0.0.1", "--http-port", "18082", "/state/live/nec"], "pid": 1894}}
{"utc": "2026-09-13T03:35:38Z", "command": "nec: zuse", "result": "%408\n"}
{"utc": "2026-09-13T03:35:38Z", "command": "launch bud", "result": {"argv": ["/runtime/bin/vere-v4.6-linux-x86_64", "-t", "-L", "--no-dock", "--loom", "31", "-b", "127.0.0.1", "--http-port", "18083", "/state/live/bud"], "pid": 1901}}
{"utc": "2026-09-13T03:35:40Z", "command": "bud: zuse", "result": "%408\n"}
{"utc": "2026-09-13T03:37:52Z", "command": "shutdown zod", "result": {"exit_code": 0}}
{"utc": "2026-09-13T03:37:52Z", "command": "launch zod", "result": {"argv": ["/runtime/bin/vere-v4.6-linux-x86_64", "-t", "-L", "--no-dock", "--loom", "31", "-b", "127.0.0.1", "--http-port", "18080", "/state/live/zod"], "pid": 2755}}
{"utc": "2026-09-13T03:37:54Z", "command": "zod: zuse", "result": "%408\n"}
core: ordered, expiry, authorization and export outcomes complete
{"utc": "2026-09-13T13:05:37Z", "command": "shutdown zod", "result": {"exit_code": 0}}
{"utc": "2026-09-13T13:05:39Z", "command": "shutdown bus", "result": {"exit_code": 0}}
{"utc": "2026-09-13T13:05:40Z", "command": "shutdown nec", "result": {"exit_code": 0}}
{"utc": "2026-09-13T13:05:40Z", "command": "shutdown bud", "result": {"exit_code": 0}}
{"guard_status": "failed", "guard_report": "/home/skilgore/stead-urbit/.runtime/execution-runs/four-fakes-quzqb11u/report.json"}
FAIL: Guarded supervisor stopped without clean completion: GuardError: Start temperature exceeded
{"guard_status": "failed", "guard_report": "/home/skilgore/stead-urbit/.runtime/execution-runs/four-fakes-gh59axvx/report.json"}
FAIL: Guarded supervisor stopped without clean completion: GuardError: Start temperature exceeded
{"guard_status": "failed", "guard_report": "/home/skilgore/stead-urbit/.runtime/execution-runs/four-fakes-188v0n46/report.json"}
FAIL: Guarded supervisor stopped without clean completion: GuardError: Start temperature exceeded
{"guard_status": "failed", "guard_report": "/home/skilgore/stead-urbit/.runtime/execution-runs/four-fakes-74fei4en/report.json"}
FAIL: Guarded supervisor stopped without clean completion: GuardError: Start temperature exceeded
{"utc": "2026-09-24T22:01:01Z", "command": "launch zod", "result": {"argv": ["/runtime/bin/vere-v4.6-linux-x86_64", "-t", "-L", "--no-dock", "--loom", "31", "-b", "127.0.0.1", "--http-port", "18080", "/state/live/zod"], "pid": 5}}
{"utc": "2026-09-24T22:01:05Z", "command": "zod: zuse", "result": "%408\n"}
{"utc": "2026-09-24T22:01:05Z", "command": "zod: |mount %base", "result": ">="}
{"utc": "2026-09-24T22:01:05Z", "command": "launch bus", "result": {"argv": ["/runtime/bin/vere-v4.6-linux-x86_64", "-t", "-L", "--no-dock", "--loom", "31", "-b", "127.0.0.1", "--http-port", "18081", "/state/live/bus"], "pid": 18}}
{"utc": "2026-09-24T22:01:09Z", "command": "bus: zuse", "result": "%408\n"}
{"utc": "2026-09-24T22:01:09Z", "command": "bus: |mount %base", "result": ">="}
{"utc": "2026-09-24T22:01:09Z", "command": "launch nec", "result": {"argv": ["/runtime/bin/vere-v4.6-linux-x86_64", "-t", "-L", "--no-dock", "--loom", "31", "-b", "127.0.0.1", "--http-port", "18082", "/state/live/nec"], "pid": 29}}
{"utc": "2026-09-24T22:01:12Z", "command": "nec: zuse", "result": "%408\n"}
{"utc": "2026-09-24T22:01:13Z", "command": "nec: |mount %base", "result": ">="}
{"utc": "2026-09-24T22:01:13Z", "command": "launch bud", "result": {"argv": ["/runtime/bin/vere-v4.6-linux-x86_64", "-t", "-L", "--no-dock", "--loom", "31", "-b", "127.0.0.1", "--http-port", "18083", "/state/live/bud"], "pid": 39}}
{"utc": "2026-09-24T22:01:16Z", "command": "bud: zuse", "result": "%408\n"}
{"utc": "2026-09-24T22:01:16Z", "command": "bud: |mount %base", "result": ">="}
{"utc": "2026-09-24T22:01:32Z", "command": "execution guard stopped", "result": {"error": "Execution STOP is terminal"}}
{"guard_status": "failed", "guard_report": "/home/skilgore/stead-urbit/.runtime/execution-runs/four-fakes-fhqjosxn/report.json"}
FAIL: Guarded supervisor stopped without clean completion: GuardError: Thermal ceiling reached
{"utc": "2026-09-24T22:12:29Z", "command": "launch zod", "result": {"argv": ["/runtime/bin/vere-v4.6-linux-x86_64", "-t", "-L", "--no-dock", "--loom", "31", "-b", "127.0.0.1", "--http-port", "18080", "/state/live/zod"], "pid": 5}}
{"utc": "2026-09-24T22:12:33Z", "command": "zod: zuse", "result": "%408\n"}
{"utc": "2026-09-24T22:12:33Z", "command": "zod: |mount %base", "result": ">="}
{"utc": "2026-09-24T22:12:33Z", "command": "launch bus", "result": {"argv": ["/runtime/bin/vere-v4.6-linux-x86_64", "-t", "-L", "--no-dock", "--loom", "31", "-b", "127.0.0.1", "--http-port", "18081", "/state/live/bus"], "pid": 18}}
{"utc": "2026-09-24T22:12:36Z", "command": "bus: zuse", "result": "%408\n"}
{"utc": "2026-09-24T22:12:37Z", "command": "bus: |mount %base", "result": ">="}
{"utc": "2026-09-24T22:12:37Z", "command": "launch nec", "result": {"argv": ["/runtime/bin/vere-v4.6-linux-x86_64", "-t", "-L", "--no-dock", "--loom", "31", "-b", "127.0.0.1", "--http-port", "18082", "/state/live/nec"], "pid": 28}}
{"utc": "2026-09-24T22:12:40Z", "command": "nec: zuse", "result": "%408\n"}
{"utc": "2026-09-24T22:12:40Z", "command": "nec: |mount %base", "result": ">="}
{"utc": "2026-09-24T22:12:40Z", "command": "launch bud", "result": {"argv": ["/runtime/bin/vere-v4.6-linux-x86_64", "-t", "-L", "--no-dock", "--loom", "31", "-b", "127.0.0.1", "--http-port", "18083", "/state/live/bud"], "pid": 38}}
{"utc": "2026-09-24T22:12:43Z", "command": "bud: zuse", "result": "%408\n"}
{"utc": "2026-09-24T22:12:43Z", "command": "bud: |mount %base", "result": ">="}
{"utc": "2026-09-24T22:12:51Z", "command": "execution guard stopped", "result": {"error": "Execution STOP is terminal"}}
{"guard_status": "failed", "guard_report": "/home/skilgore/stead-urbit/.runtime/execution-runs/four-fakes-wxci_ewe/report.json"}
FAIL: Guarded supervisor stopped without clean completion: GuardError: Thermal ceiling reached
{"utc": "2026-09-24T23:46:29Z", "command": "launch zod", "result": {"argv": ["/runtime/bin/vere-v4.6-linux-x86_64", "-t", "-L", "--no-dock", "--loom", "31", "-b", "127.0.0.1", "--http-port", "18080", "/state/live/zod"], "pid": 5}}
{"utc": "2026-09-24T23:46:32Z", "command": "zod: zuse", "result": "%408\n"}
{"utc": "2026-09-24T23:46:33Z", "command": "zod: |mount %base", "result": ">="}
{"utc": "2026-09-24T23:46:33Z", "command": "launch bus", "result": {"argv": ["/runtime/bin/vere-v4.6-linux-x86_64", "-t", "-L", "--no-dock", "--loom", "31", "-b", "127.0.0.1", "--http-port", "18081", "/state/live/bus"], "pid": 17}}
{"utc": "2026-09-24T23:46:33Z", "command": "execution guard stopped", "result": {"error": "Execution STOP is terminal"}}
Traceback (most recent call last):
  File "/code/supervisor.py", line 243, in initialize
    wait_ready(ship)
    ~~~~~~~~~~^^^^^^
  File "/code/supervisor.py", line 140, in wait_ready
    raise InterruptedError('Fixture boot cancelled by stop')
InterruptedError: Fixture boot cancelled by stop
{"utc": "2026-09-24T23:46:35Z", "command": "shutdown zod", "result": {"exit_code": 0, "forced": false}}
{"utc": "2026-09-24T23:46:35Z", "command": "shutdown bus", "result": {"exit_code": -11, "forced": false}}
{"utc": "2026-09-24T23:46:35Z", "command": "guard shutdown failure", "result": {"error": "bus exit was not clean: -11; forced=False"}}
{"utc": "2026-09-24T23:46:35Z", "command": "shutdown zod", "result": {"exit_code": 0, "forced": false}}
{"utc": "2026-09-24T23:46:35Z", "command": "shutdown bus", "result": {"exit_code": -11, "forced": false}}
{"guard_status": "failed", "guard_report": "/home/skilgore/stead-urbit/.runtime/execution-runs/four-fakes-_b6xe078/report.json"}
FAIL: Guarded supervisor stopped without clean completion: GuardError: Thermal ceiling reached
{"utc": "2026-09-24T23:50:09Z", "command": "launch zod", "result": {"argv": ["/runtime/bin/vere-v4.6-linux-x86_64", "-t", "-L", "--no-dock", "--loom", "31", "-b", "127.0.0.1", "--http-port", "18080", "/state/live/zod"], "pid": 5}}
{"utc": "2026-09-24T23:50:13Z", "command": "zod: zuse", "result": "%408\n"}
{"utc": "2026-09-24T23:50:13Z", "command": "zod: |mount %base", "result": ">="}
{"utc": "2026-09-24T23:50:13Z", "command": "launch bus", "result": {"argv": ["/runtime/bin/vere-v4.6-linux-x86_64", "-t", "-L", "--no-dock", "--loom", "31", "-b", "127.0.0.1", "--http-port", "18081", "/state/live/bus"], "pid": 17}}
{"utc": "2026-09-24T23:50:16Z", "command": "bus: zuse", "result": "%408\n"}
{"utc": "2026-09-24T23:50:16Z", "command": "bus: |mount %base", "result": ">="}
{"utc": "2026-09-24T23:50:16Z", "command": "launch nec", "result": {"argv": ["/runtime/bin/vere-v4.6-linux-x86_64", "-t", "-L", "--no-dock", "--loom", "31", "-b", "127.0.0.1", "--http-port", "18082", "/state/live/nec"], "pid": 27}}
{"utc": "2026-09-24T23:50:19Z", "command": "nec: zuse", "result": "%408\n"}
{"utc": "2026-09-24T23:50:19Z", "command": "nec: |mount %base", "result": ">="}
{"utc": "2026-09-24T23:50:19Z", "command": "launch bud", "result": {"argv": ["/runtime/bin/vere-v4.6-linux-x86_64", "-t", "-L", "--no-dock", "--loom", "31", "-b", "127.0.0.1", "--http-port", "18083", "/state/live/bud"], "pid": 37}}
{"utc": "2026-09-24T23:50:22Z", "command": "bud: zuse", "result": "%408\n"}
{"utc": "2026-09-24T23:50:22Z", "command": "bud: |mount %base", "result": ">="}
Traceback (most recent call last):
  File "/code/core_check.py", line 70, in run
    report['evaluator_controls'] = core_conn.evaluator_controls(binary)
                                   ~~~~~~~~~~~~~~~~~~~~~~~~~~~~^^^^^^^^
  File "/code/core_conn.py", line 89, in evaluator_controls
    frame, encode_stderr = evaluate(binary, '-jn', noun)
                           ~~~~~~~~^^^^^^^^^^^^^^^^^^^^^
  File "/code/core_conn.py", line 18, in evaluate
    result = subprocess.run([str(binary), 'eval', '--loom', '29', flags], input=data,
                            stdout=output, stderr=diagnostics, timeout=30, check=False)
  File "/usr/lib/python3.14/subprocess.py", line 557, in run
    stdout, stderr = process.communicate(input, timeout=timeout)
                     ~~~~~~~~~~~~~~~~~~~^^^^^^^^^^^^^^^^^^^^^^^^
  File "/usr/lib/python3.14/subprocess.py", line 1221, in communicate
    stdout, stderr = self._communicate(input, endtime, timeout)
                     ~~~~~~~~~~~~~~~~~^^^^^^^^^^^^^^^^^^^^^^^^^
  File "/usr/lib/python3.14/subprocess.py", line 2179, in _communicate
    self.wait(timeout=self._remaining_time(endtime))
    ~~~~~~~~~^^^^^^^^^^^^^^^^^^^^^^^^^^^^^^^^^^^^^^^
  File "/usr/lib/python3.14/subprocess.py", line 1279, in wait
    return self._wait(timeout=timeout)
           ~~~~~~~~~~^^^^^^^^^^^^^^^^^
  File "/usr/lib/python3.14/subprocess.py", line 2076, in _wait
    raise TimeoutExpired(self.args, timeout)
subprocess.TimeoutExpired: Command '['/runtime/bin/vere-v4.6-linux-x86_64', 'eval', '--loom', '29', '-jn']' timed out after 30 seconds
{"utc": "2026-09-24T23:50:55Z", "command": "shutdown zod", "result": {"exit_code": 0, "forced": false}}
{"utc": "2026-09-24T23:50:55Z", "command": "shutdown bus", "result": {"exit_code": 0, "forced": false}}
{"utc": "2026-09-24T23:50:55Z", "command": "shutdown nec", "result": {"exit_code": 0, "forced": false}}
{"utc": "2026-09-24T23:50:55Z", "command": "shutdown bud", "result": {"exit_code": -15, "forced": false}}
{"utc": "2026-09-24T23:50:55Z", "command": "shutdown zod", "result": {"exit_code": 0, "forced": false}}
{"utc": "2026-09-24T23:50:55Z", "command": "shutdown bus", "result": {"exit_code": 0, "forced": false}}
{"utc": "2026-09-24T23:50:55Z", "command": "shutdown nec", "result": {"exit_code": 0, "forced": false}}
{"utc": "2026-09-24T23:50:55Z", "command": "shutdown bud", "result": {"exit_code": -15, "forced": false}}
{"utc": "2026-09-24T23:50:55Z", "command": "requested fixture stop", "result": {"error": null}}
{"utc": "2026-09-24T23:50:55Z", "command": "shutdown zod", "result": {"exit_code": 0, "forced": false}}
{"utc": "2026-09-24T23:50:55Z", "command": "shutdown bus", "result": {"exit_code": 0, "forced": false}}
{"utc": "2026-09-24T23:50:55Z", "command": "shutdown nec", "result": {"exit_code": 0, "forced": false}}
{"utc": "2026-09-24T23:50:55Z", "command": "shutdown bud", "result": {"exit_code": -15, "forced": false}}
{"utc": "2026-09-24T23:50:55Z", "command": "guard shutdown failure", "result": {"error": "bud exit was not clean: -15; forced=False"}}
{"guard_status": "completed", "guard_report": "/home/skilgore/stead-urbit/.runtime/execution-runs/four-fakes-kyxk138c/report.json"}
{"utc": "2026-09-24T23:59:01Z", "command": "launch zod", "result": {"argv": ["/runtime/bin/vere-v4.6-linux-x86_64", "-t", "-L", "--no-dock", "--loom", "31", "-b", "127.0.0.1", "--http-port", "18080", "/state/live/zod"], "pid": 5}}
{"utc": "2026-09-24T23:59:04Z", "command": "zod: zuse", "result": "%408\n"}
{"utc": "2026-09-24T23:59:04Z", "command": "zod: |mount %base", "result": ">="}
{"utc": "2026-09-24T23:59:04Z", "command": "launch bus", "result": {"argv": ["/runtime/bin/vere-v4.6-linux-x86_64", "-t", "-L", "--no-dock", "--loom", "31", "-b", "127.0.0.1", "--http-port", "18081", "/state/live/bus"], "pid": 17}}
{"utc": "2026-09-24T23:59:07Z", "command": "bus: zuse", "result": "%408\n"}
{"utc": "2026-09-24T23:59:07Z", "command": "bus: |mount %base", "result": ">="}
{"utc": "2026-09-24T23:59:07Z", "command": "launch nec", "result": {"argv": ["/runtime/bin/vere-v4.6-linux-x86_64", "-t", "-L", "--no-dock", "--loom", "31", "-b", "127.0.0.1", "--http-port", "18082", "/state/live/nec"], "pid": 27}}
{"utc": "2026-09-24T23:59:10Z", "command": "nec: zuse", "result": "%408\n"}
{"utc": "2026-09-24T23:59:10Z", "command": "nec: |mount %base", "result": ">="}
{"utc": "2026-09-24T23:59:10Z", "command": "launch bud", "result": {"argv": ["/runtime/bin/vere-v4.6-linux-x86_64", "-t", "-L", "--no-dock", "--loom", "31", "-b", "127.0.0.1", "--http-port", "18083", "/state/live/bud"], "pid": 37}}
{"utc": "2026-09-24T23:59:13Z", "command": "bud: zuse", "result": "%408\n"}
{"utc": "2026-09-24T23:59:13Z", "command": "bud: |mount %base", "result": ">="}
{"utc": "2026-09-24T23:59:29Z", "command": "shutdown zod", "result": {"exit_code": 0, "forced": false}}
{"utc": "2026-09-24T23:59:29Z", "command": "shutdown bus", "result": {"exit_code": 0, "forced": false}}
{"utc": "2026-09-24T23:59:29Z", "command": "shutdown nec", "result": {"exit_code": 0, "forced": false}}
{"utc": "2026-09-24T23:59:33Z", "command": "shutdown bud", "result": {"exit_code": 0, "forced": false}}
{"utc": "2026-09-24T23:59:38Z", "command": "launch zod", "result": {"argv": ["/runtime/bin/vere-v4.6-linux-x86_64", "-t", "-L", "--no-dock", "--loom", "31", "-b", "127.0.0.1", "--http-port", "18080", "/state/live/zod"], "pid": 56}}
{"utc": "2026-09-24T23:59:42Z", "command": "zod: zuse", "result": "%408\n"}
{"utc": "2026-09-24T23:59:42Z", "command": "launch bus", "result": {"argv": ["/runtime/bin/vere-v4.6-linux-x86_64", "-t", "-L", "--no-dock", "--loom", "31", "-b", "127.0.0.1", "--http-port", "18081", "/state/live/bus"], "pid": 63}}
{"utc": "2026-09-24T23:59:45Z", "command": "bus: zuse", "result": "%408\n"}
{"utc": "2026-09-24T23:59:45Z", "command": "launch nec", "result": {"argv": ["/runtime/bin/vere-v4.6-linux-x86_64", "-t", "-L", "--no-dock", "--loom", "31", "-b", "127.0.0.1", "--http-port", "18082", "/state/live/nec"], "pid": 70}}
{"utc": "2026-09-24T23:59:49Z", "command": "nec: zuse", "result": "%408\n"}
{"utc": "2026-09-24T23:59:49Z", "command": "launch bud", "result": {"argv": ["/runtime/bin/vere-v4.6-linux-x86_64", "-t", "-L", "--no-dock", "--loom", "31", "-b", "127.0.0.1", "--http-port", "18083", "/state/live/bud"], "pid": 77}}
{"utc": "2026-09-24T23:59:52Z", "command": "bud: zuse", "result": "%408\n"}
Traceback (most recent call last):
  File "/code/core_check.py", line 96, in run
    command('+' + probe, expected)
    ~~~~~~~^^^^^^^^^^^^^^^^^^^^^^^
  File "/code/core_check.py", line 62, in command
    check(source, result.strip() == expected)
    ~~~~~^^^^^^^^^^^^^^^^^^^^^^^^^^^^^^^^^^^^
  File "/code/core_check.py", line 55, in check
    raise AssertionError(name)
AssertionError: +stead-build-probe
{"utc": "2026-09-25T00:00:07Z", "command": "shutdown zod", "result": {"exit_code": 0, "forced": false}}
{"utc": "2026-09-25T00:00:07Z", "command": "shutdown bus", "result": {"exit_code": 0, "forced": false}}
{"utc": "2026-09-25T00:00:07Z", "command": "shutdown nec", "result": {"exit_code": 0, "forced": false}}
{"utc": "2026-09-25T00:00:09Z", "command": "shutdown bud", "result": {"exit_code": 0, "forced": false}}
{"utc": "2026-09-25T00:00:09Z", "command": "shutdown zod", "result": {"exit_code": 0, "forced": false}}
{"utc": "2026-09-25T00:00:09Z", "command": "shutdown bus", "result": {"exit_code": 0, "forced": false}}
{"utc": "2026-09-25T00:00:09Z", "command": "shutdown nec", "result": {"exit_code": 0, "forced": false}}
{"utc": "2026-09-25T00:00:09Z", "command": "shutdown bud", "result": {"exit_code": 0, "forced": false}}
{"guard_status": "completed", "guard_report": "/home/skilgore/stead-urbit/.runtime/execution-runs/four-fakes-l8c2r_ho/report.json"}
{"guard_status": "failed", "guard_report": "/home/skilgore/stead-urbit/.runtime/execution-runs/four-fakes-1rv5q2t7/report.json"}
FAIL: Guarded supervisor stopped without clean completion: GuardError: Start temperature exceeded
{"utc": "2026-09-25T09:40:02Z", "command": "launch zod", "result": {"argv": ["/runtime/bin/vere-v4.6-linux-x86_64", "-t", "-L", "--no-dock", "--loom", "31", "-b", "127.0.0.1", "--http-port", "18080", "/state/live/zod"], "pid": 6}}
{"utc": "2026-09-25T09:40:05Z", "command": "zod: zuse", "result": "%408\n"}
{"utc": "2026-09-25T09:40:05Z", "command": "zod: |mount %base", "result": ">="}
{"utc": "2026-09-25T09:40:05Z", "command": "launch bus", "result": {"argv": ["/runtime/bin/vere-v4.6-linux-x86_64", "-t", "-L", "--no-dock", "--loom", "31", "-b", "127.0.0.1", "--http-port", "18081", "/state/live/bus"], "pid": 17}}
{"utc": "2026-09-25T09:40:08Z", "command": "bus: zuse", "result": "%408\n"}
{"utc": "2026-09-25T09:40:08Z", "command": "bus: |mount %base", "result": ">="}
{"utc": "2026-09-25T09:40:08Z", "command": "launch nec", "result": {"argv": ["/runtime/bin/vere-v4.6-linux-x86_64", "-t", "-L", "--no-dock", "--loom", "31", "-b", "127.0.0.1", "--http-port", "18082", "/state/live/nec"], "pid": 27}}
{"utc": "2026-09-25T09:40:11Z", "command": "nec: zuse", "result": "%408\n"}
{"utc": "2026-09-25T09:40:12Z", "command": "nec: |mount %base", "result": ">="}
{"utc": "2026-09-25T09:40:12Z", "command": "launch bud", "result": {"argv": ["/runtime/bin/vere-v4.6-linux-x86_64", "-t", "-L", "--no-dock", "--loom", "31", "-b", "127.0.0.1", "--http-port", "18083", "/state/live/bud"], "pid": 37}}
{"utc": "2026-09-25T09:40:15Z", "command": "bud: zuse", "result": "%408\n"}
{"utc": "2026-09-25T09:40:15Z", "command": "bud: |mount %base", "result": ">="}
{"utc": "2026-09-25T09:40:30Z", "command": "shutdown zod", "result": {"exit_code": 0, "forced": false}}
{"utc": "2026-09-25T09:40:30Z", "command": "shutdown bus", "result": {"exit_code": 0, "forced": false}}
{"utc": "2026-09-25T09:40:30Z", "command": "shutdown nec", "result": {"exit_code": 0, "forced": false}}
{"utc": "2026-09-25T09:40:34Z", "command": "shutdown bud", "result": {"exit_code": 0, "forced": false}}
{"utc": "2026-09-25T09:40:42Z", "command": "launch zod", "result": {"argv": ["/runtime/bin/vere-v4.6-linux-x86_64", "-t", "-L", "--no-dock", "--loom", "31", "-b", "127.0.0.1", "--http-port", "18080", "/state/live/zod"], "pid": 56}}
{"utc": "2026-09-25T09:40:46Z", "command": "zod: zuse", "result": "%408\n"}
{"utc": "2026-09-25T09:40:46Z", "command": "launch bus", "result": {"argv": ["/runtime/bin/vere-v4.6-linux-x86_64", "-t", "-L", "--no-dock", "--loom", "31", "-b", "127.0.0.1", "--http-port", "18081", "/state/live/bus"], "pid": 63}}
{"utc": "2026-09-25T09:40:49Z", "command": "bus: zuse", "result": "%408\n"}
{"utc": "2026-09-25T09:40:49Z", "command": "launch nec", "result": {"argv": ["/runtime/bin/vere-v4.6-linux-x86_64", "-t", "-L", "--no-dock", "--loom", "31", "-b", "127.0.0.1", "--http-port", "18082", "/state/live/nec"], "pid": 70}}
{"utc": "2026-09-25T09:40:52Z", "command": "nec: zuse", "result": "%408\n"}
{"utc": "2026-09-25T09:40:52Z", "command": "launch bud", "result": {"argv": ["/runtime/bin/vere-v4.6-linux-x86_64", "-t", "-L", "--no-dock", "--loom", "31", "-b", "127.0.0.1", "--http-port", "18083", "/state/live/bud"], "pid": 77}}
{"utc": "2026-09-25T09:40:56Z", "command": "bud: zuse", "result": "%408\n"}
Traceback (most recent call last):
  File "/code/core_check.py", line 96, in run
    command('+' + probe, expected)
    ~~~~~~~^^^^^^^^^^^^^^^^^^^^^^^
  File "/code/core_check.py", line 62, in command
    check(source, result.strip() == expected)
    ~~~~~^^^^^^^^^^^^^^^^^^^^^^^^^^^^^^^^^^^^
  File "/code/core_check.py", line 55, in check
    raise AssertionError(name)
AssertionError: +stead-build-probe
{"utc": "2026-09-25T09:41:11Z", "command": "shutdown zod", "result": {"exit_code": 0, "forced": false}}
{"utc": "2026-09-25T09:41:11Z", "command": "shutdown bus", "result": {"exit_code": 0, "forced": false}}
{"utc": "2026-09-25T09:41:11Z", "command": "shutdown nec", "result": {"exit_code": 0, "forced": false}}
{"utc": "2026-09-25T09:41:11Z", "command": "shutdown bud", "result": {"exit_code": 0, "forced": false}}
{"utc": "2026-09-25T09:41:11Z", "command": "shutdown zod", "result": {"exit_code": 0, "forced": false}}
{"utc": "2026-09-25T09:41:11Z", "command": "shutdown bus", "result": {"exit_code": 0, "forced": false}}
{"utc": "2026-09-25T09:41:11Z", "command": "shutdown nec", "result": {"exit_code": 0, "forced": false}}
{"utc": "2026-09-25T09:41:11Z", "command": "shutdown bud", "result": {"exit_code": 0, "forced": false}}
{"guard_status": "completed", "guard_report": "/home/skilgore/stead-urbit/.runtime/execution-runs/four-fakes-z_4xgl66/report.json"}
{"utc": "2026-09-25T09:42:26Z", "command": "launch zod", "result": {"argv": ["/runtime/bin/vere-v4.6-linux-x86_64", "-t", "-L", "--no-dock", "--loom", "31", "-b", "127.0.0.1", "--http-port", "18080", "/state/live/zod"], "pid": 5}}
{"utc": "2026-09-25T09:42:27Z", "command": "zod: zuse", "result": "%408\n"}
{"utc": "2026-09-25T09:42:27Z", "command": "zod: |mount %base", "result": ">="}
{"utc": "2026-09-25T09:42:27Z", "command": "launch bus", "result": {"argv": ["/runtime/bin/vere-v4.6-linux-x86_64", "-t", "-L", "--no-dock", "--loom", "31", "-b", "127.0.0.1", "--http-port", "18081", "/state/live/bus"], "pid": 15}}
{"utc": "2026-09-25T09:42:28Z", "command": "bus: zuse", "result": "%408\n"}
{"utc": "2026-09-25T09:42:28Z", "command": "bus: |mount %base", "result": ">="}
{"utc": "2026-09-25T09:42:28Z", "command": "launch nec", "result": {"argv": ["/runtime/bin/vere-v4.6-linux-x86_64", "-t", "-L", "--no-dock", "--loom", "31", "-b", "127.0.0.1", "--http-port", "18082", "/state/live/nec"], "pid": 23}}
{"utc": "2026-09-25T09:42:29Z", "command": "nec: zuse", "result": "%408\n"}
{"utc": "2026-09-25T09:42:29Z", "command": "nec: |mount %base", "result": ">="}
{"utc": "2026-09-25T09:42:29Z", "command": "launch bud", "result": {"argv": ["/runtime/bin/vere-v4.6-linux-x86_64", "-t", "-L", "--no-dock", "--loom", "31", "-b", "127.0.0.1", "--http-port", "18083", "/state/live/bud"], "pid": 31}}
{"utc": "2026-09-25T09:42:32Z", "command": "bud: zuse", "result": "%408\n"}
{"utc": "2026-09-25T09:42:32Z", "command": "bud: |mount %base", "result": ">="}
{"utc": "2026-09-25T09:42:47Z", "command": "shutdown zod", "result": {"exit_code": 0, "forced": false}}
{"utc": "2026-09-25T09:42:47Z", "command": "shutdown bus", "result": {"exit_code": 0, "forced": false}}
{"utc": "2026-09-25T09:42:47Z", "command": "shutdown nec", "result": {"exit_code": 0, "forced": false}}
{"utc": "2026-09-25T09:42:51Z", "command": "shutdown bud", "result": {"exit_code": 0, "forced": false}}
{"utc": "2026-09-25T09:42:53Z", "command": "launch zod", "result": {"argv": ["/runtime/bin/vere-v4.6-linux-x86_64", "-t", "-L", "--no-dock", "--loom", "31", "-b", "127.0.0.1", "--http-port", "18080", "/state/live/zod"], "pid": 49}}
{"utc": "2026-09-25T09:42:56Z", "command": "zod: zuse", "result": "%408\n"}
{"utc": "2026-09-25T09:42:56Z", "command": "launch bus", "result": {"argv": ["/runtime/bin/vere-v4.6-linux-x86_64", "-t", "-L", "--no-dock", "--loom", "31", "-b", "127.0.0.1", "--http-port", "18081", "/state/live/bus"], "pid": 56}}
{"utc": "2026-09-25T09:43:00Z", "command": "bus: zuse", "result": "%408\n"}
{"utc": "2026-09-25T09:43:00Z", "command": "launch nec", "result": {"argv": ["/runtime/bin/vere-v4.6-linux-x86_64", "-t", "-L", "--no-dock", "--loom", "31", "-b", "127.0.0.1", "--http-port", "18082", "/state/live/nec"], "pid": 63}}
{"utc": "2026-09-25T09:43:03Z", "command": "nec: zuse", "result": "%408\n"}
{"utc": "2026-09-25T09:43:03Z", "command": "launch bud", "result": {"argv": ["/runtime/bin/vere-v4.6-linux-x86_64", "-t", "-L", "--no-dock", "--loom", "31", "-b", "127.0.0.1", "--http-port", "18083", "/state/live/bud"], "pid": 70}}
{"utc": "2026-09-25T09:43:06Z", "command": "bud: zuse", "result": "%408\n"}
Traceback (most recent call last):
  File "/code/core_check.py", line 96, in run
    command('+' + probe, expected)
    ~~~~~~~^^^^^^^^^^^^^^^^^^^^^^^
  File "/code/core_check.py", line 62, in command
    check(source, result.strip() == expected)
    ~~~~~^^^^^^^^^^^^^^^^^^^^^^^^^^^^^^^^^^^^
  File "/code/core_check.py", line 55, in check
    raise AssertionError(name)
AssertionError: +stead-build-probe
{"utc": "2026-09-25T09:43:19Z", "command": "shutdown zod", "result": {"exit_code": 0, "forced": false}}
{"utc": "2026-09-25T09:43:19Z", "command": "shutdown bus", "result": {"exit_code": 0, "forced": false}}
{"utc": "2026-09-25T09:43:19Z", "command": "shutdown nec", "result": {"exit_code": 0, "forced": false}}
{"utc": "2026-09-25T09:43:22Z", "command": "shutdown bud", "result": {"exit_code": 0, "forced": false}}
{"utc": "2026-09-25T09:43:22Z", "command": "shutdown zod", "result": {"exit_code": 0, "forced": false}}
{"utc": "2026-09-25T09:43:22Z", "command": "shutdown bus", "result": {"exit_code": 0, "forced": false}}
{"utc": "2026-09-25T09:43:22Z", "command": "shutdown nec", "result": {"exit_code": 0, "forced": false}}
{"utc": "2026-09-25T09:43:22Z", "command": "shutdown bud", "result": {"exit_code": 0, "forced": false}}
{"guard_status": "completed", "guard_report": "/home/skilgore/stead-urbit/.runtime/execution-runs/four-fakes-7d7ng6wg/report.json"}
{"utc": "2026-09-25T09:44:32Z", "command": "launch zod", "result": {"argv": ["/runtime/bin/vere-v4.6-linux-x86_64", "-t", "-L", "--no-dock", "--loom", "31", "-b", "127.0.0.1", "--http-port", "18080", "/state/live/zod"], "pid": 5}}
{"utc": "2026-09-25T09:44:34Z", "command": "zod: zuse", "result": "%408\n"}
{"utc": "2026-09-25T09:44:34Z", "command": "zod: |mount %base", "result": ">="}
{"utc": "2026-09-25T09:44:34Z", "command": "launch bus", "result": {"argv": ["/runtime/bin/vere-v4.6-linux-x86_64", "-t", "-L", "--no-dock", "--loom", "31", "-b", "127.0.0.1", "--http-port", "18081", "/state/live/bus"], "pid": 16}}
{"utc": "2026-09-25T09:44:35Z", "command": "bus: zuse", "result": "%408\n"}
{"utc": "2026-09-25T09:44:35Z", "command": "bus: |mount %base", "result": ">="}
{"utc": "2026-09-25T09:44:35Z", "command": "launch nec", "result": {"argv": ["/runtime/bin/vere-v4.6-linux-x86_64", "-t", "-L", "--no-dock", "--loom", "31", "-b", "127.0.0.1", "--http-port", "18082", "/state/live/nec"], "pid": 24}}
{"utc": "2026-09-25T09:44:36Z", "command": "nec: zuse", "result": "%408\n"}
{"utc": "2026-09-25T09:44:36Z", "command": "nec: |mount %base", "result": ">="}
{"utc": "2026-09-25T09:44:36Z", "command": "launch bud", "result": {"argv": ["/runtime/bin/vere-v4.6-linux-x86_64", "-t", "-L", "--no-dock", "--loom", "31", "-b", "127.0.0.1", "--http-port", "18083", "/state/live/bud"], "pid": 32}}
{"utc": "2026-09-25T09:44:38Z", "command": "bud: zuse", "result": "%408\n"}
{"utc": "2026-09-25T09:44:38Z", "command": "bud: |mount %base", "result": ">="}
{"utc": "2026-09-25T09:44:55Z", "command": "shutdown zod", "result": {"exit_code": 0, "forced": false}}
{"utc": "2026-09-25T09:44:55Z", "command": "shutdown bus", "result": {"exit_code": 0, "forced": false}}
{"utc": "2026-09-25T09:44:55Z", "command": "shutdown nec", "result": {"exit_code": 0, "forced": false}}
{"utc": "2026-09-25T09:44:57Z", "command": "shutdown bud", "result": {"exit_code": 0, "forced": false}}
{"utc": "2026-09-25T09:44:59Z", "command": "launch zod", "result": {"argv": ["/runtime/bin/vere-v4.6-linux-x86_64", "-t", "-L", "--no-dock", "--loom", "31", "-b", "127.0.0.1", "--http-port", "18080", "/state/live/zod"], "pid": 50}}
{"utc": "2026-09-25T09:45:04Z", "command": "zod: zuse", "result": "%408\n"}
{"utc": "2026-09-25T09:45:04Z", "command": "launch bus", "result": {"argv": ["/runtime/bin/vere-v4.6-linux-x86_64", "-t", "-L", "--no-dock", "--loom", "31", "-b", "127.0.0.1", "--http-port", "18081", "/state/live/bus"], "pid": 57}}
{"utc": "2026-09-25T09:45:07Z", "command": "bus: zuse", "result": "%408\n"}
{"utc": "2026-09-25T09:45:07Z", "command": "launch nec", "result": {"argv": ["/runtime/bin/vere-v4.6-linux-x86_64", "-t", "-L", "--no-dock", "--loom", "31", "-b", "127.0.0.1", "--http-port", "18082", "/state/live/nec"], "pid": 64}}
{"utc": "2026-09-25T09:45:11Z", "command": "nec: zuse", "result": "%408\n"}
{"utc": "2026-09-25T09:45:11Z", "command": "launch bud", "result": {"argv": ["/runtime/bin/vere-v4.6-linux-x86_64", "-t", "-L", "--no-dock", "--loom", "31", "-b", "127.0.0.1", "--http-port", "18083", "/state/live/bud"], "pid": 71}}
{"utc": "2026-09-25T09:45:14Z", "command": "bud: zuse", "result": "%408\n"}
Traceback (most recent call last):
  File "/code/core_check.py", line 96, in run
    command('+' + probe, expected)
    ~~~~~~~^^^^^^^^^^^^^^^^^^^^^^^
  File "/code/core_check.py", line 62, in command
    check(source, result.strip() == expected)
    ~~~~~^^^^^^^^^^^^^^^^^^^^^^^^^^^^^^^^^^^^
  File "/code/core_check.py", line 55, in check
    raise AssertionError(name)
AssertionError: +stead-build-probe
{"utc": "2026-09-25T09:45:27Z", "command": "shutdown zod", "result": {"exit_code": 0, "forced": false}}
{"utc": "2026-09-25T09:45:27Z", "command": "shutdown bus", "result": {"exit_code": 0, "forced": false}}
{"utc": "2026-09-25T09:45:27Z", "command": "shutdown nec", "result": {"exit_code": 0, "forced": false}}
{"utc": "2026-09-25T09:45:31Z", "command": "shutdown bud", "result": {"exit_code": 0, "forced": false}}
{"utc": "2026-09-25T09:45:31Z", "command": "shutdown zod", "result": {"exit_code": 0, "forced": false}}
{"utc": "2026-09-25T09:45:31Z", "command": "shutdown bus", "result": {"exit_code": 0, "forced": false}}
{"utc": "2026-09-25T09:45:31Z", "command": "shutdown nec", "result": {"exit_code": 0, "forced": false}}
{"utc": "2026-09-25T09:45:31Z", "command": "shutdown bud", "result": {"exit_code": 0, "forced": false}}
{"guard_status": "completed", "guard_report": "/home/skilgore/stead-urbit/.runtime/execution-runs/four-fakes-br3rj8gr/report.json"}
{"utc": "2026-09-25T09:47:03Z", "command": "launch zod", "result": {"argv": ["/runtime/bin/vere-v4.6-linux-x86_64", "-t", "-L", "--no-dock", "--loom", "31", "-b", "127.0.0.1", "--http-port", "18080", "/state/live/zod"], "pid": 5}}
{"utc": "2026-09-25T09:47:04Z", "command": "zod: zuse", "result": "%408\n"}
{"utc": "2026-09-25T09:47:04Z", "command": "zod: |mount %base", "result": ">="}
{"utc": "2026-09-25T09:47:04Z", "command": "launch bus", "result": {"argv": ["/runtime/bin/vere-v4.6-linux-x86_64", "-t", "-L", "--no-dock", "--loom", "31", "-b", "127.0.0.1", "--http-port", "18081", "/state/live/bus"], "pid": 15}}
{"utc": "2026-09-25T09:47:05Z", "command": "bus: zuse", "result": "%408\n"}
{"utc": "2026-09-25T09:47:05Z", "command": "bus: |mount %base", "result": ">="}
{"utc": "2026-09-25T09:47:05Z", "command": "launch nec", "result": {"argv": ["/runtime/bin/vere-v4.6-linux-x86_64", "-t", "-L", "--no-dock", "--loom", "31", "-b", "127.0.0.1", "--http-port", "18082", "/state/live/nec"], "pid": 23}}
{"utc": "2026-09-25T09:47:06Z", "command": "nec: zuse", "result": "%408\n"}
{"utc": "2026-09-25T09:47:06Z", "command": "nec: |mount %base", "result": ">="}
{"utc": "2026-09-25T09:47:06Z", "command": "launch bud", "result": {"argv": ["/runtime/bin/vere-v4.6-linux-x86_64", "-t", "-L", "--no-dock", "--loom", "31", "-b", "127.0.0.1", "--http-port", "18083", "/state/live/bud"], "pid": 31}}
{"utc": "2026-09-25T09:47:08Z", "command": "bud: zuse", "result": "%408\n"}
{"utc": "2026-09-25T09:47:08Z", "command": "bud: |mount %base", "result": ">="}
{"utc": "2026-09-25T09:47:24Z", "command": "shutdown zod", "result": {"exit_code": 0, "forced": false}}
{"utc": "2026-09-25T09:47:24Z", "command": "shutdown bus", "result": {"exit_code": 0, "forced": false}}
{"utc": "2026-09-25T09:47:24Z", "command": "shutdown nec", "result": {"exit_code": 0, "forced": false}}
{"utc": "2026-09-25T09:47:27Z", "command": "shutdown bud", "result": {"exit_code": 0, "forced": false}}
{"utc": "2026-09-25T09:47:29Z", "command": "launch zod", "result": {"argv": ["/runtime/bin/vere-v4.6-linux-x86_64", "-t", "-L", "--no-dock", "--loom", "31", "-b", "127.0.0.1", "--http-port", "18080", "/state/live/zod"], "pid": 49}}
{"utc": "2026-09-25T09:47:33Z", "command": "zod: zuse", "result": "%408\n"}
{"utc": "2026-09-25T09:47:33Z", "command": "launch bus", "result": {"argv": ["/runtime/bin/vere-v4.6-linux-x86_64", "-t", "-L", "--no-dock", "--loom", "31", "-b", "127.0.0.1", "--http-port", "18081", "/state/live/bus"], "pid": 56}}
{"utc": "2026-09-25T09:47:37Z", "command": "bus: zuse", "result": "%408\n"}
{"utc": "2026-09-25T09:47:37Z", "command": "launch nec", "result": {"argv": ["/runtime/bin/vere-v4.6-linux-x86_64", "-t", "-L", "--no-dock", "--loom", "31", "-b", "127.0.0.1", "--http-port", "18082", "/state/live/nec"], "pid": 63}}
{"utc": "2026-09-25T09:47:40Z", "command": "nec: zuse", "result": "%408\n"}
{"utc": "2026-09-25T09:47:40Z", "command": "launch bud", "result": {"argv": ["/runtime/bin/vere-v4.6-linux-x86_64", "-t", "-L", "--no-dock", "--loom", "31", "-b", "127.0.0.1", "--http-port", "18083", "/state/live/bud"], "pid": 70}}
{"utc": "2026-09-25T09:47:44Z", "command": "bud: zuse", "result": "%408\n"}
Traceback (most recent call last):
  File "/code/core_check.py", line 96, in run
    command('+' + probe, expected)
    ~~~~~~~^^^^^^^^^^^^^^^^^^^^^^^
  File "/code/core_check.py", line 62, in command
    check(source, result.strip() == expected)
    ~~~~~^^^^^^^^^^^^^^^^^^^^^^^^^^^^^^^^^^^^
  File "/code/core_check.py", line 55, in check
    raise AssertionError(name)
AssertionError: +stead-build-probe
{"utc": "2026-09-25T09:47:58Z", "command": "shutdown zod", "result": {"exit_code": 0, "forced": false}}
{"utc": "2026-09-25T09:47:58Z", "command": "shutdown bus", "result": {"exit_code": 0, "forced": false}}
{"utc": "2026-09-25T09:47:58Z", "command": "shutdown nec", "result": {"exit_code": 0, "forced": false}}
{"utc": "2026-09-25T09:48:03Z", "command": "shutdown bud", "result": {"exit_code": 0, "forced": false}}
{"utc": "2026-09-25T09:48:03Z", "command": "shutdown zod", "result": {"exit_code": 0, "forced": false}}
{"utc": "2026-09-25T09:48:03Z", "command": "shutdown bus", "result": {"exit_code": 0, "forced": false}}
{"utc": "2026-09-25T09:48:03Z", "command": "shutdown nec", "result": {"exit_code": 0, "forced": false}}
{"utc": "2026-09-25T09:48:03Z", "command": "shutdown bud", "result": {"exit_code": 0, "forced": false}}
{"guard_status": "completed", "guard_report": "/home/skilgore/stead-urbit/.runtime/execution-runs/four-fakes-wk40_n1_/report.json"}
{"utc": "2026-09-25T09:54:21Z", "command": "launch zod", "result": {"argv": ["/runtime/bin/vere-v4.6-linux-x86_64", "-t", "-L", "--no-dock", "--loom", "31", "-b", "127.0.0.1", "--http-port", "18080", "/state/live/zod"], "pid": 5}}
{"utc": "2026-09-25T09:54:22Z", "command": "zod: zuse", "result": "%408\n"}
{"utc": "2026-09-25T09:54:22Z", "command": "zod: |mount %base", "result": ">="}
{"utc": "2026-09-25T09:54:22Z", "command": "launch bus", "result": {"argv": ["/runtime/bin/vere-v4.6-linux-x86_64", "-t", "-L", "--no-dock", "--loom", "31", "-b", "127.0.0.1", "--http-port", "18081", "/state/live/bus"], "pid": 15}}
{"utc": "2026-09-25T09:54:24Z", "command": "bus: zuse", "result": "%408\n"}
{"utc": "2026-09-25T09:54:24Z", "command": "bus: |mount %base", "result": ">="}
{"utc": "2026-09-25T09:54:24Z", "command": "launch nec", "result": {"argv": ["/runtime/bin/vere-v4.6-linux-x86_64", "-t", "-L", "--no-dock", "--loom", "31", "-b", "127.0.0.1", "--http-port", "18082", "/state/live/nec"], "pid": 24}}
{"utc": "2026-09-25T09:54:25Z", "command": "nec: zuse", "result": "%408\n"}
{"utc": "2026-09-25T09:54:25Z", "command": "nec: |mount %base", "result": ">="}
{"utc": "2026-09-25T09:54:25Z", "command": "launch bud", "result": {"argv": ["/runtime/bin/vere-v4.6-linux-x86_64", "-t", "-L", "--no-dock", "--loom", "31", "-b", "127.0.0.1", "--http-port", "18083", "/state/live/bud"], "pid": 32}}
{"utc": "2026-09-25T09:54:27Z", "command": "bud: zuse", "result": "%408\n"}
{"utc": "2026-09-25T09:54:27Z", "command": "bud: |mount %base", "result": ">="}
{"utc": "2026-09-25T09:54:43Z", "command": "shutdown zod", "result": {"exit_code": 0, "forced": false}}
{"utc": "2026-09-25T09:54:43Z", "command": "shutdown bus", "result": {"exit_code": 0, "forced": false}}
{"utc": "2026-09-25T09:54:43Z", "command": "shutdown nec", "result": {"exit_code": 0, "forced": false}}
{"utc": "2026-09-25T09:54:46Z", "command": "shutdown bud", "result": {"exit_code": 0, "forced": false}}
{"utc": "2026-09-25T09:54:49Z", "command": "launch zod", "result": {"argv": ["/runtime/bin/vere-v4.6-linux-x86_64", "-t", "-L", "--no-dock", "--loom", "31", "-b", "127.0.0.1", "--http-port", "18080", "/state/live/zod"], "pid": 50}}
{"utc": "2026-09-25T09:54:53Z", "command": "zod: zuse", "result": "%408\n"}
{"utc": "2026-09-25T09:54:53Z", "command": "launch bus", "result": {"argv": ["/runtime/bin/vere-v4.6-linux-x86_64", "-t", "-L", "--no-dock", "--loom", "31", "-b", "127.0.0.1", "--http-port", "18081", "/state/live/bus"], "pid": 57}}
{"utc": "2026-09-25T09:54:56Z", "command": "bus: zuse", "result": "%408\n"}
{"utc": "2026-09-25T09:54:56Z", "command": "launch nec", "result": {"argv": ["/runtime/bin/vere-v4.6-linux-x86_64", "-t", "-L", "--no-dock", "--loom", "31", "-b", "127.0.0.1", "--http-port", "18082", "/state/live/nec"], "pid": 64}}
{"utc": "2026-09-25T09:54:59Z", "command": "nec: zuse", "result": "%408\n"}
{"utc": "2026-09-25T09:54:59Z", "command": "launch bud", "result": {"argv": ["/runtime/bin/vere-v4.6-linux-x86_64", "-t", "-L", "--no-dock", "--loom", "31", "-b", "127.0.0.1", "--http-port", "18083", "/state/live/bud"], "pid": 71}}
{"utc": "2026-09-25T09:55:04Z", "command": "bud: zuse", "result": "%408\n"}
Traceback (most recent call last):
  File "/code/core_check.py", line 96, in run
    command('+' + probe, expected)
    ~~~~~~~^^^^^^^^^^^^^^^^^^^^^^^
  File "/code/core_check.py", line 62, in command
    check(source, result.strip() == expected)
    ~~~~~^^^^^^^^^^^^^^^^^^^^^^^^^^^^^^^^^^^^
  File "/code/core_check.py", line 55, in check
    raise AssertionError(name)
AssertionError: +stead-build-probe
{"utc": "2026-09-25T09:55:19Z", "command": "shutdown zod", "result": {"exit_code": 0, "forced": false}}
{"utc": "2026-09-25T09:55:19Z", "command": "shutdown bus", "result": {"exit_code": 0, "forced": false}}
{"utc": "2026-09-25T09:55:19Z", "command": "shutdown nec", "result": {"exit_code": 0, "forced": false}}
{"utc": "2026-09-25T09:55:21Z", "command": "shutdown bud", "result": {"exit_code": 0, "forced": false}}
{"utc": "2026-09-25T09:55:21Z", "command": "shutdown zod", "result": {"exit_code": 0, "forced": false}}
{"utc": "2026-09-25T09:55:21Z", "command": "shutdown bus", "result": {"exit_code": 0, "forced": false}}
{"utc": "2026-09-25T09:55:21Z", "command": "shutdown nec", "result": {"exit_code": 0, "forced": false}}
{"utc": "2026-09-25T09:55:21Z", "command": "shutdown bud", "result": {"exit_code": 0, "forced": false}}
{"guard_status": "completed", "guard_report": "/home/skilgore/stead-urbit/.runtime/execution-runs/four-fakes-ol7r4to0/report.json"}
{"utc": "2026-09-25T09:56:07Z", "command": "launch zod", "result": {"argv": ["/runtime/bin/vere-v4.6-linux-x86_64", "-t", "-L", "--no-dock", "--loom", "31", "-b", "127.0.0.1", "--http-port", "18080", "/state/live/zod"], "pid": 5}}
{"utc": "2026-09-25T09:56:08Z", "command": "zod: zuse", "result": "%408\n"}
{"utc": "2026-09-25T09:56:08Z", "command": "zod: |mount %base", "result": ">="}
{"utc": "2026-09-25T09:56:08Z", "command": "launch bus", "result": {"argv": ["/runtime/bin/vere-v4.6-linux-x86_64", "-t", "-L", "--no-dock", "--loom", "31", "-b", "127.0.0.1", "--http-port", "18081", "/state/live/bus"], "pid": 15}}
{"utc": "2026-09-25T09:56:09Z", "command": "bus: zuse", "result": "%408\n"}
{"utc": "2026-09-25T09:56:09Z", "command": "bus: |mount %base", "result": ">="}
{"utc": "2026-09-25T09:56:09Z", "command": "launch nec", "result": {"argv": ["/runtime/bin/vere-v4.6-linux-x86_64", "-t", "-L", "--no-dock", "--loom", "31", "-b", "127.0.0.1", "--http-port", "18082", "/state/live/nec"], "pid": 23}}
{"utc": "2026-09-25T09:56:10Z", "command": "nec: zuse", "result": "%408\n"}
{"utc": "2026-09-25T09:56:10Z", "command": "nec: |mount %base", "result": ">="}
{"utc": "2026-09-25T09:56:10Z", "command": "launch bud", "result": {"argv": ["/runtime/bin/vere-v4.6-linux-x86_64", "-t", "-L", "--no-dock", "--loom", "31", "-b", "127.0.0.1", "--http-port", "18083", "/state/live/bud"], "pid": 31}}
{"utc": "2026-09-25T09:56:13Z", "command": "bud: zuse", "result": "%408\n"}
{"utc": "2026-09-25T09:56:13Z", "command": "bud: |mount %base", "result": ">="}
{"utc": "2026-09-25T09:56:28Z", "command": "shutdown zod", "result": {"exit_code": 0, "forced": false}}
{"utc": "2026-09-25T09:56:28Z", "command": "shutdown bus", "result": {"exit_code": 0, "forced": false}}
{"utc": "2026-09-25T09:56:28Z", "command": "shutdown nec", "result": {"exit_code": 0, "forced": false}}
{"utc": "2026-09-25T09:56:32Z", "command": "shutdown bud", "result": {"exit_code": 0, "forced": false}}
{"utc": "2026-09-25T09:56:34Z", "command": "launch zod", "result": {"argv": ["/runtime/bin/vere-v4.6-linux-x86_64", "-t", "-L", "--no-dock", "--loom", "31", "-b", "127.0.0.1", "--http-port", "18080", "/state/live/zod"], "pid": 49}}
{"utc": "2026-09-25T09:56:40Z", "command": "zod: zuse", "result": "%408\n"}
{"utc": "2026-09-25T09:56:40Z", "command": "launch bus", "result": {"argv": ["/runtime/bin/vere-v4.6-linux-x86_64", "-t", "-L", "--no-dock", "--loom", "31", "-b", "127.0.0.1", "--http-port", "18081", "/state/live/bus"], "pid": 56}}
{"utc": "2026-09-25T09:56:43Z", "command": "bus: zuse", "result": "%408\n"}
{"utc": "2026-09-25T09:56:43Z", "command": "launch nec", "result": {"argv": ["/runtime/bin/vere-v4.6-linux-x86_64", "-t", "-L", "--no-dock", "--loom", "31", "-b", "127.0.0.1", "--http-port", "18082", "/state/live/nec"], "pid": 63}}
{"utc": "2026-09-25T09:56:46Z", "command": "nec: zuse", "result": "%408\n"}
{"utc": "2026-09-25T09:56:46Z", "command": "launch bud", "result": {"argv": ["/runtime/bin/vere-v4.6-linux-x86_64", "-t", "-L", "--no-dock", "--loom", "31", "-b", "127.0.0.1", "--http-port", "18083", "/state/live/bud"], "pid": 70}}
{"utc": "2026-09-25T09:56:49Z", "command": "bud: zuse", "result": "%408\n"}
Traceback (most recent call last):
  File "/code/core_check.py", line 96, in run
    command('+' + probe, expected)
    ~~~~~~~^^^^^^^^^^^^^^^^^^^^^^^
  File "/code/core_check.py", line 62, in command
    check(source, result.strip() == expected)
    ~~~~~^^^^^^^^^^^^^^^^^^^^^^^^^^^^^^^^^^^^
  File "/code/core_check.py", line 55, in check
    raise AssertionError(name)
AssertionError: +stead-build-probe
{"utc": "2026-09-25T09:57:05Z", "command": "shutdown zod", "result": {"exit_code": 0, "forced": false}}
{"utc": "2026-09-25T09:57:05Z", "command": "shutdown bus", "result": {"exit_code": 0, "forced": false}}
{"utc": "2026-09-25T09:57:05Z", "command": "shutdown nec", "result": {"exit_code": 0, "forced": false}}
{"utc": "2026-09-25T09:57:09Z", "command": "shutdown bud", "result": {"exit_code": 0, "forced": false}}
{"utc": "2026-09-25T09:57:09Z", "command": "shutdown zod", "result": {"exit_code": 0, "forced": false}}
{"utc": "2026-09-25T09:57:09Z", "command": "shutdown bus", "result": {"exit_code": 0, "forced": false}}
{"utc": "2026-09-25T09:57:09Z", "command": "shutdown nec", "result": {"exit_code": 0, "forced": false}}
{"utc": "2026-09-25T09:57:09Z", "command": "shutdown bud", "result": {"exit_code": 0, "forced": false}}
{"guard_status": "completed", "guard_report": "/home/skilgore/stead-urbit/.runtime/execution-runs/four-fakes-jpaht1i2/report.json"}
{"utc": "2026-09-25T09:57:33Z", "command": "launch zod", "result": {"argv": ["/runtime/bin/vere-v4.6-linux-x86_64", "-t", "-L", "--no-dock", "--loom", "31", "-b", "127.0.0.1", "--http-port", "18080", "/state/live/zod"], "pid": 5}}
{"utc": "2026-09-25T09:57:35Z", "command": "zod: zuse", "result": "%408\n"}
{"utc": "2026-09-25T09:57:35Z", "command": "zod: |mount %base", "result": ">="}
{"utc": "2026-09-25T09:57:35Z", "command": "launch bus", "result": {"argv": ["/runtime/bin/vere-v4.6-linux-x86_64", "-t", "-L", "--no-dock", "--loom", "31", "-b", "127.0.0.1", "--http-port", "18081", "/state/live/bus"], "pid": 16}}
{"utc": "2026-09-25T09:57:36Z", "command": "bus: zuse", "result": "%408\n"}
{"utc": "2026-09-25T09:57:36Z", "command": "bus: |mount %base", "result": ">="}
{"utc": "2026-09-25T09:57:36Z", "command": "launch nec", "result": {"argv": ["/runtime/bin/vere-v4.6-linux-x86_64", "-t", "-L", "--no-dock", "--loom", "31", "-b", "127.0.0.1", "--http-port", "18082", "/state/live/nec"], "pid": 24}}
{"utc": "2026-09-25T09:57:37Z", "command": "nec: zuse", "result": "%408\n"}
{"utc": "2026-09-25T09:57:37Z", "command": "nec: |mount %base", "result": ">="}
{"utc": "2026-09-25T09:57:37Z", "command": "launch bud", "result": {"argv": ["/runtime/bin/vere-v4.6-linux-x86_64", "-t", "-L", "--no-dock", "--loom", "31", "-b", "127.0.0.1", "--http-port", "18083", "/state/live/bud"], "pid": 32}}
{"utc": "2026-09-25T09:57:39Z", "command": "bud: zuse", "result": "%408\n"}
{"utc": "2026-09-25T09:57:39Z", "command": "bud: |mount %base", "result": ">="}
{"utc": "2026-09-25T09:57:56Z", "command": "shutdown zod", "result": {"exit_code": 0, "forced": false}}
{"utc": "2026-09-25T09:57:56Z", "command": "shutdown bus", "result": {"exit_code": 0, "forced": false}}
{"utc": "2026-09-25T09:57:56Z", "command": "shutdown nec", "result": {"exit_code": 0, "forced": false}}
{"utc": "2026-09-25T09:57:58Z", "command": "shutdown bud", "result": {"exit_code": 0, "forced": false}}
{"utc": "2026-09-25T09:58:00Z", "command": "launch zod", "result": {"argv": ["/runtime/bin/vere-v4.6-linux-x86_64", "-t", "-L", "--no-dock", "--loom", "31", "-b", "127.0.0.1", "--http-port", "18080", "/state/live/zod"], "pid": 50}}
{"utc": "2026-09-25T09:58:04Z", "command": "zod: zuse", "result": "%408\n"}
{"utc": "2026-09-25T09:58:04Z", "command": "launch bus", "result": {"argv": ["/runtime/bin/vere-v4.6-linux-x86_64", "-t", "-L", "--no-dock", "--loom", "31", "-b", "127.0.0.1", "--http-port", "18081", "/state/live/bus"], "pid": 57}}
{"utc": "2026-09-25T09:58:07Z", "command": "bus: zuse", "result": "%408\n"}
{"utc": "2026-09-25T09:58:07Z", "command": "launch nec", "result": {"argv": ["/runtime/bin/vere-v4.6-linux-x86_64", "-t", "-L", "--no-dock", "--loom", "31", "-b", "127.0.0.1", "--http-port", "18082", "/state/live/nec"], "pid": 64}}
{"utc": "2026-09-25T09:58:10Z", "command": "nec: zuse", "result": "%408\n"}
{"utc": "2026-09-25T09:58:10Z", "command": "launch bud", "result": {"argv": ["/runtime/bin/vere-v4.6-linux-x86_64", "-t", "-L", "--no-dock", "--loom", "31", "-b", "127.0.0.1", "--http-port", "18083", "/state/live/bud"], "pid": 71}}
{"utc": "2026-09-25T09:58:13Z", "command": "bud: zuse", "result": "%408\n"}
Traceback (most recent call last):
  File "/code/core_check.py", line 96, in run
    command('+' + probe, expected)
    ~~~~~~~^^^^^^^^^^^^^^^^^^^^^^^
  File "/code/core_check.py", line 62, in command
    check(source, result.strip() == expected)
    ~~~~~^^^^^^^^^^^^^^^^^^^^^^^^^^^^^^^^^^^^
  File "/code/core_check.py", line 55, in check
    raise AssertionError(name)
AssertionError: +stead-build-probe
{"utc": "2026-09-25T09:58:29Z", "command": "shutdown zod", "result": {"exit_code": 0, "forced": false}}
{"utc": "2026-09-25T09:58:29Z", "command": "shutdown bus", "result": {"exit_code": 0, "forced": false}}
{"utc": "2026-09-25T09:58:29Z", "command": "shutdown nec", "result": {"exit_code": 0, "forced": false}}
{"utc": "2026-09-25T09:58:31Z", "command": "shutdown bud", "result": {"exit_code": 0, "forced": false}}
{"utc": "2026-09-25T09:58:31Z", "command": "shutdown zod", "result": {"exit_code": 0, "forced": false}}
{"utc": "2026-09-25T09:58:31Z", "command": "shutdown bus", "result": {"exit_code": 0, "forced": false}}
{"utc": "2026-09-25T09:58:31Z", "command": "shutdown nec", "result": {"exit_code": 0, "forced": false}}
{"utc": "2026-09-25T09:58:31Z", "command": "shutdown bud", "result": {"exit_code": 0, "forced": false}}
{"guard_status": "completed", "guard_report": "/home/skilgore/stead-urbit/.runtime/execution-runs/four-fakes-ipk98ew8/report.json"}
{"utc": "2026-09-25T09:59:12Z", "command": "launch zod", "result": {"argv": ["/runtime/bin/vere-v4.6-linux-x86_64", "-t", "-L", "--no-dock", "--loom", "31", "-b", "127.0.0.1", "--http-port", "18080", "/state/live/zod"], "pid": 5}}
{"utc": "2026-09-25T09:59:13Z", "command": "zod: zuse", "result": "%408\n"}
{"utc": "2026-09-25T09:59:13Z", "command": "zod: |mount %base", "result": ">="}
{"utc": "2026-09-25T09:59:13Z", "command": "launch bus", "result": {"argv": ["/runtime/bin/vere-v4.6-linux-x86_64", "-t", "-L", "--no-dock", "--loom", "31", "-b", "127.0.0.1", "--http-port", "18081", "/state/live/bus"], "pid": 15}}
{"utc": "2026-09-25T09:59:15Z", "command": "bus: zuse", "result": "%408\n"}
{"utc": "2026-09-25T09:59:15Z", "command": "bus: |mount %base", "result": ">="}
{"utc": "2026-09-25T09:59:15Z", "command": "launch nec", "result": {"argv": ["/runtime/bin/vere-v4.6-linux-x86_64", "-t", "-L", "--no-dock", "--loom", "31", "-b", "127.0.0.1", "--http-port", "18082", "/state/live/nec"], "pid": 24}}
{"utc": "2026-09-25T09:59:17Z", "command": "nec: zuse", "result": "%408\n"}
{"utc": "2026-09-25T09:59:17Z", "command": "nec: |mount %base", "result": ">="}
{"utc": "2026-09-25T09:59:17Z", "command": "launch bud", "result": {"argv": ["/runtime/bin/vere-v4.6-linux-x86_64", "-t", "-L", "--no-dock", "--loom", "31", "-b", "127.0.0.1", "--http-port", "18083", "/state/live/bud"], "pid": 32}}
{"utc": "2026-09-25T09:59:19Z", "command": "bud: zuse", "result": "%408\n"}
{"utc": "2026-09-25T09:59:19Z", "command": "bud: |mount %base", "result": ">="}
{"utc": "2026-09-25T09:59:34Z", "command": "shutdown zod", "result": {"exit_code": 0, "forced": false}}
{"utc": "2026-09-25T09:59:34Z", "command": "shutdown bus", "result": {"exit_code": 0, "forced": false}}
{"utc": "2026-09-25T09:59:34Z", "command": "shutdown nec", "result": {"exit_code": 0, "forced": false}}
{"utc": "2026-09-25T09:59:38Z", "command": "shutdown bud", "result": {"exit_code": 0, "forced": false}}
{"utc": "2026-09-25T09:59:40Z", "command": "launch zod", "result": {"argv": ["/runtime/bin/vere-v4.6-linux-x86_64", "-t", "-L", "--no-dock", "--loom", "31", "-b", "127.0.0.1", "--http-port", "18080", "/state/live/zod"], "pid": 50}}
{"utc": "2026-09-25T09:59:44Z", "command": "zod: zuse", "result": "%408\n"}
{"utc": "2026-09-25T09:59:44Z", "command": "launch bus", "result": {"argv": ["/runtime/bin/vere-v4.6-linux-x86_64", "-t", "-L", "--no-dock", "--loom", "31", "-b", "127.0.0.1", "--http-port", "18081", "/state/live/bus"], "pid": 57}}
{"utc": "2026-09-25T09:59:48Z", "command": "bus: zuse", "result": "%408\n"}
{"utc": "2026-09-25T09:59:48Z", "command": "launch nec", "result": {"argv": ["/runtime/bin/vere-v4.6-linux-x86_64", "-t", "-L", "--no-dock", "--loom", "31", "-b", "127.0.0.1", "--http-port", "18082", "/state/live/nec"], "pid": 64}}
{"utc": "2026-09-25T09:59:52Z", "command": "nec: zuse", "result": "%408\n"}
{"utc": "2026-09-25T09:59:52Z", "command": "launch bud", "result": {"argv": ["/runtime/bin/vere-v4.6-linux-x86_64", "-t", "-L", "--no-dock", "--loom", "31", "-b", "127.0.0.1", "--http-port", "18083", "/state/live/bud"], "pid": 71}}
{"utc": "2026-09-25T09:59:55Z", "command": "bud: zuse", "result": "%408\n"}
{"utc": "2026-09-25T10:00:49Z", "command": "shutdown zod", "result": {"exit_code": 0, "forced": false}}
{"utc": "2026-09-25T10:00:49Z", "command": "shutdown bus", "result": {"exit_code": 0, "forced": false}}
{"utc": "2026-09-25T10:00:49Z", "command": "shutdown nec", "result": {"exit_code": 0, "forced": false}}
{"utc": "2026-09-25T10:00:49Z", "command": "shutdown bud", "result": {"exit_code": 0, "forced": false}}
{"utc": "2026-09-25T10:00:51Z", "command": "launch zod", "result": {"argv": ["/runtime/bin/vere-v4.6-linux-x86_64", "-t", "-L", "--no-dock", "--loom", "31", "-b", "127.0.0.1", "--http-port", "18080", "/state/live/zod"], "pid": 83}}
{"utc": "2026-09-25T10:00:54Z", "command": "zod: zuse", "result": "%408\n"}
{"utc": "2026-09-25T10:00:54Z", "command": "launch bus", "result": {"argv": ["/runtime/bin/vere-v4.6-linux-x86_64", "-t", "-L", "--no-dock", "--loom", "31", "-b", "127.0.0.1", "--http-port", "18081", "/state/live/bus"], "pid": 90}}
{"utc": "2026-09-25T10:00:58Z", "command": "bus: zuse", "result": "%408\n"}
{"utc": "2026-09-25T10:00:58Z", "command": "launch nec", "result": {"argv": ["/runtime/bin/vere-v4.6-linux-x86_64", "-t", "-L", "--no-dock", "--loom", "31", "-b", "127.0.0.1", "--http-port", "18082", "/state/live/nec"], "pid": 97}}
{"utc": "2026-09-25T10:01:01Z", "command": "nec: zuse", "result": "%408\n"}
{"utc": "2026-09-25T10:01:01Z", "command": "launch bud", "result": {"argv": ["/runtime/bin/vere-v4.6-linux-x86_64", "-t", "-L", "--no-dock", "--loom", "31", "-b", "127.0.0.1", "--http-port", "18083", "/state/live/bud"], "pid": 104}}
{"utc": "2026-09-25T10:01:05Z", "command": "bud: zuse", "result": "%408\n"}
{"utc": "2026-09-25T10:01:05Z", "command": "zod: |commit %base", "result": ">="}
{"utc": "2026-09-25T10:01:06Z", "command": "bus: |commit %base", "result": ">="}
{"utc": "2026-09-25T10:01:07Z", "command": "nec: |commit %base", "result": ">="}
{"utc": "2026-09-25T10:01:08Z", "command": "bud: |commit %base", "result": ">="}
{"utc": "2026-09-25T10:01:14Z", "command": "zod: |start %stead-home", "result": ">="}
{"utc": "2026-09-25T10:01:15Z", "command": "zod: -stead-smoke ~zod [%assert 0]", "result": {"stdout": "[32 %avow 0 %noun %stead-smoke-ack]", "stderr": "loom: mapped 512MB\r\nlite: arvo formula 4ce68411\r\nlite: core 641296f\r\nlite: final state 641296f\r\neval (cue, newt):", "request": "[32 %fyrd [%base %stead-smoke %noun [%noun [~zod [%assert 0]]]]]", "response_frame_sha256": "3530ab4116ee4a53b337d33da39aaffba6ad10029babade28d911ffb5ef8d9ce"}}
{"utc": "2026-09-25T10:01:19Z", "command": "bud: -stead-smoke ~zod [%advance ~bus 0]", "result": {"stdout": "[32 %avow 1]", "stderr": "loom: mapped 512MB\r\nlite: arvo formula 4ce68411\r\nlite: core 641296f\r\nlite: final state 641296f\r\neval (cue, newt):\n\r\n/sys/vane/gall/hoon:<[1.863 9].[1.863 37]>\r\n/app/stead-home/hoon:<[27 3].[50 5]>\r\n/app/stead-home/hoon:<[28 3].[50 5]>\r\n/app/stead-home/hoon:<[29 3].[50 5]>\r\n/app/stead-home/hoon:<[30 3].[50 5]>\r\n/app/stead-home/hoon:<[42 7].[49 31]>\r\n/app/stead-home/hoon:<[43 9].[44 11]>\r\nstead-smoke-denied\r\n/app/stead-home/hoon:<[44 9].[44 11]>\r\npoke-ack\r\npoke-fail\r\neval: bail: %thread-fail", "request": "[32 %fyrd [%base %stead-smoke %noun [%noun [~zod [%advance ~bus 0]]]]]", "response_frame_sha256": "c63fb76ea742dd91ae9bf129fb0df8304bc9d26fee819c5f131b0b1701aa1f51"}}
{"utc": "2026-09-25T10:01:22Z", "command": "nec: -stead-smoke ~zod [%advance ~bus 0]", "result": {"stdout": "[32 %avow 1]", "stderr": "loom: mapped 512MB\r\nlite: arvo formula 4ce68411\r\nlite: core 641296f\r\nlite: final state 641296f\r\neval (cue, newt):\n\r\n/sys/vane/gall/hoon:<[1.863 9].[1.863 37]>\r\n/app/stead-home/hoon:<[27 3].[50 5]>\r\n/app/stead-home/hoon:<[28 3].[50 5]>\r\n/app/stead-home/hoon:<[29 3].[50 5]>\r\n/app/stead-home/hoon:<[30 3].[50 5]>\r\n/app/stead-home/hoon:<[42 7].[49 31]>\r\n/app/stead-home/hoon:<[43 9].[44 11]>\r\nstead-smoke-denied\r\n/app/stead-home/hoon:<[44 9].[44 11]>\r\npoke-ack\r\npoke-fail\r\neval: bail: %thread-fail", "request": "[32 %fyrd [%base %stead-smoke %noun [%noun [~zod [%advance ~bus 0]]]]]", "response_frame_sha256": "c63fb76ea742dd91ae9bf129fb0df8304bc9d26fee819c5f131b0b1701aa1f51"}}
{"utc": "2026-09-25T10:01:24Z", "command": "zod: -stead-smoke ~zod [%assert 0]", "result": {"stdout": "[32 %avow 0 %noun %stead-smoke-ack]", "stderr": "loom: mapped 512MB\r\nlite: arvo formula 4ce68411\r\nlite: core 641296f\r\nlite: final state 641296f\r\neval (cue, newt):", "request": "[32 %fyrd [%base %stead-smoke %noun [%noun [~zod [%assert 0]]]]]", "response_frame_sha256": "3530ab4116ee4a53b337d33da39aaffba6ad10029babade28d911ffb5ef8d9ce"}}
{"utc": "2026-09-25T10:01:26Z", "command": "bus: -stead-smoke ~zod [%advance ~bud 0]", "result": {"stdout": "[32 %avow 0 %noun %stead-smoke-ack]", "stderr": "loom: mapped 512MB\r\nlite: arvo formula 4ce68411\r\nlite: core 641296f\r\nlite: final state 641296f\r\neval (cue, newt):", "request": "[32 %fyrd [%base %stead-smoke %noun [%noun [~zod [%advance ~bud 0]]]]]", "response_frame_sha256": "3530ab4116ee4a53b337d33da39aaffba6ad10029babade28d911ffb5ef8d9ce"}}
{"utc": "2026-09-25T10:01:28Z", "command": "bus: -stead-smoke ~zod [%advance ~bus 0]", "result": {"stdout": "[32 %avow 1]", "stderr": "loom: mapped 512MB\r\nlite: arvo formula 4ce68411\r\nlite: core 641296f\r\nlite: final state 641296f\r\neval (cue, newt):\n\r\n/sys/vane/gall/hoon:<[1.863 9].[1.863 37]>\r\n/app/stead-home/hoon:<[27 3].[50 5]>\r\n/app/stead-home/hoon:<[28 3].[50 5]>\r\n/app/stead-home/hoon:<[29 3].[50 5]>\r\n/app/stead-home/hoon:<[30 3].[50 5]>\r\n/app/stead-home/hoon:<[42 7].[49 31]>\r\n/app/stead-home/hoon:<[45 7].[49 31]>\r\n/app/stead-home/hoon:<[46 7].[49 31]>\r\n/app/stead-home/hoon:<[47 9].[48 11]>\r\nstead-smoke-stale\r\n/app/stead-home/hoon:<[48 9].[48 11]>\r\npoke-ack\r\npoke-fail\r\neval: bail: %thread-fail", "request": "[32 %fyrd [%base %stead-smoke %noun [%noun [~zod [%advance ~bus 0]]]]]", "response_frame_sha256": "53d03058ef16f9fac8ccdba746da9f016f5d004f8768d01957b9fb4ac52d503d"}}
{"utc": "2026-09-25T10:01:28Z", "command": "zod: -stead-smoke ~zod [%assert 1]", "result": {"stdout": "[32 %avow 0 %noun %stead-smoke-ack]", "stderr": "loom: mapped 512MB\r\nlite: arvo formula 4ce68411\r\nlite: core 641296f\r\nlite: final state 641296f\r\neval (cue, newt):", "request": "[32 %fyrd [%base %stead-smoke %noun [%noun [~zod [%assert 1]]]]]", "response_frame_sha256": "3530ab4116ee4a53b337d33da39aaffba6ad10029babade28d911ffb5ef8d9ce"}}
{"utc": "2026-09-25T10:01:30Z", "command": "shutdown zod", "result": {"exit_code": 0, "forced": false}}
{"utc": "2026-09-25T10:01:30Z", "command": "launch zod", "result": {"argv": ["/runtime/bin/vere-v4.6-linux-x86_64", "-t", "-L", "--no-dock", "--loom", "31", "-b", "127.0.0.1", "--http-port", "18080", "/state/live/zod"], "pid": 129}}
{"utc": "2026-09-25T10:01:32Z", "command": "zod: zuse", "result": "%408\n"}
{"utc": "2026-09-25T10:01:33Z", "command": "zod: -stead-smoke ~zod [%assert 1]", "result": {"stdout": "[32 %avow 0 %noun %stead-smoke-ack]", "stderr": "loom: mapped 512MB\r\nlite: arvo formula 4ce68411\r\nlite: core 641296f\r\nlite: final state 641296f\r\neval (cue, newt):", "request": "[32 %fyrd [%base %stead-smoke %noun [%noun [~zod [%assert 1]]]]]", "response_frame_sha256": "3530ab4116ee4a53b337d33da39aaffba6ad10029babade28d911ffb5ef8d9ce"}}
{"utc": "2026-09-25T10:01:34Z", "command": "bud: -stead-smoke ~zod [%advance ~bus 1]", "result": {"stdout": "[32 %avow 1]", "stderr": "loom: mapped 512MB\r\nlite: arvo formula 4ce68411\r\nlite: core 641296f\r\nlite: final state 641296f\r\neval (cue, newt):\n\r\n/sys/vane/gall/hoon:<[1.863 9].[1.863 37]>\r\n/app/stead-home/hoon:<[27 3].[50 5]>\r\n/app/stead-home/hoon:<[28 3].[50 5]>\r\n/app/stead-home/hoon:<[29 3].[50 5]>\r\n/app/stead-home/hoon:<[30 3].[50 5]>\r\n/app/stead-home/hoon:<[42 7].[49 31]>\r\n/app/stead-home/hoon:<[43 9].[44 11]>\r\nstead-smoke-denied\r\n/app/stead-home/hoon:<[44 9].[44 11]>\r\npoke-ack\r\npoke-fail\r\neval: bail: %thread-fail", "request": "[32 %fyrd [%base %stead-smoke %noun [%noun [~zod [%advance ~bus 1]]]]]", "response_frame_sha256": "c63fb76ea742dd91ae9bf129fb0df8304bc9d26fee819c5f131b0b1701aa1f51"}}
{"utc": "2026-09-25T10:01:35Z", "command": "bus: -stead-smoke ~zod [%advance ~bus 1]", "result": {"stdout": "[32 %avow 0 %noun %stead-smoke-ack]", "stderr": "loom: mapped 512MB\r\nlite: arvo formula 4ce68411\r\nlite: core 641296f\r\nlite: final state 641296f\r\neval (cue, newt):", "request": "[32 %fyrd [%base %stead-smoke %noun [%noun [~zod [%advance ~bus 1]]]]]", "response_frame_sha256": "3530ab4116ee4a53b337d33da39aaffba6ad10029babade28d911ffb5ef8d9ce"}}
{"utc": "2026-09-25T10:01:36Z", "command": "zod: -stead-smoke ~zod [%assert 2]", "result": {"stdout": "[32 %avow 0 %noun %stead-smoke-ack]", "stderr": "loom: mapped 512MB\r\nlite: arvo formula 4ce68411\r\nlite: core 641296f\r\nlite: final state 641296f\r\neval (cue, newt):", "request": "[32 %fyrd [%base %stead-smoke %noun [%noun [~zod [%assert 2]]]]]", "response_frame_sha256": "3530ab4116ee4a53b337d33da39aaffba6ad10029babade28d911ffb5ef8d9ce"}}
{"utc": "2026-09-25T10:01:37Z", "command": "zod: -stead-smoke ~zod [%assert 999]", "result": {"stdout": "[32 %avow 1]", "stderr": "loom: mapped 512MB\r\nlite: arvo formula 4ce68411\r\nlite: core 641296f\r\nlite: final state 641296f\r\neval (cue, newt):\n\r\n/sys/vane/gall/hoon:<[1.863 9].[1.863 37]>\r\n/app/stead-home/hoon:<[27 3].[50 5]>\r\n/app/stead-home/hoon:<[28 3].[50 5]>\r\n/app/stead-home/hoon:<[29 3].[50 5]>\r\n/app/stead-home/hoon:<[30 3].[50 5]>\r\n/app/stead-home/hoon:<[33 7].[39 12]>\r\n/app/stead-home/hoon:<[36 7].[39 12]>\r\n/app/stead-home/hoon:<[37 9].[38 11]>\r\nstead-smoke-assertion\r\n/app/stead-home/hoon:<[38 9].[38 11]>\r\npoke-fail\r\neval: bail: %thread-fail", "request": "[32 %fyrd [%base %stead-smoke %noun [%noun [~zod [%assert 999]]]]]", "response_frame_sha256": "be840ea5bc1badef4e3fc3efea8001eec933aabe0751694a01d112b68c2c2a46"}}
{"utc": "2026-09-25T10:01:53Z", "command": "shutdown zod", "result": {"exit_code": 0, "forced": false}}
{"utc": "2026-09-25T10:01:53Z", "command": "shutdown bus", "result": {"exit_code": 0, "forced": false}}
{"utc": "2026-09-25T10:01:53Z", "command": "shutdown nec", "result": {"exit_code": 0, "forced": false}}
{"utc": "2026-09-25T10:01:54Z", "command": "shutdown bud", "result": {"exit_code": 0, "forced": false}}
{"utc": "2026-09-25T10:01:56Z", "command": "launch zod", "result": {"argv": ["/runtime/bin/vere-v4.6-linux-x86_64", "-t", "-L", "--no-dock", "--loom", "31", "-b", "127.0.0.1", "--http-port", "18080", "/state/live/zod"], "pid": 150}}
{"utc": "2026-09-25T10:02:00Z", "command": "zod: zuse", "result": "%408\n"}
{"utc": "2026-09-25T10:02:00Z", "command": "launch bus", "result": {"argv": ["/runtime/bin/vere-v4.6-linux-x86_64", "-t", "-L", "--no-dock", "--loom", "31", "-b", "127.0.0.1", "--http-port", "18081", "/state/live/bus"], "pid": 157}}
{"utc": "2026-09-25T10:02:03Z", "command": "bus: zuse", "result": "%408\n"}
{"utc": "2026-09-25T10:02:03Z", "command": "launch nec", "result": {"argv": ["/runtime/bin/vere-v4.6-linux-x86_64", "-t", "-L", "--no-dock", "--loom", "31", "-b", "127.0.0.1", "--http-port", "18082", "/state/live/nec"], "pid": 164}}
{"utc": "2026-09-25T10:02:06Z", "command": "nec: zuse", "result": "%408\n"}
{"utc": "2026-09-25T10:02:06Z", "command": "launch bud", "result": {"argv": ["/runtime/bin/vere-v4.6-linux-x86_64", "-t", "-L", "--no-dock", "--loom", "31", "-b", "127.0.0.1", "--http-port", "18083", "/state/live/bud"], "pid": 171}}
{"utc": "2026-09-25T10:02:09Z", "command": "bud: zuse", "result": "%408\n"}
{"utc": "2026-09-25T10:12:53Z", "command": "shutdown zod", "result": {"exit_code": 0, "forced": false}}
{"utc": "2026-09-25T10:12:53Z", "command": "launch zod", "result": {"argv": ["/runtime/bin/vere-v4.6-linux-x86_64", "-t", "-L", "--no-dock", "--loom", "31", "-b", "127.0.0.1", "--http-port", "18080", "/state/live/zod"], "pid": 1647}}
{"utc": "2026-09-25T10:12:56Z", "command": "zod: zuse", "result": "%408\n"}
core: ordered, expiry, authorization and export outcomes complete
Traceback (most recent call last):
  File "/code/core_test.py", line 416, in run
    control(('roundtrip','bus','',''))
    ~~~~~~~^^^^^^^^^^^^^^^^^^^^^^^^^^^
  File "/code/core_test.py", line 194, in control
    check('owner-control:' + value[0], result['json'] == {})
    ~~~~~^^^^^^^^^^^^^^^^^^^^^^^^^^^^^^^^^^^^^^^^^^^^^^^^^^^
  File "/code/core_test.py", line 85, in check
    raise AssertionError(name)
AssertionError: owner-control:roundtrip
{"utc": "2026-09-25T10:27:17Z", "command": "requested fixture stop", "result": {"error": null}}
{"utc": "2026-09-25T10:27:18Z", "command": "shutdown zod", "result": {"exit_code": 0, "forced": false}}
{"utc": "2026-09-25T10:27:18Z", "command": "shutdown bus", "result": {"exit_code": 0, "forced": false}}
{"utc": "2026-09-25T10:27:18Z", "command": "shutdown nec", "result": {"exit_code": 0, "forced": false}}
{"utc": "2026-09-25T10:27:18Z", "command": "shutdown bud", "result": {"exit_code": 0, "forced": false}}
{"utc": "2026-09-25T10:27:18Z", "command": "shutdown zod", "result": {"exit_code": 0, "forced": false}}
{"utc": "2026-09-25T10:27:18Z", "command": "shutdown bus", "result": {"exit_code": 0, "forced": false}}
{"utc": "2026-09-25T10:27:18Z", "command": "shutdown nec", "result": {"exit_code": 0, "forced": false}}
{"utc": "2026-09-25T10:27:18Z", "command": "shutdown bud", "result": {"exit_code": 0, "forced": false}}
{"guard_status": "completed", "guard_report": "/home/skilgore/stead-urbit/.runtime/execution-runs/four-fakes-akioaczx/report.json"}
{"utc": "2026-09-25T11:32:34Z", "command": "launch zod", "result": {"argv": ["/runtime/bin/vere-v4.6-linux-x86_64", "-t", "-L", "--no-dock", "--loom", "31", "-b", "127.0.0.1", "--http-port", "18080", "/state/live/zod"], "pid": 5}}
{"utc": "2026-09-25T11:32:35Z", "command": "zod: zuse", "result": "%408\n"}
{"utc": "2026-09-25T11:32:35Z", "command": "zod: |mount %base", "result": ">="}
{"utc": "2026-09-25T11:32:35Z", "command": "launch bus", "result": {"argv": ["/runtime/bin/vere-v4.6-linux-x86_64", "-t", "-L", "--no-dock", "--loom", "31", "-b", "127.0.0.1", "--http-port", "18081", "/state/live/bus"], "pid": 15}}
{"utc": "2026-09-25T11:32:37Z", "command": "bus: zuse", "result": "%408\n"}
{"utc": "2026-09-25T11:32:37Z", "command": "bus: |mount %base", "result": ">="}
{"utc": "2026-09-25T11:32:37Z", "command": "launch nec", "result": {"argv": ["/runtime/bin/vere-v4.6-linux-x86_64", "-t", "-L", "--no-dock", "--loom", "31", "-b", "127.0.0.1", "--http-port", "18082", "/state/live/nec"], "pid": 24}}
{"utc": "2026-09-25T11:32:38Z", "command": "nec: zuse", "result": "%408\n"}
{"utc": "2026-09-25T11:32:39Z", "command": "nec: |mount %base", "result": ">="}
{"utc": "2026-09-25T11:32:39Z", "command": "launch bud", "result": {"argv": ["/runtime/bin/vere-v4.6-linux-x86_64", "-t", "-L", "--no-dock", "--loom", "31", "-b", "127.0.0.1", "--http-port", "18083", "/state/live/bud"], "pid": 32}}
{"utc": "2026-09-25T11:32:40Z", "command": "bud: zuse", "result": "%408\n"}
{"utc": "2026-09-25T11:32:40Z", "command": "bud: |mount %base", "result": ">="}
{"utc": "2026-09-25T11:32:54Z", "command": "shutdown zod", "result": {"exit_code": 0, "forced": false}}
{"utc": "2026-09-25T11:32:54Z", "command": "shutdown bus", "result": {"exit_code": 0, "forced": false}}
{"utc": "2026-09-25T11:32:54Z", "command": "shutdown nec", "result": {"exit_code": 0, "forced": false}}
{"utc": "2026-09-25T11:32:54Z", "command": "shutdown bud", "result": {"exit_code": 0, "forced": false}}
{"utc": "2026-09-25T11:32:56Z", "command": "launch zod", "result": {"argv": ["/runtime/bin/vere-v4.6-linux-x86_64", "-t", "-L", "--no-dock", "--loom", "31", "-b", "127.0.0.1", "--http-port", "18080", "/state/live/zod"], "pid": 45}}
{"utc": "2026-09-25T11:33:01Z", "command": "zod: zuse", "result": "%408\n"}
{"utc": "2026-09-25T11:33:01Z", "command": "launch bus", "result": {"argv": ["/runtime/bin/vere-v4.6-linux-x86_64", "-t", "-L", "--no-dock", "--loom", "31", "-b", "127.0.0.1", "--http-port", "18081", "/state/live/bus"], "pid": 52}}
{"utc": "2026-09-25T11:33:05Z", "command": "bus: zuse", "result": "%408\n"}
{"utc": "2026-09-25T11:33:05Z", "command": "launch nec", "result": {"argv": ["/runtime/bin/vere-v4.6-linux-x86_64", "-t", "-L", "--no-dock", "--loom", "31", "-b", "127.0.0.1", "--http-port", "18082", "/state/live/nec"], "pid": 59}}
{"utc": "2026-09-25T11:33:08Z", "command": "nec: zuse", "result": "%408\n"}
{"utc": "2026-09-25T11:33:08Z", "command": "launch bud", "result": {"argv": ["/runtime/bin/vere-v4.6-linux-x86_64", "-t", "-L", "--no-dock", "--loom", "31", "-b", "127.0.0.1", "--http-port", "18083", "/state/live/bud"], "pid": 66}}
{"utc": "2026-09-25T11:33:11Z", "command": "bud: zuse", "result": "%408\n"}
Traceback (most recent call last):
  File "/code/core_check.py", line 97, in run
    command('+' + probe, expected)
    ~~~~~~~^^^^^^^^^^^^^^^^^^^^^^^
  File "/code/core_check.py", line 62, in command
    check(source, result.strip() == expected)
    ~~~~~^^^^^^^^^^^^^^^^^^^^^^^^^^^^^^^^^^^^
  File "/code/core_check.py", line 55, in check
    raise AssertionError(name)
AssertionError: +stead-save-probe
{"utc": "2026-09-25T11:33:29Z", "command": "shutdown zod", "result": {"exit_code": 0, "forced": false}}
{"utc": "2026-09-25T11:33:29Z", "command": "shutdown bus", "result": {"exit_code": 0, "forced": false}}
{"utc": "2026-09-25T11:33:29Z", "command": "shutdown nec", "result": {"exit_code": 0, "forced": false}}
{"utc": "2026-09-25T11:33:30Z", "command": "shutdown bud", "result": {"exit_code": 0, "forced": false}}
{"utc": "2026-09-25T11:33:30Z", "command": "shutdown zod", "result": {"exit_code": 0, "forced": false}}
{"utc": "2026-09-25T11:33:30Z", "command": "shutdown bus", "result": {"exit_code": 0, "forced": false}}
{"utc": "2026-09-25T11:33:30Z", "command": "shutdown nec", "result": {"exit_code": 0, "forced": false}}
{"utc": "2026-09-25T11:33:30Z", "command": "shutdown bud", "result": {"exit_code": 0, "forced": false}}
{"guard_status": "completed", "guard_report": "/home/skilgore/stead-urbit/.runtime/execution-runs/four-fakes-62siqyvj/report.json"}
{"utc": "2026-09-25T11:34:12Z", "command": "launch zod", "result": {"argv": ["/runtime/bin/vere-v4.6-linux-x86_64", "-t", "-L", "--no-dock", "--loom", "31", "-b", "127.0.0.1", "--http-port", "18080", "/state/live/zod"], "pid": 5}}
{"utc": "2026-09-25T11:34:13Z", "command": "zod: zuse", "result": "%408\n"}
{"utc": "2026-09-25T11:34:13Z", "command": "zod: |mount %base", "result": ">="}
{"utc": "2026-09-25T11:34:13Z", "command": "launch bus", "result": {"argv": ["/runtime/bin/vere-v4.6-linux-x86_64", "-t", "-L", "--no-dock", "--loom", "31", "-b", "127.0.0.1", "--http-port", "18081", "/state/live/bus"], "pid": 15}}
{"utc": "2026-09-25T11:34:14Z", "command": "bus: zuse", "result": "%408\n"}
{"utc": "2026-09-25T11:34:15Z", "command": "bus: |mount %base", "result": ">="}
{"utc": "2026-09-25T11:34:15Z", "command": "launch nec", "result": {"argv": ["/runtime/bin/vere-v4.6-linux-x86_64", "-t", "-L", "--no-dock", "--loom", "31", "-b", "127.0.0.1", "--http-port", "18082", "/state/live/nec"], "pid": 23}}
{"utc": "2026-09-25T11:34:16Z", "command": "nec: zuse", "result": "%408\n"}
{"utc": "2026-09-25T11:34:16Z", "command": "nec: |mount %base", "result": ">="}
{"utc": "2026-09-25T11:34:16Z", "command": "launch bud", "result": {"argv": ["/runtime/bin/vere-v4.6-linux-x86_64", "-t", "-L", "--no-dock", "--loom", "31", "-b", "127.0.0.1", "--http-port", "18083", "/state/live/bud"], "pid": 31}}
{"utc": "2026-09-25T11:34:18Z", "command": "bud: zuse", "result": "%408\n"}
{"utc": "2026-09-25T11:34:18Z", "command": "bud: |mount %base", "result": ">="}
{"utc": "2026-09-25T11:34:34Z", "command": "shutdown zod", "result": {"exit_code": 0, "forced": false}}
{"utc": "2026-09-25T11:34:34Z", "command": "shutdown bus", "result": {"exit_code": 0, "forced": false}}
{"utc": "2026-09-25T11:34:34Z", "command": "shutdown nec", "result": {"exit_code": 0, "forced": false}}
{"utc": "2026-09-25T11:34:37Z", "command": "shutdown bud", "result": {"exit_code": 0, "forced": false}}
{"utc": "2026-09-25T11:34:39Z", "command": "launch zod", "result": {"argv": ["/runtime/bin/vere-v4.6-linux-x86_64", "-t", "-L", "--no-dock", "--loom", "31", "-b", "127.0.0.1", "--http-port", "18080", "/state/live/zod"], "pid": 49}}
{"utc": "2026-09-25T11:34:42Z", "command": "zod: zuse", "result": "%408\n"}
{"utc": "2026-09-25T11:34:42Z", "command": "launch bus", "result": {"argv": ["/runtime/bin/vere-v4.6-linux-x86_64", "-t", "-L", "--no-dock", "--loom", "31", "-b", "127.0.0.1", "--http-port", "18081", "/state/live/bus"], "pid": 56}}
{"utc": "2026-09-25T11:34:46Z", "command": "bus: zuse", "result": "%408\n"}
{"utc": "2026-09-25T11:34:46Z", "command": "launch nec", "result": {"argv": ["/runtime/bin/vere-v4.6-linux-x86_64", "-t", "-L", "--no-dock", "--loom", "31", "-b", "127.0.0.1", "--http-port", "18082", "/state/live/nec"], "pid": 63}}
{"utc": "2026-09-25T11:34:49Z", "command": "nec: zuse", "result": "%408\n"}
{"utc": "2026-09-25T11:34:49Z", "command": "launch bud", "result": {"argv": ["/runtime/bin/vere-v4.6-linux-x86_64", "-t", "-L", "--no-dock", "--loom", "31", "-b", "127.0.0.1", "--http-port", "18083", "/state/live/bud"], "pid": 70}}
{"utc": "2026-09-25T11:34:52Z", "command": "bud: zuse", "result": "%408\n"}
{"utc": "2026-09-25T11:35:19Z", "command": "requested fixture stop", "result": {"error": null}}
{"utc": "2026-09-25T11:35:20Z", "command": "shutdown zod", "result": {"exit_code": 0, "forced": false}}
{"utc": "2026-09-25T11:35:20Z", "command": "shutdown bus", "result": {"exit_code": 0, "forced": false}}
{"utc": "2026-09-25T11:35:20Z", "command": "shutdown nec", "result": {"exit_code": 0, "forced": false}}
{"utc": "2026-09-25T11:35:23Z", "command": "shutdown bud", "result": {"exit_code": 0, "forced": false}}
{"utc": "2026-09-25T11:35:23Z", "command": "shutdown zod", "result": {"exit_code": 0, "forced": false}}
{"utc": "2026-09-25T11:35:23Z", "command": "shutdown bus", "result": {"exit_code": 0, "forced": false}}
{"utc": "2026-09-25T11:35:23Z", "command": "shutdown nec", "result": {"exit_code": 0, "forced": false}}
{"utc": "2026-09-25T11:35:23Z", "command": "shutdown bud", "result": {"exit_code": 0, "forced": false}}
{"guard_status": "completed", "guard_report": "/home/skilgore/stead-urbit/.runtime/execution-runs/four-fakes-coadqx3l/report.json"}
{"utc": "2026-09-25T11:51:09Z", "command": "launch zod", "result": {"argv": ["/runtime/bin/vere-v4.6-linux-x86_64", "-t", "-L", "--no-dock", "--loom", "31", "-b", "127.0.0.1", "--http-port", "18080", "/state/live/zod"], "pid": 5}}
{"utc": "2026-09-25T11:51:10Z", "command": "zod: zuse", "result": "%408\n"}
{"utc": "2026-09-25T11:51:10Z", "command": "zod: |mount %base", "result": ">="}
{"utc": "2026-09-25T11:51:10Z", "command": "launch bus", "result": {"argv": ["/runtime/bin/vere-v4.6-linux-x86_64", "-t", "-L", "--no-dock", "--loom", "31", "-b", "127.0.0.1", "--http-port", "18081", "/state/live/bus"], "pid": 15}}
{"utc": "2026-09-25T11:51:11Z", "command": "bus: zuse", "result": "%408\n"}
{"utc": "2026-09-25T11:51:11Z", "command": "bus: |mount %base", "result": ">="}
{"utc": "2026-09-25T11:51:11Z", "command": "launch nec", "result": {"argv": ["/runtime/bin/vere-v4.6-linux-x86_64", "-t", "-L", "--no-dock", "--loom", "31", "-b", "127.0.0.1", "--http-port", "18082", "/state/live/nec"], "pid": 23}}
{"utc": "2026-09-25T11:51:12Z", "command": "nec: zuse", "result": "%408\n"}
{"utc": "2026-09-25T11:51:12Z", "command": "nec: |mount %base", "result": ">="}
{"utc": "2026-09-25T11:51:12Z", "command": "launch bud", "result": {"argv": ["/runtime/bin/vere-v4.6-linux-x86_64", "-t", "-L", "--no-dock", "--loom", "31", "-b", "127.0.0.1", "--http-port", "18083", "/state/live/bud"], "pid": 31}}
{"utc": "2026-09-25T11:51:14Z", "command": "bud: zuse", "result": "%408\n"}
{"utc": "2026-09-25T11:51:14Z", "command": "bud: |mount %base", "result": ">="}
{"utc": "2026-09-25T11:51:30Z", "command": "shutdown zod", "result": {"exit_code": 0, "forced": false}}
{"utc": "2026-09-25T11:51:30Z", "command": "shutdown bus", "result": {"exit_code": 0, "forced": false}}
{"utc": "2026-09-25T11:51:30Z", "command": "shutdown nec", "result": {"exit_code": 0, "forced": false}}
{"utc": "2026-09-25T11:51:34Z", "command": "shutdown bud", "result": {"exit_code": 0, "forced": false}}
{"utc": "2026-09-25T11:51:37Z", "command": "launch zod", "result": {"argv": ["/runtime/bin/vere-v4.6-linux-x86_64", "-t", "-L", "--no-dock", "--loom", "31", "-b", "127.0.0.1", "--http-port", "18080", "/state/live/zod"], "pid": 49}}
{"utc": "2026-09-25T11:51:40Z", "command": "zod: zuse", "result": "%408\n"}
{"utc": "2026-09-25T11:51:40Z", "command": "launch bus", "result": {"argv": ["/runtime/bin/vere-v4.6-linux-x86_64", "-t", "-L", "--no-dock", "--loom", "31", "-b", "127.0.0.1", "--http-port", "18081", "/state/live/bus"], "pid": 56}}
{"utc": "2026-09-25T11:51:43Z", "command": "bus: zuse", "result": "%408\n"}
{"utc": "2026-09-25T11:51:43Z", "command": "launch nec", "result": {"argv": ["/runtime/bin/vere-v4.6-linux-x86_64", "-t", "-L", "--no-dock", "--loom", "31", "-b", "127.0.0.1", "--http-port", "18082", "/state/live/nec"], "pid": 63}}
{"utc": "2026-09-25T11:51:46Z", "command": "nec: zuse", "result": "%408\n"}
{"utc": "2026-09-25T11:51:46Z", "command": "launch bud", "result": {"argv": ["/runtime/bin/vere-v4.6-linux-x86_64", "-t", "-L", "--no-dock", "--loom", "31", "-b", "127.0.0.1", "--http-port", "18083", "/state/live/bud"], "pid": 70}}
{"utc": "2026-09-25T11:51:50Z", "command": "bud: zuse", "result": "%408\n"}
{"utc": "2026-09-25T11:52:21Z", "command": "shutdown zod", "result": {"exit_code": 0, "forced": false}}
{"utc": "2026-09-25T11:52:21Z", "command": "shutdown bus", "result": {"exit_code": 0, "forced": false}}
{"utc": "2026-09-25T11:52:21Z", "command": "shutdown nec", "result": {"exit_code": 0, "forced": false}}
{"utc": "2026-09-25T11:52:24Z", "command": "shutdown bud", "result": {"exit_code": 0, "forced": false}}
{"utc": "2026-09-25T11:52:26Z", "command": "launch zod", "result": {"argv": ["/runtime/bin/vere-v4.6-linux-x86_64", "-t", "-L", "--no-dock", "--loom", "31", "-b", "127.0.0.1", "--http-port", "18080", "/state/live/zod"], "pid": 82}}
{"utc": "2026-09-25T11:52:29Z", "command": "zod: zuse", "result": "%408\n"}
{"utc": "2026-09-25T11:52:29Z", "command": "launch bus", "result": {"argv": ["/runtime/bin/vere-v4.6-linux-x86_64", "-t", "-L", "--no-dock", "--loom", "31", "-b", "127.0.0.1", "--http-port", "18081", "/state/live/bus"], "pid": 89}}
{"utc": "2026-09-25T11:52:32Z", "command": "bus: zuse", "result": "%408\n"}
{"utc": "2026-09-25T11:52:32Z", "command": "launch nec", "result": {"argv": ["/runtime/bin/vere-v4.6-linux-x86_64", "-t", "-L", "--no-dock", "--loom", "31", "-b", "127.0.0.1", "--http-port", "18082", "/state/live/nec"], "pid": 96}}
{"utc": "2026-09-25T11:52:35Z", "command": "nec: zuse", "result": "%408\n"}
{"utc": "2026-09-25T11:52:35Z", "command": "launch bud", "result": {"argv": ["/runtime/bin/vere-v4.6-linux-x86_64", "-t", "-L", "--no-dock", "--loom", "31", "-b", "127.0.0.1", "--http-port", "18083", "/state/live/bud"], "pid": 103}}
{"utc": "2026-09-25T11:52:39Z", "command": "bud: zuse", "result": "%408\n"}
Traceback (most recent call last):
  File "/code/gall_schedule.py", line 136, in run
    check('positive-native-result-shape', match is not None)
    ~~~~~^^^^^^^^^^^^^^^^^^^^^^^^^^^^^^^^^^^^^^^^^^^^^^^^^^^
  File "/code/gall_schedule.py", line 66, in check
    raise AssertionError(name)
AssertionError: positive-native-result-shape
{"utc": "2026-09-25T11:52:48Z", "command": "shutdown zod", "result": {"exit_code": 0, "forced": false}}
{"utc": "2026-09-25T11:52:48Z", "command": "shutdown bus", "result": {"exit_code": 0, "forced": false}}
{"utc": "2026-09-25T11:52:48Z", "command": "shutdown nec", "result": {"exit_code": 0, "forced": false}}
{"utc": "2026-09-25T11:52:51Z", "command": "shutdown bud", "result": {"exit_code": 0, "forced": false}}
{"utc": "2026-09-25T11:53:58Z", "command": "shutdown zod", "result": {"exit_code": 0, "forced": false}}
{"utc": "2026-09-25T11:53:58Z", "command": "shutdown bus", "result": {"exit_code": 0, "forced": false}}
{"utc": "2026-09-25T11:53:58Z", "command": "shutdown nec", "result": {"exit_code": 0, "forced": false}}
{"utc": "2026-09-25T11:53:58Z", "command": "shutdown bud", "result": {"exit_code": 0, "forced": false}}
{"guard_status": "completed", "guard_report": "/home/skilgore/stead-urbit/.runtime/execution-runs/four-fakes-vaigyxgg/report.json"}
{"utc": "2026-09-25T11:54:44Z", "command": "launch zod", "result": {"argv": ["/runtime/bin/vere-v4.6-linux-x86_64", "-t", "-L", "--no-dock", "--loom", "31", "-b", "127.0.0.1", "--http-port", "18080", "/state/live/zod"], "pid": 5}}
{"utc": "2026-09-25T11:54:45Z", "command": "zod: zuse", "result": "%408\n"}
{"utc": "2026-09-25T11:54:45Z", "command": "zod: |mount %base", "result": ">="}
{"utc": "2026-09-25T11:54:45Z", "command": "launch bus", "result": {"argv": ["/runtime/bin/vere-v4.6-linux-x86_64", "-t", "-L", "--no-dock", "--loom", "31", "-b", "127.0.0.1", "--http-port", "18081", "/state/live/bus"], "pid": 15}}
{"utc": "2026-09-25T11:54:46Z", "command": "bus: zuse", "result": "%408\n"}
{"utc": "2026-09-25T11:54:46Z", "command": "bus: |mount %base", "result": ">="}
{"utc": "2026-09-25T11:54:46Z", "command": "launch nec", "result": {"argv": ["/runtime/bin/vere-v4.6-linux-x86_64", "-t", "-L", "--no-dock", "--loom", "31", "-b", "127.0.0.1", "--http-port", "18082", "/state/live/nec"], "pid": 23}}
{"utc": "2026-09-25T11:54:47Z", "command": "nec: zuse", "result": "%408\n"}
{"utc": "2026-09-25T11:54:48Z", "command": "nec: |mount %base", "result": ">="}
{"utc": "2026-09-25T11:54:48Z", "command": "launch bud", "result": {"argv": ["/runtime/bin/vere-v4.6-linux-x86_64", "-t", "-L", "--no-dock", "--loom", "31", "-b", "127.0.0.1", "--http-port", "18083", "/state/live/bud"], "pid": 31}}
{"utc": "2026-09-25T11:54:50Z", "command": "bud: zuse", "result": "%408\n"}
{"utc": "2026-09-25T11:54:50Z", "command": "bud: |mount %base", "result": ">="}
{"utc": "2026-09-25T11:54:52Z", "command": "shutdown zod", "result": {"exit_code": 0, "forced": false}}
{"utc": "2026-09-25T11:54:52Z", "command": "shutdown bus", "result": {"exit_code": 0, "forced": false}}
{"utc": "2026-09-25T11:54:52Z", "command": "shutdown nec", "result": {"exit_code": 0, "forced": false}}
{"utc": "2026-09-25T11:54:54Z", "command": "shutdown bud", "result": {"exit_code": 0, "forced": false}}
{"utc": "2026-09-25T11:54:56Z", "command": "launch zod", "result": {"argv": ["/runtime/bin/vere-v4.6-linux-x86_64", "-t", "-L", "--no-dock", "--loom", "31", "-b", "127.0.0.1", "--http-port", "18080", "/state/live/zod"], "pid": 46}}
{"utc": "2026-09-25T11:54:59Z", "command": "zod: zuse", "result": "%408\n"}
{"utc": "2026-09-25T11:54:59Z", "command": "launch bus", "result": {"argv": ["/runtime/bin/vere-v4.6-linux-x86_64", "-t", "-L", "--no-dock", "--loom", "31", "-b", "127.0.0.1", "--http-port", "18081", "/state/live/bus"], "pid": 53}}
{"utc": "2026-09-25T11:55:02Z", "command": "bus: zuse", "result": "%408\n"}
{"utc": "2026-09-25T11:55:02Z", "command": "launch nec", "result": {"argv": ["/runtime/bin/vere-v4.6-linux-x86_64", "-t", "-L", "--no-dock", "--loom", "31", "-b", "127.0.0.1", "--http-port", "18082", "/state/live/nec"], "pid": 60}}
{"utc": "2026-09-25T11:55:09Z", "command": "nec: zuse", "result": "%408\n"}
{"utc": "2026-09-25T11:55:09Z", "command": "launch bud", "result": {"argv": ["/runtime/bin/vere-v4.6-linux-x86_64", "-t", "-L", "--no-dock", "--loom", "31", "-b", "127.0.0.1", "--http-port", "18083", "/state/live/bud"], "pid": 67}}
{"utc": "2026-09-25T11:55:12Z", "command": "bud: zuse", "result": "%408\n"}
Traceback (most recent call last):
  File "/code/gall_schedule.py", line 136, in run
    check('positive-native-result-shape', match is not None)
    ~~~~~^^^^^^^^^^^^^^^^^^^^^^^^^^^^^^^^^^^^^^^^^^^^^^^^^^^
  File "/code/gall_schedule.py", line 66, in check
    raise AssertionError(name)
AssertionError: positive-native-result-shape
{"utc": "2026-09-25T11:55:29Z", "command": "shutdown zod", "result": {"exit_code": 0, "forced": false}}
{"utc": "2026-09-25T11:55:29Z", "command": "shutdown bus", "result": {"exit_code": 0, "forced": false}}
{"utc": "2026-09-25T11:55:29Z", "command": "shutdown nec", "result": {"exit_code": 0, "forced": false}}
{"utc": "2026-09-25T11:55:32Z", "command": "shutdown bud", "result": {"exit_code": 0, "forced": false}}
{"utc": "2026-09-25T11:56:10Z", "command": "shutdown zod", "result": {"exit_code": 0, "forced": false}}
{"utc": "2026-09-25T11:56:10Z", "command": "shutdown bus", "result": {"exit_code": 0, "forced": false}}
{"utc": "2026-09-25T11:56:10Z", "command": "shutdown nec", "result": {"exit_code": 0, "forced": false}}
{"utc": "2026-09-25T11:56:10Z", "command": "shutdown bud", "result": {"exit_code": 0, "forced": false}}
{"guard_status": "completed", "guard_report": "/home/skilgore/stead-urbit/.runtime/execution-runs/four-fakes-zm3qkpt5/report.json"}
{"utc": "2026-09-25T11:56:52Z", "command": "launch zod", "result": {"argv": ["/runtime/bin/vere-v4.6-linux-x86_64", "-t", "-L", "--no-dock", "--loom", "31", "-b", "127.0.0.1", "--http-port", "18080", "/state/live/zod"], "pid": 5}}
{"utc": "2026-09-25T11:56:53Z", "command": "zod: zuse", "result": "%408\n"}
{"utc": "2026-09-25T11:56:54Z", "command": "zod: |mount %base", "result": ">="}
{"utc": "2026-09-25T11:56:54Z", "command": "launch bus", "result": {"argv": ["/runtime/bin/vere-v4.6-linux-x86_64", "-t", "-L", "--no-dock", "--loom", "31", "-b", "127.0.0.1", "--http-port", "18081", "/state/live/bus"], "pid": 15}}
{"utc": "2026-09-25T11:56:55Z", "command": "bus: zuse", "result": "%408\n"}
{"utc": "2026-09-25T11:56:55Z", "command": "bus: |mount %base", "result": ">="}
{"utc": "2026-09-25T11:56:55Z", "command": "launch nec", "result": {"argv": ["/runtime/bin/vere-v4.6-linux-x86_64", "-t", "-L", "--no-dock", "--loom", "31", "-b", "127.0.0.1", "--http-port", "18082", "/state/live/nec"], "pid": 23}}
{"utc": "2026-09-25T11:56:56Z", "command": "nec: zuse", "result": "%408\n"}
{"utc": "2026-09-25T11:56:56Z", "command": "nec: |mount %base", "result": ">="}
{"utc": "2026-09-25T11:56:56Z", "command": "launch bud", "result": {"argv": ["/runtime/bin/vere-v4.6-linux-x86_64", "-t", "-L", "--no-dock", "--loom", "31", "-b", "127.0.0.1", "--http-port", "18083", "/state/live/bud"], "pid": 31}}
{"utc": "2026-09-25T11:56:58Z", "command": "bud: zuse", "result": "%408\n"}
{"utc": "2026-09-25T11:56:58Z", "command": "bud: |mount %base", "result": ">="}
{"utc": "2026-09-25T11:57:00Z", "command": "shutdown zod", "result": {"exit_code": 0, "forced": false}}
{"utc": "2026-09-25T11:57:00Z", "command": "shutdown bus", "result": {"exit_code": 0, "forced": false}}
{"utc": "2026-09-25T11:57:00Z", "command": "shutdown nec", "result": {"exit_code": 0, "forced": false}}
{"utc": "2026-09-25T11:57:02Z", "command": "shutdown bud", "result": {"exit_code": 0, "forced": false}}
{"utc": "2026-09-25T11:57:04Z", "command": "launch zod", "result": {"argv": ["/runtime/bin/vere-v4.6-linux-x86_64", "-t", "-L", "--no-dock", "--loom", "31", "-b", "127.0.0.1", "--http-port", "18080", "/state/live/zod"], "pid": 46}}
{"utc": "2026-09-25T11:57:08Z", "command": "zod: zuse", "result": "%408\n"}
{"utc": "2026-09-25T11:57:08Z", "command": "launch bus", "result": {"argv": ["/runtime/bin/vere-v4.6-linux-x86_64", "-t", "-L", "--no-dock", "--loom", "31", "-b", "127.0.0.1", "--http-port", "18081", "/state/live/bus"], "pid": 53}}
{"utc": "2026-09-25T11:57:11Z", "command": "bus: zuse", "result": "%408\n"}
{"utc": "2026-09-25T11:57:11Z", "command": "launch nec", "result": {"argv": ["/runtime/bin/vere-v4.6-linux-x86_64", "-t", "-L", "--no-dock", "--loom", "31", "-b", "127.0.0.1", "--http-port", "18082", "/state/live/nec"], "pid": 60}}
{"utc": "2026-09-25T11:57:14Z", "command": "nec: zuse", "result": "%408\n"}
{"utc": "2026-09-25T11:57:14Z", "command": "launch bud", "result": {"argv": ["/runtime/bin/vere-v4.6-linux-x86_64", "-t", "-L", "--no-dock", "--loom", "31", "-b", "127.0.0.1", "--http-port", "18083", "/state/live/bud"], "pid": 67}}
{"utc": "2026-09-25T11:57:17Z", "command": "bud: zuse", "result": "%408\n"}
Traceback (most recent call last):
  File "/code/gall_schedule.py", line 136, in run
    check('positive-native-result-shape', match is not None)
    ~~~~~^^^^^^^^^^^^^^^^^^^^^^^^^^^^^^^^^^^^^^^^^^^^^^^^^^^
  File "/code/gall_schedule.py", line 66, in check
    raise AssertionError(name)
AssertionError: positive-native-result-shape
{"utc": "2026-09-25T11:57:34Z", "command": "shutdown zod", "result": {"exit_code": 0, "forced": false}}
{"utc": "2026-09-25T11:57:34Z", "command": "shutdown bus", "result": {"exit_code": 0, "forced": false}}
{"utc": "2026-09-25T11:57:34Z", "command": "shutdown nec", "result": {"exit_code": 0, "forced": false}}
{"utc": "2026-09-25T11:57:37Z", "command": "shutdown bud", "result": {"exit_code": 0, "forced": false}}
{"utc": "2026-09-25T12:01:35Z", "command": "execution guard stopped", "result": {"error": "Execution STOP is terminal"}}
{"utc": "2026-09-25T12:01:35Z", "command": "shutdown zod", "result": {"exit_code": 0, "forced": false}}
{"utc": "2026-09-25T12:01:35Z", "command": "shutdown bus", "result": {"exit_code": 0, "forced": false}}
{"utc": "2026-09-25T12:01:35Z", "command": "shutdown nec", "result": {"exit_code": 0, "forced": false}}
{"utc": "2026-09-25T12:01:35Z", "command": "shutdown bud", "result": {"exit_code": 0, "forced": false}}
{"guard_status": "failed", "guard_report": "/home/skilgore/stead-urbit/.runtime/execution-runs/four-fakes-5qmv_3mv/report.json"}
FAIL: Guarded supervisor stopped without clean completion: GuardError: Thermal ceiling reached
{"utc": "2026-09-25T12:13:33Z", "command": "launch zod", "result": {"argv": ["/runtime/bin/vere-v4.6-linux-x86_64", "-t", "-L", "--no-dock", "--loom", "31", "-b", "127.0.0.1", "--http-port", "18080", "/state/live/zod"], "pid": 5}}
{"utc": "2026-09-25T12:13:36Z", "command": "zod: zuse", "result": "%408\n"}
{"utc": "2026-09-25T12:13:36Z", "command": "zod: |mount %base", "result": ">="}
{"utc": "2026-09-25T12:13:36Z", "command": "launch bus", "result": {"argv": ["/runtime/bin/vere-v4.6-linux-x86_64", "-t", "-L", "--no-dock", "--loom", "31", "-b", "127.0.0.1", "--http-port", "18081", "/state/live/bus"], "pid": 17}}
{"utc": "2026-09-25T12:13:39Z", "command": "bus: zuse", "result": "%408\n"}
{"utc": "2026-09-25T12:13:40Z", "command": "bus: |mount %base", "result": ">="}
{"utc": "2026-09-25T12:13:40Z", "command": "launch nec", "result": {"argv": ["/runtime/bin/vere-v4.6-linux-x86_64", "-t", "-L", "--no-dock", "--loom", "31", "-b", "127.0.0.1", "--http-port", "18082", "/state/live/nec"], "pid": 27}}
{"utc": "2026-09-25T12:13:43Z", "command": "nec: zuse", "result": "%408\n"}
{"utc": "2026-09-25T12:13:43Z", "command": "nec: |mount %base", "result": ">="}
{"utc": "2026-09-25T12:13:43Z", "command": "launch bud", "result": {"argv": ["/runtime/bin/vere-v4.6-linux-x86_64", "-t", "-L", "--no-dock", "--loom", "31", "-b", "127.0.0.1", "--http-port", "18083", "/state/live/bud"], "pid": 37}}
{"utc": "2026-09-25T12:13:46Z", "command": "bud: zuse", "result": "%408\n"}
{"utc": "2026-09-25T12:13:46Z", "command": "bud: |mount %base", "result": ">="}
{"utc": "2026-09-25T12:13:50Z", "command": "shutdown zod", "result": {"exit_code": 0, "forced": false}}
{"utc": "2026-09-25T12:13:50Z", "command": "shutdown bus", "result": {"exit_code": 0, "forced": false}}
{"utc": "2026-09-25T12:13:50Z", "command": "shutdown nec", "result": {"exit_code": 0, "forced": false}}
{"utc": "2026-09-25T12:13:51Z", "command": "shutdown bud", "result": {"exit_code": 0, "forced": false}}
{"utc": "2026-09-25T12:13:53Z", "command": "launch zod", "result": {"argv": ["/runtime/bin/vere-v4.6-linux-x86_64", "-t", "-L", "--no-dock", "--loom", "31", "-b", "127.0.0.1", "--http-port", "18080", "/state/live/zod"], "pid": 53}}
{"utc": "2026-09-25T12:13:57Z", "command": "zod: zuse", "result": "%408\n"}
{"utc": "2026-09-25T12:13:57Z", "command": "launch bus", "result": {"argv": ["/runtime/bin/vere-v4.6-linux-x86_64", "-t", "-L", "--no-dock", "--loom", "31", "-b", "127.0.0.1", "--http-port", "18081", "/state/live/bus"], "pid": 60}}
{"utc": "2026-09-25T12:14:00Z", "command": "bus: zuse", "result": "%408\n"}
{"utc": "2026-09-25T12:14:00Z", "command": "launch nec", "result": {"argv": ["/runtime/bin/vere-v4.6-linux-x86_64", "-t", "-L", "--no-dock", "--loom", "31", "-b", "127.0.0.1", "--http-port", "18082", "/state/live/nec"], "pid": 67}}
{"utc": "2026-09-25T12:14:04Z", "command": "nec: zuse", "result": "%408\n"}
{"utc": "2026-09-25T12:14:04Z", "command": "launch bud", "result": {"argv": ["/runtime/bin/vere-v4.6-linux-x86_64", "-t", "-L", "--no-dock", "--loom", "31", "-b", "127.0.0.1", "--http-port", "18083", "/state/live/bud"], "pid": 74}}
{"utc": "2026-09-25T12:14:07Z", "command": "bud: zuse", "result": "%408\n"}
Traceback (most recent call last):
  File "/code/gall_schedule.py", line 136, in run
    check('positive-native-result-shape', match is not None)
    ~~~~~^^^^^^^^^^^^^^^^^^^^^^^^^^^^^^^^^^^^^^^^^^^^^^^^^^^
  File "/code/gall_schedule.py", line 66, in check
    raise AssertionError(name)
AssertionError: positive-native-result-shape
{"utc": "2026-09-25T12:14:26Z", "command": "shutdown zod", "result": {"exit_code": 0, "forced": false}}
{"utc": "2026-09-25T12:14:26Z", "command": "shutdown bus", "result": {"exit_code": 0, "forced": false}}
{"utc": "2026-09-25T12:14:26Z", "command": "shutdown nec", "result": {"exit_code": 0, "forced": false}}
{"utc": "2026-09-25T12:14:29Z", "command": "shutdown bud", "result": {"exit_code": 0, "forced": false}}
{"utc": "2026-09-25T12:14:59Z", "command": "shutdown zod", "result": {"exit_code": 0, "forced": false}}
{"utc": "2026-09-25T12:14:59Z", "command": "shutdown bus", "result": {"exit_code": 0, "forced": false}}
{"utc": "2026-09-25T12:14:59Z", "command": "shutdown nec", "result": {"exit_code": 0, "forced": false}}
{"utc": "2026-09-25T12:14:59Z", "command": "shutdown bud", "result": {"exit_code": 0, "forced": false}}
{"guard_status": "completed", "guard_report": "/home/skilgore/stead-urbit/.runtime/execution-runs/four-fakes-hrgvq4mm/report.json"}
{"utc": "2026-09-25T12:17:30Z", "command": "launch zod", "result": {"argv": ["/runtime/bin/vere-v4.6-linux-x86_64", "-t", "-L", "--no-dock", "--loom", "31", "-b", "127.0.0.1", "--http-port", "18080", "/state/live/zod"], "pid": 5}}
{"utc": "2026-09-25T12:17:31Z", "command": "zod: zuse", "result": "%408\n"}
{"utc": "2026-09-25T12:17:31Z", "command": "zod: |mount %base", "result": ">="}
{"utc": "2026-09-25T12:17:31Z", "command": "launch bus", "result": {"argv": ["/runtime/bin/vere-v4.6-linux-x86_64", "-t", "-L", "--no-dock", "--loom", "31", "-b", "127.0.0.1", "--http-port", "18081", "/state/live/bus"], "pid": 15}}
{"utc": "2026-09-25T12:17:32Z", "command": "bus: zuse", "result": "%408\n"}
{"utc": "2026-09-25T12:17:32Z", "command": "bus: |mount %base", "result": ">="}
{"utc": "2026-09-25T12:17:32Z", "command": "launch nec", "result": {"argv": ["/runtime/bin/vere-v4.6-linux-x86_64", "-t", "-L", "--no-dock", "--loom", "31", "-b", "127.0.0.1", "--http-port", "18082", "/state/live/nec"], "pid": 23}}
{"utc": "2026-09-25T12:17:33Z", "command": "nec: zuse", "result": "%408\n"}
{"utc": "2026-09-25T12:17:33Z", "command": "nec: |mount %base", "result": ">="}
{"utc": "2026-09-25T12:17:33Z", "command": "launch bud", "result": {"argv": ["/runtime/bin/vere-v4.6-linux-x86_64", "-t", "-L", "--no-dock", "--loom", "31", "-b", "127.0.0.1", "--http-port", "18083", "/state/live/bud"], "pid": 31}}
{"utc": "2026-09-25T12:17:35Z", "command": "bud: zuse", "result": "%408\n"}
{"utc": "2026-09-25T12:17:35Z", "command": "bud: |mount %base", "result": ">="}
{"utc": "2026-09-25T12:17:37Z", "command": "shutdown zod", "result": {"exit_code": 0, "forced": false}}
{"utc": "2026-09-25T12:17:37Z", "command": "shutdown bus", "result": {"exit_code": 0, "forced": false}}
{"utc": "2026-09-25T12:17:37Z", "command": "shutdown nec", "result": {"exit_code": 0, "forced": false}}
{"utc": "2026-09-25T12:17:39Z", "command": "shutdown bud", "result": {"exit_code": 0, "forced": false}}
{"utc": "2026-09-25T12:17:43Z", "command": "launch zod", "result": {"argv": ["/runtime/bin/vere-v4.6-linux-x86_64", "-t", "-L", "--no-dock", "--loom", "31", "-b", "127.0.0.1", "--http-port", "18080", "/state/live/zod"], "pid": 46}}
{"utc": "2026-09-25T12:17:47Z", "command": "zod: zuse", "result": "%408\n"}
{"utc": "2026-09-25T12:17:47Z", "command": "launch bus", "result": {"argv": ["/runtime/bin/vere-v4.6-linux-x86_64", "-t", "-L", "--no-dock", "--loom", "31", "-b", "127.0.0.1", "--http-port", "18081", "/state/live/bus"], "pid": 53}}
{"utc": "2026-09-25T12:17:50Z", "command": "bus: zuse", "result": "%408\n"}
{"utc": "2026-09-25T12:17:50Z", "command": "launch nec", "result": {"argv": ["/runtime/bin/vere-v4.6-linux-x86_64", "-t", "-L", "--no-dock", "--loom", "31", "-b", "127.0.0.1", "--http-port", "18082", "/state/live/nec"], "pid": 60}}
{"utc": "2026-09-25T12:17:53Z", "command": "nec: zuse", "result": "%408\n"}
{"utc": "2026-09-25T12:17:53Z", "command": "launch bud", "result": {"argv": ["/runtime/bin/vere-v4.6-linux-x86_64", "-t", "-L", "--no-dock", "--loom", "31", "-b", "127.0.0.1", "--http-port", "18083", "/state/live/bud"], "pid": 67}}
{"utc": "2026-09-25T12:17:56Z", "command": "bud: zuse", "result": "%408\n"}
Traceback (most recent call last):
  File "/code/gall_schedule.py", line 136, in run
    check('positive-native-result-shape', match is not None)
    ~~~~~^^^^^^^^^^^^^^^^^^^^^^^^^^^^^^^^^^^^^^^^^^^^^^^^^^^
  File "/code/gall_schedule.py", line 66, in check
    raise AssertionError(name)
AssertionError: positive-native-result-shape
{"utc": "2026-09-25T12:18:14Z", "command": "shutdown zod", "result": {"exit_code": 0, "forced": false}}
{"utc": "2026-09-25T12:18:14Z", "command": "shutdown bus", "result": {"exit_code": 0, "forced": false}}
{"utc": "2026-09-25T12:18:14Z", "command": "shutdown nec", "result": {"exit_code": 0, "forced": false}}
{"utc": "2026-09-25T12:18:17Z", "command": "shutdown bud", "result": {"exit_code": 0, "forced": false}}
{"utc": "2026-09-25T12:19:25Z", "command": "shutdown zod", "result": {"exit_code": 0, "forced": false}}
{"utc": "2026-09-25T12:19:25Z", "command": "shutdown bus", "result": {"exit_code": 0, "forced": false}}
{"utc": "2026-09-25T12:19:25Z", "command": "shutdown nec", "result": {"exit_code": 0, "forced": false}}
{"utc": "2026-09-25T12:19:25Z", "command": "shutdown bud", "result": {"exit_code": 0, "forced": false}}
{"guard_status": "completed", "guard_report": "/home/skilgore/stead-urbit/.runtime/execution-runs/four-fakes-3p9iy5gb/report.json"}
{"utc": "2026-09-25T12:19:57Z", "command": "launch zod", "result": {"argv": ["/runtime/bin/vere-v4.6-linux-x86_64", "-t", "-L", "--no-dock", "--loom", "31", "-b", "127.0.0.1", "--http-port", "18080", "/state/live/zod"], "pid": 5}}
{"utc": "2026-09-25T12:19:58Z", "command": "zod: zuse", "result": "%408\n"}
{"utc": "2026-09-25T12:19:58Z", "command": "zod: |mount %base", "result": ">="}
{"utc": "2026-09-25T12:19:58Z", "command": "launch bus", "result": {"argv": ["/runtime/bin/vere-v4.6-linux-x86_64", "-t", "-L", "--no-dock", "--loom", "31", "-b", "127.0.0.1", "--http-port", "18081", "/state/live/bus"], "pid": 15}}
{"utc": "2026-09-25T12:19:59Z", "command": "bus: zuse", "result": "%408\n"}
{"utc": "2026-09-25T12:19:59Z", "command": "bus: |mount %base", "result": ">="}
{"utc": "2026-09-25T12:19:59Z", "command": "launch nec", "result": {"argv": ["/runtime/bin/vere-v4.6-linux-x86_64", "-t", "-L", "--no-dock", "--loom", "31", "-b", "127.0.0.1", "--http-port", "18082", "/state/live/nec"], "pid": 23}}
{"utc": "2026-09-25T12:20:00Z", "command": "nec: zuse", "result": "%408\n"}
{"utc": "2026-09-25T12:20:01Z", "command": "nec: |mount %base", "result": ">="}
{"utc": "2026-09-25T12:20:01Z", "command": "launch bud", "result": {"argv": ["/runtime/bin/vere-v4.6-linux-x86_64", "-t", "-L", "--no-dock", "--loom", "31", "-b", "127.0.0.1", "--http-port", "18083", "/state/live/bud"], "pid": 31}}
{"utc": "2026-09-25T12:20:03Z", "command": "bud: zuse", "result": "%408\n"}
{"utc": "2026-09-25T12:20:03Z", "command": "bud: |mount %base", "result": ">="}
{"utc": "2026-09-25T12:20:05Z", "command": "shutdown zod", "result": {"exit_code": 0, "forced": false}}
{"utc": "2026-09-25T12:20:05Z", "command": "shutdown bus", "result": {"exit_code": 0, "forced": false}}
{"utc": "2026-09-25T12:20:05Z", "command": "shutdown nec", "result": {"exit_code": 0, "forced": false}}
{"utc": "2026-09-25T12:20:07Z", "command": "shutdown bud", "result": {"exit_code": 0, "forced": false}}
{"utc": "2026-09-25T12:20:09Z", "command": "launch zod", "result": {"argv": ["/runtime/bin/vere-v4.6-linux-x86_64", "-t", "-L", "--no-dock", "--loom", "31", "-b", "127.0.0.1", "--http-port", "18080", "/state/live/zod"], "pid": 46}}
{"utc": "2026-09-25T12:20:13Z", "command": "zod: zuse", "result": "%408\n"}
{"utc": "2026-09-25T12:20:13Z", "command": "launch bus", "result": {"argv": ["/runtime/bin/vere-v4.6-linux-x86_64", "-t", "-L", "--no-dock", "--loom", "31", "-b", "127.0.0.1", "--http-port", "18081", "/state/live/bus"], "pid": 53}}
{"utc": "2026-09-25T12:20:16Z", "command": "bus: zuse", "result": "%408\n"}
{"utc": "2026-09-25T12:20:16Z", "command": "launch nec", "result": {"argv": ["/runtime/bin/vere-v4.6-linux-x86_64", "-t", "-L", "--no-dock", "--loom", "31", "-b", "127.0.0.1", "--http-port", "18082", "/state/live/nec"], "pid": 60}}
{"utc": "2026-09-25T12:20:19Z", "command": "nec: zuse", "result": "%408\n"}
{"utc": "2026-09-25T12:20:19Z", "command": "launch bud", "result": {"argv": ["/runtime/bin/vere-v4.6-linux-x86_64", "-t", "-L", "--no-dock", "--loom", "31", "-b", "127.0.0.1", "--http-port", "18083", "/state/live/bud"], "pid": 67}}
{"utc": "2026-09-25T12:20:25Z", "command": "bud: zuse", "result": "%408\n"}
{"utc": "2026-09-25T12:20:26Z", "command": "zod: |commit %base", "result": ">="}
{"utc": "2026-09-25T12:20:26Z", "command": "bus: |commit %base", "result": ">="}
{"utc": "2026-09-25T12:20:27Z", "command": "nec: |commit %base", "result": ">="}
{"utc": "2026-09-25T12:20:29Z", "command": "bud: |commit %base", "result": ">="}
{"utc": "2026-09-25T12:20:35Z", "command": "zod: |start %stead-home", "result": ">="}
{"utc": "2026-09-25T12:20:36Z", "command": "zod: -stead-smoke ~zod [%assert 0]", "result": {"stdout": "[32 %avow 0 %noun %stead-smoke-ack]", "stderr": "loom: mapped 512MB\r\nlite: arvo formula 4ce68411\r\nlite: core 641296f\r\nlite: final state 641296f\r\neval (cue, newt):", "request": "[32 %fyrd [%base %stead-smoke %noun [%noun [~zod [%assert 0]]]]]", "response_frame_sha256": "3530ab4116ee4a53b337d33da39aaffba6ad10029babade28d911ffb5ef8d9ce"}}
{"utc": "2026-09-25T12:20:40Z", "command": "bud: -stead-smoke ~zod [%advance ~bus 0]", "result": {"stdout": "[32 %avow 1]", "stderr": "loom: mapped 512MB\r\nlite: arvo formula 4ce68411\r\nlite: core 641296f\r\nlite: final state 641296f\r\neval (cue, newt):\n\r\n/sys/vane/gall/hoon:<[1.863 9].[1.863 37]>\r\n/app/stead-home/hoon:<[27 3].[50 5]>\r\n/app/stead-home/hoon:<[28 3].[50 5]>\r\n/app/stead-home/hoon:<[29 3].[50 5]>\r\n/app/stead-home/hoon:<[30 3].[50 5]>\r\n/app/stead-home/hoon:<[42 7].[49 31]>\r\n/app/stead-home/hoon:<[43 9].[44 11]>\r\nstead-smoke-denied\r\n/app/stead-home/hoon:<[44 9].[44 11]>\r\npoke-ack\r\npoke-fail\r\neval: bail: %thread-fail", "request": "[32 %fyrd [%base %stead-smoke %noun [%noun [~zod [%advance ~bus 0]]]]]", "response_frame_sha256": "c63fb76ea742dd91ae9bf129fb0df8304bc9d26fee819c5f131b0b1701aa1f51"}}
{"utc": "2026-09-25T12:20:43Z", "command": "nec: -stead-smoke ~zod [%advance ~bus 0]", "result": {"stdout": "[32 %avow 1]", "stderr": "loom: mapped 512MB\r\nlite: arvo formula 4ce68411\r\nlite: core 641296f\r\nlite: final state 641296f\r\neval (cue, newt):\n\r\n/sys/vane/gall/hoon:<[1.863 9].[1.863 37]>\r\n/app/stead-home/hoon:<[27 3].[50 5]>\r\n/app/stead-home/hoon:<[28 3].[50 5]>\r\n/app/stead-home/hoon:<[29 3].[50 5]>\r\n/app/stead-home/hoon:<[30 3].[50 5]>\r\n/app/stead-home/hoon:<[42 7].[49 31]>\r\n/app/stead-home/hoon:<[43 9].[44 11]>\r\nstead-smoke-denied\r\n/app/stead-home/hoon:<[44 9].[44 11]>\r\npoke-ack\r\npoke-fail\r\neval: bail: %thread-fail", "request": "[32 %fyrd [%base %stead-smoke %noun [%noun [~zod [%advance ~bus 0]]]]]", "response_frame_sha256": "c63fb76ea742dd91ae9bf129fb0df8304bc9d26fee819c5f131b0b1701aa1f51"}}
{"utc": "2026-09-25T12:20:44Z", "command": "zod: -stead-smoke ~zod [%assert 0]", "result": {"stdout": "[32 %avow 0 %noun %stead-smoke-ack]", "stderr": "loom: mapped 512MB\r\nlite: arvo formula 4ce68411\r\nlite: core 641296f\r\nlite: final state 641296f\r\neval (cue, newt):", "request": "[32 %fyrd [%base %stead-smoke %noun [%noun [~zod [%assert 0]]]]]", "response_frame_sha256": "3530ab4116ee4a53b337d33da39aaffba6ad10029babade28d911ffb5ef8d9ce"}}
{"utc": "2026-09-25T12:20:47Z", "command": "bus: -stead-smoke ~zod [%advance ~bud 0]", "result": {"stdout": "[32 %avow 0 %noun %stead-smoke-ack]", "stderr": "loom: mapped 512MB\r\nlite: arvo formula 4ce68411\r\nlite: core 641296f\r\nlite: final state 641296f\r\neval (cue, newt):", "request": "[32 %fyrd [%base %stead-smoke %noun [%noun [~zod [%advance ~bud 0]]]]]", "response_frame_sha256": "3530ab4116ee4a53b337d33da39aaffba6ad10029babade28d911ffb5ef8d9ce"}}
{"utc": "2026-09-25T12:20:48Z", "command": "bus: -stead-smoke ~zod [%advance ~bus 0]", "result": {"stdout": "[32 %avow 1]", "stderr": "loom: mapped 512MB\r\nlite: arvo formula 4ce68411\r\nlite: core 641296f\r\nlite: final state 641296f\r\neval (cue, newt):\n\r\n/sys/vane/gall/hoon:<[1.863 9].[1.863 37]>\r\n/app/stead-home/hoon:<[27 3].[50 5]>\r\n/app/stead-home/hoon:<[28 3].[50 5]>\r\n/app/stead-home/hoon:<[29 3].[50 5]>\r\n/app/stead-home/hoon:<[30 3].[50 5]>\r\n/app/stead-home/hoon:<[42 7].[49 31]>\r\n/app/stead-home/hoon:<[45 7].[49 31]>\r\n/app/stead-home/hoon:<[46 7].[49 31]>\r\n/app/stead-home/hoon:<[47 9].[48 11]>\r\nstead-smoke-stale\r\n/app/stead-home/hoon:<[48 9].[48 11]>\r\npoke-ack\r\npoke-fail\r\neval: bail: %thread-fail", "request": "[32 %fyrd [%base %stead-smoke %noun [%noun [~zod [%advance ~bus 0]]]]]", "response_frame_sha256": "53d03058ef16f9fac8ccdba746da9f016f5d004f8768d01957b9fb4ac52d503d"}}
{"utc": "2026-09-25T12:20:49Z", "command": "zod: -stead-smoke ~zod [%assert 1]", "result": {"stdout": "[32 %avow 0 %noun %stead-smoke-ack]", "stderr": "loom: mapped 512MB\r\nlite: arvo formula 4ce68411\r\nlite: core 641296f\r\nlite: final state 641296f\r\neval (cue, newt):", "request": "[32 %fyrd [%base %stead-smoke %noun [%noun [~zod [%assert 1]]]]]", "response_frame_sha256": "3530ab4116ee4a53b337d33da39aaffba6ad10029babade28d911ffb5ef8d9ce"}}
{"utc": "2026-09-25T12:20:50Z", "command": "shutdown zod", "result": {"exit_code": 0, "forced": false}}
{"utc": "2026-09-25T12:20:50Z", "command": "launch zod", "result": {"argv": ["/runtime/bin/vere-v4.6-linux-x86_64", "-t", "-L", "--no-dock", "--loom", "31", "-b", "127.0.0.1", "--http-port", "18080", "/state/live/zod"], "pid": 92}}
{"utc": "2026-09-25T12:20:52Z", "command": "zod: zuse", "result": "%408\n"}
{"utc": "2026-09-25T12:20:53Z", "command": "zod: -stead-smoke ~zod [%assert 1]", "result": {"stdout": "[32 %avow 0 %noun %stead-smoke-ack]", "stderr": "loom: mapped 512MB\r\nlite: arvo formula 4ce68411\r\nlite: core 641296f\r\nlite: final state 641296f\r\neval (cue, newt):", "request": "[32 %fyrd [%base %stead-smoke %noun [%noun [~zod [%assert 1]]]]]", "response_frame_sha256": "3530ab4116ee4a53b337d33da39aaffba6ad10029babade28d911ffb5ef8d9ce"}}
{"utc": "2026-09-25T12:20:56Z", "command": "bud: -stead-smoke ~zod [%advance ~bus 1]", "result": {"stdout": "[32 %avow 1]", "stderr": "loom: mapped 512MB\r\nlite: arvo formula 4ce68411\r\nlite: core 641296f\r\nlite: final state 641296f\r\neval (cue, newt):\n\r\n/sys/vane/gall/hoon:<[1.863 9].[1.863 37]>\r\n/app/stead-home/hoon:<[27 3].[50 5]>\r\n/app/stead-home/hoon:<[28 3].[50 5]>\r\n/app/stead-home/hoon:<[29 3].[50 5]>\r\n/app/stead-home/hoon:<[30 3].[50 5]>\r\n/app/stead-home/hoon:<[42 7].[49 31]>\r\n/app/stead-home/hoon:<[43 9].[44 11]>\r\nstead-smoke-denied\r\n/app/stead-home/hoon:<[44 9].[44 11]>\r\npoke-ack\r\npoke-fail\r\neval: bail: %thread-fail", "request": "[32 %fyrd [%base %stead-smoke %noun [%noun [~zod [%advance ~bus 1]]]]]", "response_frame_sha256": "c63fb76ea742dd91ae9bf129fb0df8304bc9d26fee819c5f131b0b1701aa1f51"}}
{"utc": "2026-09-25T12:20:57Z", "command": "bus: -stead-smoke ~zod [%advance ~bus 1]", "result": {"stdout": "[32 %avow 0 %noun %stead-smoke-ack]", "stderr": "loom: mapped 512MB\r\nlite: arvo formula 4ce68411\r\nlite: core 641296f\r\nlite: final state 641296f\r\neval (cue, newt):", "request": "[32 %fyrd [%base %stead-smoke %noun [%noun [~zod [%advance ~bus 1]]]]]", "response_frame_sha256": "3530ab4116ee4a53b337d33da39aaffba6ad10029babade28d911ffb5ef8d9ce"}}
{"utc": "2026-09-25T12:20:58Z", "command": "zod: -stead-smoke ~zod [%assert 2]", "result": {"stdout": "[32 %avow 0 %noun %stead-smoke-ack]", "stderr": "loom: mapped 512MB\r\nlite: arvo formula 4ce68411\r\nlite: core 641296f\r\nlite: final state 641296f\r\neval (cue, newt):", "request": "[32 %fyrd [%base %stead-smoke %noun [%noun [~zod [%assert 2]]]]]", "response_frame_sha256": "3530ab4116ee4a53b337d33da39aaffba6ad10029babade28d911ffb5ef8d9ce"}}
{"utc": "2026-09-25T12:20:58Z", "command": "zod: -stead-smoke ~zod [%assert 999]", "result": {"stdout": "[32 %avow 1]", "stderr": "loom: mapped 512MB\r\nlite: arvo formula 4ce68411\r\nlite: core 641296f\r\nlite: final state 641296f\r\neval (cue, newt):\n\r\n/sys/vane/gall/hoon:<[1.863 9].[1.863 37]>\r\n/app/stead-home/hoon:<[27 3].[50 5]>\r\n/app/stead-home/hoon:<[28 3].[50 5]>\r\n/app/stead-home/hoon:<[29 3].[50 5]>\r\n/app/stead-home/hoon:<[30 3].[50 5]>\r\n/app/stead-home/hoon:<[33 7].[39 12]>\r\n/app/stead-home/hoon:<[36 7].[39 12]>\r\n/app/stead-home/hoon:<[37 9].[38 11]>\r\nstead-smoke-assertion\r\n/app/stead-home/hoon:<[38 9].[38 11]>\r\npoke-fail\r\neval: bail: %thread-fail", "request": "[32 %fyrd [%base %stead-smoke %noun [%noun [~zod [%assert 999]]]]]", "response_frame_sha256": "be840ea5bc1badef4e3fc3efea8001eec933aabe0751694a01d112b68c2c2a46"}}
{"utc": "2026-09-25T12:21:14Z", "command": "shutdown zod", "result": {"exit_code": 0, "forced": false}}
{"utc": "2026-09-25T12:21:14Z", "command": "shutdown bus", "result": {"exit_code": 0, "forced": false}}
{"utc": "2026-09-25T12:21:14Z", "command": "shutdown nec", "result": {"exit_code": 0, "forced": false}}
{"utc": "2026-09-25T12:21:15Z", "command": "shutdown bud", "result": {"exit_code": 0, "forced": false}}
{"utc": "2026-09-25T12:21:17Z", "command": "launch zod", "result": {"argv": ["/runtime/bin/vere-v4.6-linux-x86_64", "-t", "-L", "--no-dock", "--loom", "31", "-b", "127.0.0.1", "--http-port", "18080", "/state/live/zod"], "pid": 113}}
{"utc": "2026-09-25T12:21:20Z", "command": "zod: zuse", "result": "%408\n"}
{"utc": "2026-09-25T12:21:20Z", "command": "launch bus", "result": {"argv": ["/runtime/bin/vere-v4.6-linux-x86_64", "-t", "-L", "--no-dock", "--loom", "31", "-b", "127.0.0.1", "--http-port", "18081", "/state/live/bus"], "pid": 120}}
{"utc": "2026-09-25T12:21:23Z", "command": "bus: zuse", "result": "%408\n"}
{"utc": "2026-09-25T12:21:23Z", "command": "launch nec", "result": {"argv": ["/runtime/bin/vere-v4.6-linux-x86_64", "-t", "-L", "--no-dock", "--loom", "31", "-b", "127.0.0.1", "--http-port", "18082", "/state/live/nec"], "pid": 127}}
{"utc": "2026-09-25T12:21:26Z", "command": "nec: zuse", "result": "%408\n"}
{"utc": "2026-09-25T12:21:26Z", "command": "launch bud", "result": {"argv": ["/runtime/bin/vere-v4.6-linux-x86_64", "-t", "-L", "--no-dock", "--loom", "31", "-b", "127.0.0.1", "--http-port", "18083", "/state/live/bud"], "pid": 134}}
{"utc": "2026-09-25T12:21:30Z", "command": "bud: zuse", "result": "%408\n"}
{"utc": "2026-09-25T12:21:33Z", "command": "shutdown zod", "result": {"exit_code": 0, "forced": false}}
{"utc": "2026-09-25T12:21:33Z", "command": "shutdown bus", "result": {"exit_code": 0, "forced": false}}
{"utc": "2026-09-25T12:21:33Z", "command": "shutdown nec", "result": {"exit_code": 0, "forced": false}}
{"utc": "2026-09-25T12:21:34Z", "command": "shutdown bud", "result": {"exit_code": 0, "forced": false}}
{"utc": "2026-09-25T12:21:34Z", "command": "shutdown zod", "result": {"exit_code": 0, "forced": false}}
{"utc": "2026-09-25T12:21:34Z", "command": "shutdown bus", "result": {"exit_code": 0, "forced": false}}
{"utc": "2026-09-25T12:21:34Z", "command": "shutdown nec", "result": {"exit_code": 0, "forced": false}}
{"utc": "2026-09-25T12:21:34Z", "command": "shutdown bud", "result": {"exit_code": 0, "forced": false}}
{"guard_status": "completed", "guard_report": "/home/skilgore/stead-urbit/.runtime/execution-runs/four-fakes-mknx6k93/report.json"}
{"utc": "2026-09-26T13:33:29Z", "command": "launch zod", "result": {"argv": ["/runtime/bin/vere-v4.6-linux-x86_64", "-t", "-L", "--no-dock", "--loom", "31", "-b", "127.0.0.1", "--http-port", "18080", "/state/live/zod"], "pid": 5}}
{"utc": "2026-09-26T13:33:30Z", "command": "zod: zuse", "result": "%408\n"}
{"utc": "2026-09-26T13:33:30Z", "command": "zod: |mount %base", "result": ">="}
{"utc": "2026-09-26T13:33:30Z", "command": "launch bus", "result": {"argv": ["/runtime/bin/vere-v4.6-linux-x86_64", "-t", "-L", "--no-dock", "--loom", "31", "-b", "127.0.0.1", "--http-port", "18081", "/state/live/bus"], "pid": 15}}
{"utc": "2026-09-26T13:33:32Z", "command": "bus: zuse", "result": "%408\n"}
{"utc": "2026-09-26T13:33:32Z", "command": "bus: |mount %base", "result": ">="}
{"utc": "2026-09-26T13:33:32Z", "command": "launch nec", "result": {"argv": ["/runtime/bin/vere-v4.6-linux-x86_64", "-t", "-L", "--no-dock", "--loom", "31", "-b", "127.0.0.1", "--http-port", "18082", "/state/live/nec"], "pid": 24}}
{"utc": "2026-09-26T13:33:33Z", "command": "nec: zuse", "result": "%408\n"}
{"utc": "2026-09-26T13:33:33Z", "command": "nec: |mount %base", "result": ">="}
{"utc": "2026-09-26T13:33:33Z", "command": "launch bud", "result": {"argv": ["/runtime/bin/vere-v4.6-linux-x86_64", "-t", "-L", "--no-dock", "--loom", "31", "-b", "127.0.0.1", "--http-port", "18083", "/state/live/bud"], "pid": 32}}
{"utc": "2026-09-26T13:33:35Z", "command": "bud: zuse", "result": "%408\n"}
{"utc": "2026-09-26T13:33:35Z", "command": "bud: |mount %base", "result": ">="}
{"utc": "2026-09-26T13:33:38Z", "command": "shutdown zod", "result": {"exit_code": 0, "forced": false}}
{"utc": "2026-09-26T13:33:38Z", "command": "shutdown bus", "result": {"exit_code": 0, "forced": false}}
{"utc": "2026-09-26T13:33:38Z", "command": "shutdown nec", "result": {"exit_code": 0, "forced": false}}
{"utc": "2026-09-26T13:33:40Z", "command": "shutdown bud", "result": {"exit_code": 0, "forced": false}}
{"utc": "2026-09-26T13:33:42Z", "command": "launch zod", "result": {"argv": ["/runtime/bin/vere-v4.6-linux-x86_64", "-t", "-L", "--no-dock", "--loom", "31", "-b", "127.0.0.1", "--http-port", "18080", "/state/live/zod"], "pid": 47}}
{"utc": "2026-09-26T13:33:46Z", "command": "zod: zuse", "result": "%408\n"}
{"utc": "2026-09-26T13:33:46Z", "command": "launch bus", "result": {"argv": ["/runtime/bin/vere-v4.6-linux-x86_64", "-t", "-L", "--no-dock", "--loom", "31", "-b", "127.0.0.1", "--http-port", "18081", "/state/live/bus"], "pid": 54}}
{"utc": "2026-09-26T13:33:49Z", "command": "bus: zuse", "result": "%408\n"}
{"utc": "2026-09-26T13:33:49Z", "command": "launch nec", "result": {"argv": ["/runtime/bin/vere-v4.6-linux-x86_64", "-t", "-L", "--no-dock", "--loom", "31", "-b", "127.0.0.1", "--http-port", "18082", "/state/live/nec"], "pid": 61}}
{"utc": "2026-09-26T13:33:52Z", "command": "nec: zuse", "result": "%408\n"}
{"utc": "2026-09-26T13:33:52Z", "command": "launch bud", "result": {"argv": ["/runtime/bin/vere-v4.6-linux-x86_64", "-t", "-L", "--no-dock", "--loom", "31", "-b", "127.0.0.1", "--http-port", "18083", "/state/live/bud"], "pid": 68}}
{"utc": "2026-09-26T13:33:55Z", "command": "bud: zuse", "result": "%408\n"}
Traceback (most recent call last):
  File "/code/gall_schedule.py", line 136, in run
    check('positive-native-result-shape', match is not None)
    ~~~~~^^^^^^^^^^^^^^^^^^^^^^^^^^^^^^^^^^^^^^^^^^^^^^^^^^^
  File "/code/gall_schedule.py", line 66, in check
    raise AssertionError(name)
AssertionError: positive-native-result-shape
{"utc": "2026-09-26T13:34:13Z", "command": "shutdown zod", "result": {"exit_code": 0, "forced": false}}
{"utc": "2026-09-26T13:34:13Z", "command": "shutdown bus", "result": {"exit_code": 0, "forced": false}}
{"utc": "2026-09-26T13:34:13Z", "command": "shutdown nec", "result": {"exit_code": 0, "forced": false}}
{"utc": "2026-09-26T13:34:15Z", "command": "shutdown bud", "result": {"exit_code": 0, "forced": false}}
{"utc": "2026-09-26T13:34:31Z", "command": "shutdown zod", "result": {"exit_code": 0, "forced": false}}
{"utc": "2026-09-26T13:34:31Z", "command": "shutdown bus", "result": {"exit_code": 0, "forced": false}}
{"utc": "2026-09-26T13:34:31Z", "command": "shutdown nec", "result": {"exit_code": 0, "forced": false}}
{"utc": "2026-09-26T13:34:31Z", "command": "shutdown bud", "result": {"exit_code": 0, "forced": false}}
{"guard_status": "completed", "guard_report": "/home/skilgore/stead-urbit/.runtime/execution-runs/four-fakes-tjmumrdw/report.json"}
{"utc": "2026-09-26T13:35:12Z", "command": "launch zod", "result": {"argv": ["/runtime/bin/vere-v4.6-linux-x86_64", "-t", "-L", "--no-dock", "--loom", "31", "-b", "127.0.0.1", "--http-port", "18080", "/state/live/zod"], "pid": 5}}
{"utc": "2026-09-26T13:35:13Z", "command": "zod: zuse", "result": "%408\n"}
{"utc": "2026-09-26T13:35:13Z", "command": "zod: |mount %base", "result": ">="}
{"utc": "2026-09-26T13:35:13Z", "command": "launch bus", "result": {"argv": ["/runtime/bin/vere-v4.6-linux-x86_64", "-t", "-L", "--no-dock", "--loom", "31", "-b", "127.0.0.1", "--http-port", "18081", "/state/live/bus"], "pid": 14}}
{"utc": "2026-09-26T13:35:14Z", "command": "bus: zuse", "result": "%408\n"}
{"utc": "2026-09-26T13:35:14Z", "command": "bus: |mount %base", "result": ">="}
{"utc": "2026-09-26T13:35:14Z", "command": "launch nec", "result": {"argv": ["/runtime/bin/vere-v4.6-linux-x86_64", "-t", "-L", "--no-dock", "--loom", "31", "-b", "127.0.0.1", "--http-port", "18082", "/state/live/nec"], "pid": 23}}
{"utc": "2026-09-26T13:35:15Z", "command": "nec: zuse", "result": "%408\n"}
{"utc": "2026-09-26T13:35:15Z", "command": "nec: |mount %base", "result": ">="}
{"utc": "2026-09-26T13:35:15Z", "command": "launch bud", "result": {"argv": ["/runtime/bin/vere-v4.6-linux-x86_64", "-t", "-L", "--no-dock", "--loom", "31", "-b", "127.0.0.1", "--http-port", "18083", "/state/live/bud"], "pid": 31}}
{"utc": "2026-09-26T13:35:17Z", "command": "bud: zuse", "result": "%408\n"}
{"utc": "2026-09-26T13:35:17Z", "command": "bud: |mount %base", "result": ">="}
{"utc": "2026-09-26T13:35:20Z", "command": "shutdown zod", "result": {"exit_code": 0, "forced": false}}
{"utc": "2026-09-26T13:35:20Z", "command": "shutdown bus", "result": {"exit_code": 0, "forced": false}}
{"utc": "2026-09-26T13:35:20Z", "command": "shutdown nec", "result": {"exit_code": 0, "forced": false}}
{"utc": "2026-09-26T13:35:21Z", "command": "shutdown bud", "result": {"exit_code": 0, "forced": false}}
{"utc": "2026-09-26T13:35:23Z", "command": "launch zod", "result": {"argv": ["/runtime/bin/vere-v4.6-linux-x86_64", "-t", "-L", "--no-dock", "--loom", "31", "-b", "127.0.0.1", "--http-port", "18080", "/state/live/zod"], "pid": 46}}
{"utc": "2026-09-26T13:35:27Z", "command": "execution guard stopped", "result": {"error": "Execution STOP is terminal"}}
Traceback (most recent call last):
  File "/code/gall_schedule.py", line 110, in run
    host['wait_ready'](ship)
    ~~~~~~~~~~~~~~~~~~^^^^^^
  File "/code/supervisor.py", line 209, in wait_ready
    raise InterruptedError('Fixture boot cancelled by stop')
InterruptedError: Fixture boot cancelled by stop
{"utc": "2026-09-26T13:35:27Z", "command": "shutdown zod", "result": {"exit_code": 0, "forced": false}}
{"utc": "2026-09-26T13:35:27Z", "command": "shutdown bus", "result": {"exit_code": 0, "forced": false}}
{"utc": "2026-09-26T13:35:27Z", "command": "shutdown nec", "result": {"exit_code": 0, "forced": false}}
{"utc": "2026-09-26T13:35:27Z", "command": "shutdown bud", "result": {"exit_code": 0, "forced": false}}
{"utc": "2026-09-26T13:35:27Z", "command": "shutdown zod", "result": {"exit_code": 0, "forced": false}}
{"utc": "2026-09-26T13:35:27Z", "command": "shutdown bus", "result": {"exit_code": 0, "forced": false}}
{"utc": "2026-09-26T13:35:27Z", "command": "shutdown nec", "result": {"exit_code": 0, "forced": false}}
{"utc": "2026-09-26T13:35:27Z", "command": "shutdown bud", "result": {"exit_code": 0, "forced": false}}
{"guard_status": "failed", "guard_report": "/home/skilgore/stead-urbit/.runtime/execution-runs/four-fakes-zbezymtg/report.json"}
FAIL: Guarded supervisor stopped without clean completion: GuardError: Thermal ceiling reached
{"utc": "2026-09-26T13:40:32Z", "command": "launch zod", "result": {"argv": ["/runtime/bin/vere-v4.6-linux-x86_64", "-t", "-L", "--no-dock", "--loom", "31", "-b", "127.0.0.1", "--http-port", "18080", "/state/live/zod"], "pid": 5}}
{"utc": "2026-09-26T13:40:35Z", "command": "zod: zuse", "result": "%408\n"}
{"utc": "2026-09-26T13:40:35Z", "command": "zod: |mount %base", "result": ">="}
{"utc": "2026-09-26T13:40:35Z", "command": "launch bus", "result": {"argv": ["/runtime/bin/vere-v4.6-linux-x86_64", "-t", "-L", "--no-dock", "--loom", "31", "-b", "127.0.0.1", "--http-port", "18081", "/state/live/bus"], "pid": 17}}
{"utc": "2026-09-26T13:40:38Z", "command": "bus: zuse", "result": "%408\n"}
{"utc": "2026-09-26T13:40:38Z", "command": "bus: |mount %base", "result": ">="}
{"utc": "2026-09-26T13:40:38Z", "command": "launch nec", "result": {"argv": ["/runtime/bin/vere-v4.6-linux-x86_64", "-t", "-L", "--no-dock", "--loom", "31", "-b", "127.0.0.1", "--http-port", "18082", "/state/live/nec"], "pid": 27}}
{"utc": "2026-09-26T13:40:41Z", "command": "nec: zuse", "result": "%408\n"}
{"utc": "2026-09-26T13:40:42Z", "command": "nec: |mount %base", "result": ">="}
{"utc": "2026-09-26T13:40:42Z", "command": "launch bud", "result": {"argv": ["/runtime/bin/vere-v4.6-linux-x86_64", "-t", "-L", "--no-dock", "--loom", "31", "-b", "127.0.0.1", "--http-port", "18083", "/state/live/bud"], "pid": 37}}
{"utc": "2026-09-26T13:40:45Z", "command": "bud: zuse", "result": "%408\n"}
{"utc": "2026-09-26T13:40:45Z", "command": "bud: |mount %base", "result": ">="}
{"utc": "2026-09-26T13:40:48Z", "command": "shutdown zod", "result": {"exit_code": 0, "forced": false}}
{"utc": "2026-09-26T13:40:48Z", "command": "shutdown bus", "result": {"exit_code": 0, "forced": false}}
{"utc": "2026-09-26T13:40:48Z", "command": "shutdown nec", "result": {"exit_code": 0, "forced": false}}
{"utc": "2026-09-26T13:40:49Z", "command": "shutdown bud", "result": {"exit_code": 0, "forced": false}}
{"utc": "2026-09-26T13:40:51Z", "command": "launch zod", "result": {"argv": ["/runtime/bin/vere-v4.6-linux-x86_64", "-t", "-L", "--no-dock", "--loom", "31", "-b", "127.0.0.1", "--http-port", "18080", "/state/live/zod"], "pid": 53}}
{"utc": "2026-09-26T13:40:55Z", "command": "zod: zuse", "result": "%408\n"}
{"utc": "2026-09-26T13:40:55Z", "command": "launch bus", "result": {"argv": ["/runtime/bin/vere-v4.6-linux-x86_64", "-t", "-L", "--no-dock", "--loom", "31", "-b", "127.0.0.1", "--http-port", "18081", "/state/live/bus"], "pid": 60}}
{"utc": "2026-09-26T13:40:59Z", "command": "bus: zuse", "result": "%408\n"}
{"utc": "2026-09-26T13:40:59Z", "command": "launch nec", "result": {"argv": ["/runtime/bin/vere-v4.6-linux-x86_64", "-t", "-L", "--no-dock", "--loom", "31", "-b", "127.0.0.1", "--http-port", "18082", "/state/live/nec"], "pid": 67}}
{"utc": "2026-09-26T13:41:02Z", "command": "nec: zuse", "result": "%408\n"}
{"utc": "2026-09-26T13:41:02Z", "command": "launch bud", "result": {"argv": ["/runtime/bin/vere-v4.6-linux-x86_64", "-t", "-L", "--no-dock", "--loom", "31", "-b", "127.0.0.1", "--http-port", "18083", "/state/live/bud"], "pid": 74}}
{"utc": "2026-09-26T13:41:06Z", "command": "bud: zuse", "result": "%408\n"}
Traceback (most recent call last):
  File "/code/gall_schedule.py", line 141, in run
    check('wrong-pending-count-is-specific-runtime-failure',
    ~~~~~^^^^^^^^^^^^^^^^^^^^^^^^^^^^^^^^^^^^^^^^^^^^^^^^^^^
          intended_negative(negative['result'], negative['log']))
          ^^^^^^^^^^^^^^^^^^^^^^^^^^^^^^^^^^^^^^^^^^^^^^^^^^^^^^^
  File "/code/gall_schedule.py", line 66, in check
    raise AssertionError(name)
AssertionError: wrong-pending-count-is-specific-runtime-failure
{"utc": "2026-09-26T13:41:30Z", "command": "shutdown zod", "result": {"exit_code": 0, "forced": false}}
{"utc": "2026-09-26T13:41:30Z", "command": "shutdown bus", "result": {"exit_code": 0, "forced": false}}
{"utc": "2026-09-26T13:41:30Z", "command": "shutdown nec", "result": {"exit_code": 0, "forced": false}}
{"utc": "2026-09-26T13:41:32Z", "command": "shutdown bud", "result": {"exit_code": 0, "forced": false}}
{"utc": "2026-09-26T13:41:32Z", "command": "shutdown zod", "result": {"exit_code": 0, "forced": false}}
{"utc": "2026-09-26T13:41:32Z", "command": "shutdown bus", "result": {"exit_code": 0, "forced": false}}
{"utc": "2026-09-26T13:41:32Z", "command": "shutdown nec", "result": {"exit_code": 0, "forced": false}}
{"utc": "2026-09-26T13:41:32Z", "command": "shutdown bud", "result": {"exit_code": 0, "forced": false}}
{"guard_status": "completed", "guard_report": "/home/skilgore/stead-urbit/.runtime/execution-runs/four-fakes-vnycy8gs/report.json"}
{"utc": "2026-09-26T13:45:04Z", "command": "launch zod", "result": {"argv": ["/runtime/bin/vere-v4.6-linux-x86_64", "-t", "-L", "--no-dock", "--loom", "31", "-b", "127.0.0.1", "--http-port", "18080", "/state/live/zod"], "pid": 5}}
{"utc": "2026-09-26T13:45:05Z", "command": "zod: zuse", "result": "%408\n"}
{"utc": "2026-09-26T13:45:05Z", "command": "zod: |mount %base", "result": ">="}
{"utc": "2026-09-26T13:45:05Z", "command": "launch bus", "result": {"argv": ["/runtime/bin/vere-v4.6-linux-x86_64", "-t", "-L", "--no-dock", "--loom", "31", "-b", "127.0.0.1", "--http-port", "18081", "/state/live/bus"], "pid": 15}}
{"utc": "2026-09-26T13:45:06Z", "command": "bus: zuse", "result": "%408\n"}
{"utc": "2026-09-26T13:45:06Z", "command": "bus: |mount %base", "result": ">="}
{"utc": "2026-09-26T13:45:06Z", "command": "launch nec", "result": {"argv": ["/runtime/bin/vere-v4.6-linux-x86_64", "-t", "-L", "--no-dock", "--loom", "31", "-b", "127.0.0.1", "--http-port", "18082", "/state/live/nec"], "pid": 23}}
{"utc": "2026-09-26T13:45:07Z", "command": "nec: zuse", "result": "%408\n"}
{"utc": "2026-09-26T13:45:07Z", "command": "nec: |mount %base", "result": ">="}
{"utc": "2026-09-26T13:45:07Z", "command": "launch bud", "result": {"argv": ["/runtime/bin/vere-v4.6-linux-x86_64", "-t", "-L", "--no-dock", "--loom", "31", "-b", "127.0.0.1", "--http-port", "18083", "/state/live/bud"], "pid": 31}}
{"utc": "2026-09-26T13:45:09Z", "command": "bud: zuse", "result": "%408\n"}
{"utc": "2026-09-26T13:45:09Z", "command": "bud: |mount %base", "result": ">="}
{"utc": "2026-09-26T13:45:25Z", "command": "shutdown zod", "result": {"exit_code": 0, "forced": false}}
{"utc": "2026-09-26T13:45:25Z", "command": "shutdown bus", "result": {"exit_code": 0, "forced": false}}
{"utc": "2026-09-26T13:45:25Z", "command": "shutdown nec", "result": {"exit_code": 0, "forced": false}}
{"utc": "2026-09-26T13:45:30Z", "command": "shutdown bud", "result": {"exit_code": 0, "forced": false}}
{"utc": "2026-09-26T13:45:32Z", "command": "launch zod", "result": {"argv": ["/runtime/bin/vere-v4.6-linux-x86_64", "-t", "-L", "--no-dock", "--loom", "31", "-b", "127.0.0.1", "--http-port", "18080", "/state/live/zod"], "pid": 49}}
{"utc": "2026-09-26T13:45:36Z", "command": "zod: zuse", "result": "%408\n"}
{"utc": "2026-09-26T13:45:36Z", "command": "launch bus", "result": {"argv": ["/runtime/bin/vere-v4.6-linux-x86_64", "-t", "-L", "--no-dock", "--loom", "31", "-b", "127.0.0.1", "--http-port", "18081", "/state/live/bus"], "pid": 56}}
{"utc": "2026-09-26T13:45:39Z", "command": "bus: zuse", "result": "%408\n"}
{"utc": "2026-09-26T13:45:39Z", "command": "launch nec", "result": {"argv": ["/runtime/bin/vere-v4.6-linux-x86_64", "-t", "-L", "--no-dock", "--loom", "31", "-b", "127.0.0.1", "--http-port", "18082", "/state/live/nec"], "pid": 63}}
{"utc": "2026-09-26T13:45:42Z", "command": "nec: zuse", "result": "%408\n"}
{"utc": "2026-09-26T13:45:42Z", "command": "launch bud", "result": {"argv": ["/runtime/bin/vere-v4.6-linux-x86_64", "-t", "-L", "--no-dock", "--loom", "31", "-b", "127.0.0.1", "--http-port", "18083", "/state/live/bud"], "pid": 70}}
{"utc": "2026-09-26T13:45:45Z", "command": "bud: zuse", "result": "%408\n"}
{"utc": "2026-09-26T13:45:49Z", "command": "shutdown zod", "result": {"exit_code": 0, "forced": false}}
{"utc": "2026-09-26T13:45:49Z", "command": "shutdown bus", "result": {"exit_code": 0, "forced": false}}
{"utc": "2026-09-26T13:45:49Z", "command": "shutdown nec", "result": {"exit_code": 0, "forced": false}}
{"utc": "2026-09-26T13:45:50Z", "command": "shutdown bud", "result": {"exit_code": 0, "forced": false}}
{"utc": "2026-09-26T13:45:50Z", "command": "shutdown zod", "result": {"exit_code": 0, "forced": false}}
{"utc": "2026-09-26T13:45:50Z", "command": "shutdown bus", "result": {"exit_code": 0, "forced": false}}
{"utc": "2026-09-26T13:45:50Z", "command": "shutdown nec", "result": {"exit_code": 0, "forced": false}}
{"utc": "2026-09-26T13:45:50Z", "command": "shutdown bud", "result": {"exit_code": 0, "forced": false}}
{"guard_status": "completed", "guard_report": "/home/skilgore/stead-urbit/.runtime/execution-runs/four-fakes-ae951_2u/report.json"}
{"utc": "2026-09-26T13:51:27Z", "command": "launch zod", "result": {"argv": ["/runtime/bin/vere-v4.6-linux-x86_64", "-t", "-L", "--no-dock", "--loom", "31", "-b", "127.0.0.1", "--http-port", "18080", "/state/live/zod"], "pid": 5}}
{"utc": "2026-09-26T13:51:28Z", "command": "zod: zuse", "result": "%408\n"}
{"utc": "2026-09-26T13:51:28Z", "command": "zod: |mount %base", "result": ">="}
{"utc": "2026-09-26T13:51:28Z", "command": "launch bus", "result": {"argv": ["/runtime/bin/vere-v4.6-linux-x86_64", "-t", "-L", "--no-dock", "--loom", "31", "-b", "127.0.0.1", "--http-port", "18081", "/state/live/bus"], "pid": 15}}
{"utc": "2026-09-26T13:51:29Z", "command": "bus: zuse", "result": "%408\n"}
{"utc": "2026-09-26T13:51:29Z", "command": "bus: |mount %base", "result": ">="}
{"utc": "2026-09-26T13:51:29Z", "command": "launch nec", "result": {"argv": ["/runtime/bin/vere-v4.6-linux-x86_64", "-t", "-L", "--no-dock", "--loom", "31", "-b", "127.0.0.1", "--http-port", "18082", "/state/live/nec"], "pid": 23}}
{"utc": "2026-09-26T13:51:30Z", "command": "nec: zuse", "result": "%408\n"}
{"utc": "2026-09-26T13:51:30Z", "command": "nec: |mount %base", "result": ">="}
{"utc": "2026-09-26T13:51:30Z", "command": "launch bud", "result": {"argv": ["/runtime/bin/vere-v4.6-linux-x86_64", "-t", "-L", "--no-dock", "--loom", "31", "-b", "127.0.0.1", "--http-port", "18083", "/state/live/bud"], "pid": 31}}
{"utc": "2026-09-26T13:51:32Z", "command": "bud: zuse", "result": "%408\n"}
{"utc": "2026-09-26T13:51:32Z", "command": "bud: |mount %base", "result": ">="}
{"utc": "2026-09-26T13:51:48Z", "command": "shutdown zod", "result": {"exit_code": 0, "forced": false}}
{"utc": "2026-09-26T13:51:48Z", "command": "shutdown bus", "result": {"exit_code": 0, "forced": false}}
{"utc": "2026-09-26T13:51:48Z", "command": "shutdown nec", "result": {"exit_code": 0, "forced": false}}
{"utc": "2026-09-26T13:51:52Z", "command": "shutdown bud", "result": {"exit_code": 0, "forced": false}}
{"utc": "2026-09-26T13:51:54Z", "command": "launch zod", "result": {"argv": ["/runtime/bin/vere-v4.6-linux-x86_64", "-t", "-L", "--no-dock", "--loom", "31", "-b", "127.0.0.1", "--http-port", "18080", "/state/live/zod"], "pid": 49}}
{"utc": "2026-09-26T13:51:57Z", "command": "zod: zuse", "result": "%408\n"}
{"utc": "2026-09-26T13:51:57Z", "command": "launch bus", "result": {"argv": ["/runtime/bin/vere-v4.6-linux-x86_64", "-t", "-L", "--no-dock", "--loom", "31", "-b", "127.0.0.1", "--http-port", "18081", "/state/live/bus"], "pid": 56}}
{"utc": "2026-09-26T13:52:00Z", "command": "bus: zuse", "result": "%408\n"}
{"utc": "2026-09-26T13:52:00Z", "command": "launch nec", "result": {"argv": ["/runtime/bin/vere-v4.6-linux-x86_64", "-t", "-L", "--no-dock", "--loom", "31", "-b", "127.0.0.1", "--http-port", "18082", "/state/live/nec"], "pid": 63}}
{"utc": "2026-09-26T13:52:04Z", "command": "nec: zuse", "result": "%408\n"}
{"utc": "2026-09-26T13:52:04Z", "command": "launch bud", "result": {"argv": ["/runtime/bin/vere-v4.6-linux-x86_64", "-t", "-L", "--no-dock", "--loom", "31", "-b", "127.0.0.1", "--http-port", "18083", "/state/live/bud"], "pid": 70}}
{"utc": "2026-09-26T13:52:07Z", "command": "bud: zuse", "result": "%408\n"}
{"utc": "2026-09-26T13:55:32Z", "command": "requested fixture stop", "result": {"error": null}}
{"utc": "2026-09-26T13:57:00Z", "command": "shutdown zod", "result": {"exit_code": -9, "forced": true}}
{"utc": "2026-09-26T13:57:00Z", "command": "shutdown bus", "result": {"exit_code": 0, "forced": false}}
{"utc": "2026-09-26T13:57:00Z", "command": "shutdown nec", "result": {"exit_code": 0, "forced": false}}
{"utc": "2026-09-26T13:57:00Z", "command": "shutdown bud", "result": {"exit_code": 0, "forced": false}}
{"utc": "2026-09-26T13:57:00Z", "command": "shutdown zod", "result": {"exit_code": -9, "forced": false}}
{"utc": "2026-09-26T13:57:00Z", "command": "shutdown bus", "result": {"exit_code": 0, "forced": false}}
{"utc": "2026-09-26T13:57:00Z", "command": "shutdown nec", "result": {"exit_code": 0, "forced": false}}
{"utc": "2026-09-26T13:57:00Z", "command": "shutdown bud", "result": {"exit_code": 0, "forced": false}}
{"utc": "2026-09-26T13:57:00Z", "command": "shutdown zod", "result": {"exit_code": -9, "forced": false}}
{"utc": "2026-09-26T13:57:00Z", "command": "shutdown bus", "result": {"exit_code": 0, "forced": false}}
{"utc": "2026-09-26T13:57:00Z", "command": "shutdown nec", "result": {"exit_code": 0, "forced": false}}
{"utc": "2026-09-26T13:57:00Z", "command": "shutdown bud", "result": {"exit_code": 0, "forced": false}}
{"utc": "2026-09-26T13:57:00Z", "command": "shutdown zod", "result": {"exit_code": -9, "forced": false}}
{"utc": "2026-09-26T13:57:00Z", "command": "shutdown bus", "result": {"exit_code": 0, "forced": false}}
{"utc": "2026-09-26T13:57:00Z", "command": "shutdown nec", "result": {"exit_code": 0, "forced": false}}
{"utc": "2026-09-26T13:57:00Z", "command": "shutdown bud", "result": {"exit_code": 0, "forced": false}}
{"utc": "2026-09-26T13:57:00Z", "command": "guard shutdown failure", "result": {"error": "zod exit was not clean: -9; forced=False"}}
{"guard_status": "failed", "guard_report": "/home/skilgore/stead-urbit/.runtime/execution-runs/four-fakes-6che0pzm/report.json"}
FAIL: Guarded supervisor stopped without clean completion: Owned sandbox exited unsuccessfully
{"utc": "2026-09-26T14:07:12Z", "command": "launch zod", "result": {"argv": ["/runtime/bin/vere-v4.6-linux-x86_64", "-t", "-L", "--no-dock", "--loom", "31", "-b", "127.0.0.1", "--http-port", "18080", "/state/live/zod"], "pid": 5}}
{"utc": "2026-09-26T14:07:15Z", "command": "zod: zuse", "result": "%408\n"}
{"utc": "2026-09-26T14:07:15Z", "command": "zod: |mount %base", "result": ">="}
{"utc": "2026-09-26T14:07:15Z", "command": "launch bus", "result": {"argv": ["/runtime/bin/vere-v4.6-linux-x86_64", "-t", "-L", "--no-dock", "--loom", "31", "-b", "127.0.0.1", "--http-port", "18081", "/state/live/bus"], "pid": 17}}
{"utc": "2026-09-26T14:07:18Z", "command": "bus: zuse", "result": "%408\n"}
{"utc": "2026-09-26T14:07:18Z", "command": "bus: |mount %base", "result": ">="}
{"utc": "2026-09-26T14:07:18Z", "command": "launch nec", "result": {"argv": ["/runtime/bin/vere-v4.6-linux-x86_64", "-t", "-L", "--no-dock", "--loom", "31", "-b", "127.0.0.1", "--http-port", "18082", "/state/live/nec"], "pid": 27}}
{"utc": "2026-09-26T14:07:21Z", "command": "nec: zuse", "result": "%408\n"}
{"utc": "2026-09-26T14:07:21Z", "command": "nec: |mount %base", "result": ">="}
{"utc": "2026-09-26T14:07:21Z", "command": "launch bud", "result": {"argv": ["/runtime/bin/vere-v4.6-linux-x86_64", "-t", "-L", "--no-dock", "--loom", "31", "-b", "127.0.0.1", "--http-port", "18083", "/state/live/bud"], "pid": 37}}
{"utc": "2026-09-26T14:07:24Z", "command": "bud: zuse", "result": "%408\n"}
{"utc": "2026-09-26T14:07:25Z", "command": "bud: |mount %base", "result": ">="}
{"utc": "2026-09-26T14:07:49Z", "command": "shutdown zod", "result": {"exit_code": 0, "forced": false}}
{"utc": "2026-09-26T14:07:49Z", "command": "shutdown bus", "result": {"exit_code": 0, "forced": false}}
{"utc": "2026-09-26T14:07:49Z", "command": "shutdown nec", "result": {"exit_code": 0, "forced": false}}
{"utc": "2026-09-26T14:07:49Z", "command": "shutdown bud", "result": {"exit_code": 0, "forced": false}}
{"utc": "2026-09-26T14:07:51Z", "command": "launch zod", "result": {"argv": ["/runtime/bin/vere-v4.6-linux-x86_64", "-t", "-L", "--no-dock", "--loom", "31", "-b", "127.0.0.1", "--http-port", "18080", "/state/live/zod"], "pid": 56}}
{"utc": "2026-09-26T14:07:56Z", "command": "zod: zuse", "result": "%408\n"}
{"utc": "2026-09-26T14:07:56Z", "command": "launch bus", "result": {"argv": ["/runtime/bin/vere-v4.6-linux-x86_64", "-t", "-L", "--no-dock", "--loom", "31", "-b", "127.0.0.1", "--http-port", "18081", "/state/live/bus"], "pid": 63}}
{"utc": "2026-09-26T14:08:00Z", "command": "execution guard stopped", "result": {"error": "Stale, future or reversed thermal sample"}}
{"utc": "2026-09-26T14:08:02Z", "command": "shutdown zod", "result": {"exit_code": 0, "forced": false}}
{"utc": "2026-09-26T14:08:02Z", "command": "shutdown bus", "result": {"exit_code": 0, "forced": false}}
{"utc": "2026-09-26T14:08:02Z", "command": "shutdown nec", "result": {"exit_code": 0, "forced": false}}
{"utc": "2026-09-26T14:08:02Z", "command": "shutdown bud", "result": {"exit_code": 0, "forced": false}}
{"utc": "2026-09-26T14:08:03Z", "command": "shutdown zod", "result": {"exit_code": 0, "forced": false}}
{"utc": "2026-09-26T14:08:03Z", "command": "shutdown bus", "result": {"exit_code": 0, "forced": false}}
{"utc": "2026-09-26T14:08:03Z", "command": "shutdown nec", "result": {"exit_code": 0, "forced": false}}
{"utc": "2026-09-26T14:08:03Z", "command": "shutdown bud", "result": {"exit_code": 0, "forced": false}}
{"utc": "2026-09-26T14:08:03Z", "command": "shutdown zod", "result": {"exit_code": 0, "forced": false}}
{"utc": "2026-09-26T14:08:03Z", "command": "shutdown bus", "result": {"exit_code": 0, "forced": false}}
{"utc": "2026-09-26T14:08:03Z", "command": "shutdown nec", "result": {"exit_code": 0, "forced": false}}
{"utc": "2026-09-26T14:08:03Z", "command": "shutdown bud", "result": {"exit_code": 0, "forced": false}}
{"guard_status": "failed", "guard_report": "/home/skilgore/stead-urbit/.runtime/execution-runs/four-fakes-p4h280hs/report.json"}
FAIL: Guarded supervisor stopped without clean completion: Owned sandbox exited unsuccessfully
{"guard_status": "failed", "guard_report": "/home/skilgore/stead-urbit/.runtime/execution-runs/four-fakes-a4fqjmzz/report.json"}
FAIL: Guarded supervisor stopped without clean completion: GuardError: Start temperature exceeded
{"utc": "2026-09-26T14:11:19Z", "command": "launch zod", "result": {"argv": ["/runtime/bin/vere-v4.6-linux-x86_64", "-t", "-L", "--no-dock", "--loom", "31", "-b", "127.0.0.1", "--http-port", "18080", "/state/live/zod"], "pid": 5}}
{"utc": "2026-09-26T14:11:22Z", "command": "zod: zuse", "result": "%408\n"}
{"utc": "2026-09-26T14:11:22Z", "command": "zod: |mount %base", "result": ">="}
{"utc": "2026-09-26T14:11:22Z", "command": "launch bus", "result": {"argv": ["/runtime/bin/vere-v4.6-linux-x86_64", "-t", "-L", "--no-dock", "--loom", "31", "-b", "127.0.0.1", "--http-port", "18081", "/state/live/bus"], "pid": 17}}
{"utc": "2026-09-26T14:11:26Z", "command": "bus: zuse", "result": "%408\n"}
{"utc": "2026-09-26T14:11:26Z", "command": "bus: |mount %base", "result": ">="}
{"utc": "2026-09-26T14:11:26Z", "command": "launch nec", "result": {"argv": ["/runtime/bin/vere-v4.6-linux-x86_64", "-t", "-L", "--no-dock", "--loom", "31", "-b", "127.0.0.1", "--http-port", "18082", "/state/live/nec"], "pid": 27}}
{"utc": "2026-09-26T14:11:29Z", "command": "nec: zuse", "result": "%408\n"}
{"utc": "2026-09-26T14:11:29Z", "command": "nec: |mount %base", "result": ">="}
{"utc": "2026-09-26T14:11:29Z", "command": "launch bud", "result": {"argv": ["/runtime/bin/vere-v4.6-linux-x86_64", "-t", "-L", "--no-dock", "--loom", "31", "-b", "127.0.0.1", "--http-port", "18083", "/state/live/bud"], "pid": 37}}
{"utc": "2026-09-26T14:11:32Z", "command": "bud: zuse", "result": "%408\n"}
{"utc": "2026-09-26T14:11:32Z", "command": "bud: |mount %base", "result": ">="}
{"utc": "2026-09-26T14:11:48Z", "command": "shutdown zod", "result": {"exit_code": 0, "forced": false}}
{"utc": "2026-09-26T14:11:48Z", "command": "shutdown bus", "result": {"exit_code": 0, "forced": false}}
{"utc": "2026-09-26T14:11:48Z", "command": "shutdown nec", "result": {"exit_code": 0, "forced": false}}
{"utc": "2026-09-26T14:11:51Z", "command": "shutdown bud", "result": {"exit_code": 0, "forced": false}}
{"utc": "2026-09-26T14:11:53Z", "command": "launch zod", "result": {"argv": ["/runtime/bin/vere-v4.6-linux-x86_64", "-t", "-L", "--no-dock", "--loom", "31", "-b", "127.0.0.1", "--http-port", "18080", "/state/live/zod"], "pid": 56}}
{"utc": "2026-09-26T14:11:57Z", "command": "zod: zuse", "result": "%408\n"}
{"utc": "2026-09-26T14:11:57Z", "command": "launch bus", "result": {"argv": ["/runtime/bin/vere-v4.6-linux-x86_64", "-t", "-L", "--no-dock", "--loom", "31", "-b", "127.0.0.1", "--http-port", "18081", "/state/live/bus"], "pid": 63}}
{"utc": "2026-09-26T14:12:00Z", "command": "bus: zuse", "result": "%408\n"}
{"utc": "2026-09-26T14:12:00Z", "command": "launch nec", "result": {"argv": ["/runtime/bin/vere-v4.6-linux-x86_64", "-t", "-L", "--no-dock", "--loom", "31", "-b", "127.0.0.1", "--http-port", "18082", "/state/live/nec"], "pid": 70}}
{"utc": "2026-09-26T14:12:04Z", "command": "nec: zuse", "result": "%408\n"}
{"utc": "2026-09-26T14:12:04Z", "command": "launch bud", "result": {"argv": ["/runtime/bin/vere-v4.6-linux-x86_64", "-t", "-L", "--no-dock", "--loom", "31", "-b", "127.0.0.1", "--http-port", "18083", "/state/live/bud"], "pid": 77}}
{"utc": "2026-09-26T14:12:09Z", "command": "bud: zuse", "result": "%408\n"}
{"utc": "2026-09-26T14:15:02Z", "command": "shutdown zod", "result": {"exit_code": -9, "forced": true}}
{"utc": "2026-09-26T14:15:02Z", "command": "shutdown bus", "result": {"exit_code": 0, "forced": false}}
{"utc": "2026-09-26T14:15:02Z", "command": "shutdown nec", "result": {"exit_code": 0, "forced": false}}
{"utc": "2026-09-26T14:15:02Z", "command": "shutdown bud", "result": {"exit_code": 0, "forced": false}}
{"utc": "2026-09-26T14:15:02Z", "command": "shutdown zod", "result": {"exit_code": -9, "forced": false}}
{"utc": "2026-09-26T14:15:02Z", "command": "shutdown bus", "result": {"exit_code": 0, "forced": false}}
{"utc": "2026-09-26T14:15:02Z", "command": "shutdown nec", "result": {"exit_code": 0, "forced": false}}
{"utc": "2026-09-26T14:15:02Z", "command": "shutdown bud", "result": {"exit_code": 0, "forced": false}}
{"guard_status": "failed", "guard_report": "/home/skilgore/stead-urbit/.runtime/execution-runs/four-fakes-3tol60nt/report.json"}
FAIL: Guarded supervisor stopped without clean completion: Owned sandbox exited unsuccessfully
{"utc": "2026-09-26T14:26:10Z", "command": "launch zod", "result": {"argv": ["/runtime/bin/vere-v4.6-linux-x86_64", "-t", "-L", "--no-dock", "--loom", "31", "-b", "127.0.0.1", "--http-port", "18080", "/state/live/zod"], "pid": 5}}
{"utc": "2026-09-26T14:26:14Z", "command": "zod: zuse", "result": "%408\n"}
{"utc": "2026-09-26T14:26:14Z", "command": "zod: |mount %base", "result": ">="}
{"utc": "2026-09-26T14:26:14Z", "command": "launch bus", "result": {"argv": ["/runtime/bin/vere-v4.6-linux-x86_64", "-t", "-L", "--no-dock", "--loom", "31", "-b", "127.0.0.1", "--http-port", "18081", "/state/live/bus"], "pid": 17}}
{"utc": "2026-09-26T14:26:17Z", "command": "bus: zuse", "result": "%408\n"}
{"utc": "2026-09-26T14:26:17Z", "command": "bus: |mount %base", "result": ">="}
{"utc": "2026-09-26T14:26:17Z", "command": "launch nec", "result": {"argv": ["/runtime/bin/vere-v4.6-linux-x86_64", "-t", "-L", "--no-dock", "--loom", "31", "-b", "127.0.0.1", "--http-port", "18082", "/state/live/nec"], "pid": 27}}
{"utc": "2026-09-26T14:26:20Z", "command": "nec: zuse", "result": "%408\n"}
{"utc": "2026-09-26T14:26:20Z", "command": "nec: |mount %base", "result": ">="}
{"utc": "2026-09-26T14:26:20Z", "command": "launch bud", "result": {"argv": ["/runtime/bin/vere-v4.6-linux-x86_64", "-t", "-L", "--no-dock", "--loom", "31", "-b", "127.0.0.1", "--http-port", "18083", "/state/live/bud"], "pid": 38}}
{"utc": "2026-09-26T14:26:23Z", "command": "bud: zuse", "result": "%408\n"}
{"utc": "2026-09-26T14:26:23Z", "command": "bud: |mount %base", "result": ">="}
{"utc": "2026-09-26T14:26:42Z", "command": "shutdown zod", "result": {"exit_code": 0, "forced": false}}
{"utc": "2026-09-26T14:26:42Z", "command": "shutdown bus", "result": {"exit_code": 0, "forced": false}}
{"utc": "2026-09-26T14:26:42Z", "command": "shutdown nec", "result": {"exit_code": 0, "forced": false}}
{"utc": "2026-09-26T14:26:44Z", "command": "shutdown bud", "result": {"exit_code": 0, "forced": false}}
{"utc": "2026-09-26T14:26:47Z", "command": "execution guard stopped", "result": {"error": "Stale, future or reversed thermal sample"}}
{"utc": "2026-09-26T14:26:48Z", "command": "shutdown zod", "result": {"exit_code": 0, "forced": false}}
{"utc": "2026-09-26T14:26:48Z", "command": "shutdown bus", "result": {"exit_code": 0, "forced": false}}
{"utc": "2026-09-26T14:26:48Z", "command": "shutdown nec", "result": {"exit_code": 0, "forced": false}}
{"utc": "2026-09-26T14:26:48Z", "command": "shutdown bud", "result": {"exit_code": 0, "forced": false}}
{"utc": "2026-09-26T14:26:48Z", "command": "shutdown zod", "result": {"exit_code": 0, "forced": false}}
{"utc": "2026-09-26T14:26:48Z", "command": "shutdown bus", "result": {"exit_code": 0, "forced": false}}
{"utc": "2026-09-26T14:26:48Z", "command": "shutdown nec", "result": {"exit_code": 0, "forced": false}}
{"utc": "2026-09-26T14:26:48Z", "command": "shutdown bud", "result": {"exit_code": 0, "forced": false}}
{"utc": "2026-09-26T14:26:48Z", "command": "shutdown zod", "result": {"exit_code": 0, "forced": false}}
{"utc": "2026-09-26T14:26:48Z", "command": "shutdown bus", "result": {"exit_code": 0, "forced": false}}
{"utc": "2026-09-26T14:26:48Z", "command": "shutdown nec", "result": {"exit_code": 0, "forced": false}}
{"utc": "2026-09-26T14:26:48Z", "command": "shutdown bud", "result": {"exit_code": 0, "forced": false}}
{"guard_status": "failed", "guard_report": "/home/skilgore/stead-urbit/.runtime/execution-runs/four-fakes-hmre6x2l/report.json"}
FAIL: Guarded supervisor stopped without clean completion: Owned sandbox exited unsuccessfully
{"utc": "2026-09-26T14:28:55Z", "command": "launch zod", "result": {"argv": ["/runtime/bin/vere-v4.6-linux-x86_64", "-t", "-L", "--no-dock", "--loom", "31", "-b", "127.0.0.1", "--http-port", "18080", "/state/live/zod"], "pid": 5}}
{"utc": "2026-09-26T14:28:59Z", "command": "zod: zuse", "result": "%408\n"}
{"utc": "2026-09-26T14:28:59Z", "command": "zod: |mount %base", "result": ">="}
{"utc": "2026-09-26T14:28:59Z", "command": "launch bus", "result": {"argv": ["/runtime/bin/vere-v4.6-linux-x86_64", "-t", "-L", "--no-dock", "--loom", "31", "-b", "127.0.0.1", "--http-port", "18081", "/state/live/bus"], "pid": 18}}
{"utc": "2026-09-26T14:29:04Z", "command": "bus: zuse", "result": "%408\n"}
{"utc": "2026-09-26T14:29:04Z", "command": "bus: |mount %base", "result": ">="}
{"utc": "2026-09-26T14:29:04Z", "command": "launch nec", "result": {"argv": ["/runtime/bin/vere-v4.6-linux-x86_64", "-t", "-L", "--no-dock", "--loom", "31", "-b", "127.0.0.1", "--http-port", "18082", "/state/live/nec"], "pid": 29}}
{"utc": "2026-09-26T14:29:07Z", "command": "nec: zuse", "result": "%408\n"}
{"utc": "2026-09-26T14:29:07Z", "command": "nec: |mount %base", "result": ">="}
{"utc": "2026-09-26T14:29:07Z", "command": "launch bud", "result": {"argv": ["/runtime/bin/vere-v4.6-linux-x86_64", "-t", "-L", "--no-dock", "--loom", "31", "-b", "127.0.0.1", "--http-port", "18083", "/state/live/bud"], "pid": 39}}
{"utc": "2026-09-26T14:29:11Z", "command": "bud: zuse", "result": "%408\n"}
{"utc": "2026-09-26T14:29:11Z", "command": "bud: |mount %base", "result": ">="}
{"utc": "2026-09-26T14:29:28Z", "command": "shutdown zod", "result": {"exit_code": 0, "forced": false}}
{"utc": "2026-09-26T14:29:28Z", "command": "shutdown bus", "result": {"exit_code": 0, "forced": false}}
{"utc": "2026-09-26T14:29:28Z", "command": "shutdown nec", "result": {"exit_code": 0, "forced": false}}
{"utc": "2026-09-26T14:29:29Z", "command": "shutdown bud", "result": {"exit_code": 0, "forced": false}}
{"utc": "2026-09-26T14:29:30Z", "command": "launch zod", "result": {"argv": ["/runtime/bin/vere-v4.6-linux-x86_64", "-t", "-L", "--no-dock", "--loom", "31", "-b", "127.0.0.1", "--http-port", "18080", "/state/live/zod"], "pid": 59}}
{"utc": "2026-09-26T14:29:35Z", "command": "zod: zuse", "result": "%408\n"}
{"utc": "2026-09-26T14:29:35Z", "command": "launch bus", "result": {"argv": ["/runtime/bin/vere-v4.6-linux-x86_64", "-t", "-L", "--no-dock", "--loom", "31", "-b", "127.0.0.1", "--http-port", "18081", "/state/live/bus"], "pid": 66}}
{"utc": "2026-09-26T14:29:38Z", "command": "bus: zuse", "result": "%408\n"}
{"utc": "2026-09-26T14:29:38Z", "command": "launch nec", "result": {"argv": ["/runtime/bin/vere-v4.6-linux-x86_64", "-t", "-L", "--no-dock", "--loom", "31", "-b", "127.0.0.1", "--http-port", "18082", "/state/live/nec"], "pid": 73}}
{"utc": "2026-09-26T14:29:41Z", "command": "execution guard stopped", "result": {"error": "Execution STOP is terminal"}}
{"utc": "2026-09-26T14:29:41Z", "command": "nec: zuse", "result": "%408\n"}
{"utc": "2026-09-26T14:29:42Z", "command": "shutdown zod", "result": {"exit_code": 0, "forced": false}}
{"utc": "2026-09-26T14:29:42Z", "command": "shutdown bus", "result": {"exit_code": 0, "forced": false}}
{"utc": "2026-09-26T14:29:42Z", "command": "shutdown nec", "result": {"exit_code": 0, "forced": false}}
{"utc": "2026-09-26T14:29:42Z", "command": "shutdown bud", "result": {"exit_code": 0, "forced": false}}
{"utc": "2026-09-26T14:29:42Z", "command": "shutdown zod", "result": {"exit_code": 0, "forced": false}}
{"utc": "2026-09-26T14:29:42Z", "command": "shutdown bus", "result": {"exit_code": 0, "forced": false}}
{"utc": "2026-09-26T14:29:42Z", "command": "shutdown nec", "result": {"exit_code": 0, "forced": false}}
{"utc": "2026-09-26T14:29:42Z", "command": "shutdown bud", "result": {"exit_code": 0, "forced": false}}
{"utc": "2026-09-26T14:29:42Z", "command": "shutdown zod", "result": {"exit_code": 0, "forced": false}}
{"utc": "2026-09-26T14:29:42Z", "command": "shutdown bus", "result": {"exit_code": 0, "forced": false}}
{"utc": "2026-09-26T14:29:42Z", "command": "shutdown nec", "result": {"exit_code": 0, "forced": false}}
{"utc": "2026-09-26T14:29:42Z", "command": "shutdown bud", "result": {"exit_code": 0, "forced": false}}
{"guard_status": "failed", "guard_report": "/home/skilgore/stead-urbit/.runtime/execution-runs/four-fakes-tte_ipgm/report.json"}
FAIL: Guarded supervisor stopped without clean completion: GuardError: Thermal ceiling reached
{"utc": "2026-09-26T16:21:59Z", "command": "launch zod", "result": {"argv": ["/runtime/bin/vere-v4.6-linux-x86_64", "-t", "-L", "--no-dock", "--loom", "31", "-b", "127.0.0.1", "--http-port", "18080", "/state/live/zod"], "pid": 5}}
{"utc": "2026-09-26T16:22:03Z", "command": "zod: zuse", "result": "%408\n"}
{"utc": "2026-09-26T16:22:03Z", "command": "zod: |mount %base", "result": ">="}
{"utc": "2026-09-26T16:22:03Z", "command": "launch bus", "result": {"argv": ["/runtime/bin/vere-v4.6-linux-x86_64", "-t", "-L", "--no-dock", "--loom", "31", "-b", "127.0.0.1", "--http-port", "18081", "/state/live/bus"], "pid": 13}}
{"utc": "2026-09-26T16:22:06Z", "command": "bus: zuse", "result": "%408\n"}
{"utc": "2026-09-26T16:22:06Z", "command": "bus: |mount %base", "result": ">="}
{"utc": "2026-09-26T16:22:06Z", "command": "launch nec", "result": {"argv": ["/runtime/bin/vere-v4.6-linux-x86_64", "-t", "-L", "--no-dock", "--loom", "31", "-b", "127.0.0.1", "--http-port", "18082", "/state/live/nec"], "pid": 20}}
{"utc": "2026-09-26T16:22:09Z", "command": "nec: zuse", "result": "%408\n"}
{"utc": "2026-09-26T16:22:09Z", "command": "nec: |mount %base", "result": ">="}
{"utc": "2026-09-26T16:22:09Z", "command": "launch bud", "result": {"argv": ["/runtime/bin/vere-v4.6-linux-x86_64", "-t", "-L", "--no-dock", "--loom", "31", "-b", "127.0.0.1", "--http-port", "18083", "/state/live/bud"], "pid": 27}}
{"utc": "2026-09-26T16:22:12Z", "command": "bud: zuse", "result": "%408\n"}
{"utc": "2026-09-26T16:22:12Z", "command": "bud: |mount %base", "result": ">="}
{"utc": "2026-09-26T16:22:24Z", "command": "shutdown zod", "result": {"exit_code": 0, "forced": false}}
{"utc": "2026-09-26T16:22:24Z", "command": "shutdown bus", "result": {"exit_code": 0, "forced": false}}
{"utc": "2026-09-26T16:22:24Z", "command": "shutdown nec", "result": {"exit_code": 0, "forced": false}}
{"utc": "2026-09-26T16:22:27Z", "command": "shutdown bud", "result": {"exit_code": 0, "forced": false}}
{"utc": "2026-09-26T16:22:27Z", "command": "shutdown zod", "result": {"exit_code": 0, "forced": false}}
{"utc": "2026-09-26T16:22:27Z", "command": "shutdown bus", "result": {"exit_code": 0, "forced": false}}
{"utc": "2026-09-26T16:22:27Z", "command": "shutdown nec", "result": {"exit_code": 0, "forced": false}}
{"utc": "2026-09-26T16:22:27Z", "command": "shutdown bud", "result": {"exit_code": 0, "forced": false}}
{"guard_status": "completed", "guard_report": "/home/skilgore/stead-urbit/.runtime/execution-runs/four-fakes-g0qln8kd/report.json"}
{"utc": "2026-09-26T16:24:03Z", "command": "launch zod", "result": {"argv": ["/runtime/bin/vere-v4.6-linux-x86_64", "-t", "-L", "--no-dock", "--loom", "31", "-b", "127.0.0.1", "--http-port", "18080", "/state/live/zod"], "pid": 5}}
{"utc": "2026-09-26T16:24:04Z", "command": "zod: zuse", "result": "%408\n"}
{"utc": "2026-09-26T16:24:04Z", "command": "zod: |mount %base", "result": ">="}
{"utc": "2026-09-26T16:24:04Z", "command": "launch bus", "result": {"argv": ["/runtime/bin/vere-v4.6-linux-x86_64", "-t", "-L", "--no-dock", "--loom", "31", "-b", "127.0.0.1", "--http-port", "18081", "/state/live/bus"], "pid": 15}}
{"utc": "2026-09-26T16:24:05Z", "command": "bus: zuse", "result": "%408\n"}
{"utc": "2026-09-26T16:24:06Z", "command": "bus: |mount %base", "result": ">="}
{"utc": "2026-09-26T16:24:06Z", "command": "launch nec", "result": {"argv": ["/runtime/bin/vere-v4.6-linux-x86_64", "-t", "-L", "--no-dock", "--loom", "31", "-b", "127.0.0.1", "--http-port", "18082", "/state/live/nec"], "pid": 23}}
{"utc": "2026-09-26T16:24:07Z", "command": "nec: zuse", "result": "%408\n"}
{"utc": "2026-09-26T16:24:07Z", "command": "nec: |mount %base", "result": ">="}
{"utc": "2026-09-26T16:24:07Z", "command": "launch bud", "result": {"argv": ["/runtime/bin/vere-v4.6-linux-x86_64", "-t", "-L", "--no-dock", "--loom", "31", "-b", "127.0.0.1", "--http-port", "18083", "/state/live/bud"], "pid": 31}}
{"utc": "2026-09-26T16:24:09Z", "command": "bud: zuse", "result": "%408\n"}
{"utc": "2026-09-26T16:24:09Z", "command": "bud: |mount %base", "result": ">="}
{"utc": "2026-09-26T16:24:24Z", "command": "shutdown zod", "result": {"exit_code": 0, "forced": false}}
{"utc": "2026-09-26T16:24:24Z", "command": "shutdown bus", "result": {"exit_code": 0, "forced": false}}
{"utc": "2026-09-26T16:24:24Z", "command": "shutdown nec", "result": {"exit_code": 0, "forced": false}}
{"utc": "2026-09-26T16:24:28Z", "command": "shutdown bud", "result": {"exit_code": 0, "forced": false}}
{"utc": "2026-09-26T16:24:30Z", "command": "launch zod", "result": {"argv": ["/runtime/bin/vere-v4.6-linux-x86_64", "-t", "-L", "--no-dock", "--loom", "31", "-b", "127.0.0.1", "--http-port", "18080", "/state/live/zod"], "pid": 49}}
{"utc": "2026-09-26T16:24:33Z", "command": "zod: zuse", "result": "%408\n"}
{"utc": "2026-09-26T16:24:33Z", "command": "launch bus", "result": {"argv": ["/runtime/bin/vere-v4.6-linux-x86_64", "-t", "-L", "--no-dock", "--loom", "31", "-b", "127.0.0.1", "--http-port", "18081", "/state/live/bus"], "pid": 56}}
{"utc": "2026-09-26T16:24:37Z", "command": "bus: zuse", "result": "%408\n"}
{"utc": "2026-09-26T16:24:37Z", "command": "launch nec", "result": {"argv": ["/runtime/bin/vere-v4.6-linux-x86_64", "-t", "-L", "--no-dock", "--loom", "31", "-b", "127.0.0.1", "--http-port", "18082", "/state/live/nec"], "pid": 63}}
{"utc": "2026-09-26T16:24:40Z", "command": "nec: zuse", "result": "%408\n"}
{"utc": "2026-09-26T16:24:40Z", "command": "launch bud", "result": {"argv": ["/runtime/bin/vere-v4.6-linux-x86_64", "-t", "-L", "--no-dock", "--loom", "31", "-b", "127.0.0.1", "--http-port", "18083", "/state/live/bud"], "pid": 70}}
{"utc": "2026-09-26T16:24:43Z", "command": "bud: zuse", "result": "%408\n"}
{"utc": "2026-09-26T16:27:47Z", "command": "shutdown zod", "result": {"exit_code": 0, "forced": false}}
{"utc": "2026-09-26T16:27:47Z", "command": "shutdown bus", "result": {"exit_code": 0, "forced": false}}
{"utc": "2026-09-26T16:27:47Z", "command": "shutdown nec", "result": {"exit_code": 0, "forced": false}}
{"utc": "2026-09-26T16:27:47Z", "command": "shutdown bud", "result": {"exit_code": 0, "forced": false}}
{"utc": "2026-09-26T16:27:47Z", "command": "shutdown zod", "result": {"exit_code": 0, "forced": false}}
{"utc": "2026-09-26T16:27:47Z", "command": "shutdown bus", "result": {"exit_code": 0, "forced": false}}
{"utc": "2026-09-26T16:27:47Z", "command": "shutdown nec", "result": {"exit_code": 0, "forced": false}}
{"utc": "2026-09-26T16:27:47Z", "command": "shutdown bud", "result": {"exit_code": 0, "forced": false}}
{"guard_status": "completed", "guard_report": "/home/skilgore/stead-urbit/.runtime/execution-runs/four-fakes-x1l_4ozr/report.json"}
{"utc": "2026-09-26T16:39:20Z", "command": "launch zod", "result": {"argv": ["/runtime/bin/vere-v4.6-linux-x86_64", "-t", "-L", "--no-dock", "--loom", "31", "-b", "127.0.0.1", "--http-port", "18080", "/state/live/zod"], "pid": 5}}
{"utc": "2026-09-26T16:40:42Z", "command": "requested fixture stop", "result": {"error": null}}
Traceback (most recent call last):
  File "/code/supervisor.py", line 317, in initialize
    wait_ready(ship)
    ~~~~~~~~~~^^^^^^
  File "/code/supervisor.py", line 209, in wait_ready
    raise InterruptedError('Fixture boot cancelled by stop')
InterruptedError: Fixture boot cancelled by stop
{"utc": "2026-09-26T16:40:43Z", "command": "shutdown zod", "result": {"exit_code": 0, "forced": false}}
{"utc": "2026-09-26T16:40:43Z", "command": "shutdown zod", "result": {"exit_code": 0, "forced": false}}
{"guard_status": "failed", "guard_report": "/home/skilgore/stead-urbit/.runtime/execution-runs/four-fakes-48v3jaev/report.json"}
FAIL: Guarded supervisor stopped without clean completion: Owned sandbox exited unsuccessfully
{"utc": "2026-09-26T16:41:33Z", "command": "launch zod", "result": {"argv": ["/runtime/bin/vere-v4.6-linux-x86_64", "-t", "-L", "--no-dock", "--loom", "31", "-b", "127.0.0.1", "--http-port", "18080", "/state/live/zod"], "pid": 5}}
{"utc": "2026-09-26T16:41:37Z", "command": "zod: zuse", "result": "%408\n"}
{"utc": "2026-09-26T16:41:37Z", "command": "zod: |mount %base", "result": ">="}
{"utc": "2026-09-26T16:41:37Z", "command": "launch bus", "result": {"argv": ["/runtime/bin/vere-v4.6-linux-x86_64", "-t", "-L", "--no-dock", "--loom", "31", "-b", "127.0.0.1", "--http-port", "18081", "/state/live/bus"], "pid": 18}}
{"utc": "2026-09-26T16:41:40Z", "command": "bus: zuse", "result": "%408\n"}
{"utc": "2026-09-26T16:41:41Z", "command": "bus: |mount %base", "result": ">="}
{"utc": "2026-09-26T16:41:41Z", "command": "launch nec", "result": {"argv": ["/runtime/bin/vere-v4.6-linux-x86_64", "-t", "-L", "--no-dock", "--loom", "31", "-b", "127.0.0.1", "--http-port", "18082", "/state/live/nec"], "pid": 28}}
{"utc": "2026-09-26T16:41:44Z", "command": "nec: zuse", "result": "%408\n"}
{"utc": "2026-09-26T16:41:44Z", "command": "nec: |mount %base", "result": ">="}
{"utc": "2026-09-26T16:41:44Z", "command": "launch bud", "result": {"argv": ["/runtime/bin/vere-v4.6-linux-x86_64", "-t", "-L", "--no-dock", "--loom", "31", "-b", "127.0.0.1", "--http-port", "18083", "/state/live/bud"], "pid": 38}}
{"utc": "2026-09-26T16:41:47Z", "command": "bud: zuse", "result": "%408\n"}
{"utc": "2026-09-26T16:41:47Z", "command": "bud: |mount %base", "result": ">="}
{"utc": "2026-09-26T16:42:03Z", "command": "shutdown zod", "result": {"exit_code": 0, "forced": false}}
{"utc": "2026-09-26T16:42:03Z", "command": "shutdown bus", "result": {"exit_code": 0, "forced": false}}
{"utc": "2026-09-26T16:42:03Z", "command": "shutdown nec", "result": {"exit_code": 0, "forced": false}}
{"utc": "2026-09-26T16:42:06Z", "command": "shutdown bud", "result": {"exit_code": 0, "forced": false}}
{"utc": "2026-09-26T16:42:08Z", "command": "launch zod", "result": {"argv": ["/runtime/bin/vere-v4.6-linux-x86_64", "-t", "-L", "--no-dock", "--loom", "31", "-b", "127.0.0.1", "--http-port", "18080", "/state/live/zod"], "pid": 57}}
{"utc": "2026-09-26T16:42:11Z", "command": "zod: zuse", "result": "%408\n"}
{"utc": "2026-09-26T16:42:11Z", "command": "launch bus", "result": {"argv": ["/runtime/bin/vere-v4.6-linux-x86_64", "-t", "-L", "--no-dock", "--loom", "31", "-b", "127.0.0.1", "--http-port", "18081", "/state/live/bus"], "pid": 64}}
{"utc": "2026-09-26T16:42:14Z", "command": "bus: zuse", "result": "%408\n"}
{"utc": "2026-09-26T16:42:14Z", "command": "launch nec", "result": {"argv": ["/runtime/bin/vere-v4.6-linux-x86_64", "-t", "-L", "--no-dock", "--loom", "31", "-b", "127.0.0.1", "--http-port", "18082", "/state/live/nec"], "pid": 71}}
{"utc": "2026-09-26T16:42:18Z", "command": "nec: zuse", "result": "%408\n"}
{"utc": "2026-09-26T16:42:18Z", "command": "launch bud", "result": {"argv": ["/runtime/bin/vere-v4.6-linux-x86_64", "-t", "-L", "--no-dock", "--loom", "31", "-b", "127.0.0.1", "--http-port", "18083", "/state/live/bud"], "pid": 78}}
{"utc": "2026-09-26T16:42:22Z", "command": "bud: zuse", "result": "%408\n"}
{"utc": "2026-09-26T16:43:34Z", "command": "shutdown zod", "result": {"exit_code": 0, "forced": false}}
{"utc": "2026-09-26T16:43:34Z", "command": "shutdown bus", "result": {"exit_code": 0, "forced": false}}
{"utc": "2026-09-26T16:43:34Z", "command": "shutdown nec", "result": {"exit_code": 0, "forced": false}}
{"utc": "2026-09-26T16:43:34Z", "command": "shutdown bud", "result": {"exit_code": 0, "forced": false}}
{"utc": "2026-09-26T16:43:34Z", "command": "shutdown zod", "result": {"exit_code": 0, "forced": false}}
{"utc": "2026-09-26T16:43:34Z", "command": "shutdown bus", "result": {"exit_code": 0, "forced": false}}
{"utc": "2026-09-26T16:43:34Z", "command": "shutdown nec", "result": {"exit_code": 0, "forced": false}}
{"utc": "2026-09-26T16:43:34Z", "command": "shutdown bud", "result": {"exit_code": 0, "forced": false}}
{"guard_status": "completed", "guard_report": "/home/skilgore/stead-urbit/.runtime/execution-runs/four-fakes-021kmx99/report.json"}
{"guard_status": "failed", "guard_report": "/home/skilgore/stead-urbit/.runtime/execution-runs/four-fakes-q0u5l6sy/report.json"}
FAIL: Guarded supervisor stopped without clean completion: ValueError: Workflow input root must be owned and private
{"utc": "2026-09-26T16:55:51Z", "command": "launch zod", "result": {"argv": ["/runtime/bin/vere-v4.6-linux-x86_64", "-t", "-L", "--no-dock", "--loom", "31", "-b", "127.0.0.1", "--http-port", "18080", "/state/live/zod"], "pid": 5}}
{"utc": "2026-09-26T16:55:52Z", "command": "zod: zuse", "result": "%408\n"}
{"utc": "2026-09-26T16:55:53Z", "command": "zod: |mount %base", "result": ">="}
{"utc": "2026-09-26T16:55:53Z", "command": "launch bus", "result": {"argv": ["/runtime/bin/vere-v4.6-linux-x86_64", "-t", "-L", "--no-dock", "--loom", "31", "-b", "127.0.0.1", "--http-port", "18081", "/state/live/bus"], "pid": 15}}
{"utc": "2026-09-26T16:55:54Z", "command": "bus: zuse", "result": "%408\n"}
{"utc": "2026-09-26T16:55:54Z", "command": "bus: |mount %base", "result": ">="}
{"utc": "2026-09-26T16:55:54Z", "command": "launch nec", "result": {"argv": ["/runtime/bin/vere-v4.6-linux-x86_64", "-t", "-L", "--no-dock", "--loom", "31", "-b", "127.0.0.1", "--http-port", "18082", "/state/live/nec"], "pid": 24}}
{"utc": "2026-09-26T16:55:56Z", "command": "nec: zuse", "result": "%408\n"}
{"utc": "2026-09-26T16:55:56Z", "command": "nec: |mount %base", "result": ">="}
{"utc": "2026-09-26T16:55:56Z", "command": "launch bud", "result": {"argv": ["/runtime/bin/vere-v4.6-linux-x86_64", "-t", "-L", "--no-dock", "--loom", "31", "-b", "127.0.0.1", "--http-port", "18083", "/state/live/bud"], "pid": 33}}
{"utc": "2026-09-26T16:55:57Z", "command": "bud: zuse", "result": "%408\n"}
{"utc": "2026-09-26T16:55:57Z", "command": "bud: |mount %base", "result": ">="}
{"utc": "2026-09-26T16:56:13Z", "command": "shutdown zod", "result": {"exit_code": 0, "forced": false}}
{"utc": "2026-09-26T16:56:13Z", "command": "shutdown bus", "result": {"exit_code": 0, "forced": false}}
{"utc": "2026-09-26T16:56:13Z", "command": "shutdown nec", "result": {"exit_code": 0, "forced": false}}
{"utc": "2026-09-26T16:56:13Z", "command": "shutdown bud", "result": {"exit_code": 0, "forced": false}}
{"utc": "2026-09-26T16:56:15Z", "command": "launch zod", "result": {"argv": ["/runtime/bin/vere-v4.6-linux-x86_64", "-t", "-L", "--no-dock", "--loom", "31", "-b", "127.0.0.1", "--http-port", "18080", "/state/live/zod"], "pid": 46}}
{"utc": "2026-09-26T16:56:18Z", "command": "zod: zuse", "result": "%408\n"}
{"utc": "2026-09-26T16:56:18Z", "command": "launch bus", "result": {"argv": ["/runtime/bin/vere-v4.6-linux-x86_64", "-t", "-L", "--no-dock", "--loom", "31", "-b", "127.0.0.1", "--http-port", "18081", "/state/live/bus"], "pid": 53}}
{"utc": "2026-09-26T16:56:22Z", "command": "bus: zuse", "result": "%408\n"}
{"utc": "2026-09-26T16:56:22Z", "command": "launch nec", "result": {"argv": ["/runtime/bin/vere-v4.6-linux-x86_64", "-t", "-L", "--no-dock", "--loom", "31", "-b", "127.0.0.1", "--http-port", "18082", "/state/live/nec"], "pid": 60}}
{"utc": "2026-09-26T16:56:25Z", "command": "nec: zuse", "result": "%408\n"}
{"utc": "2026-09-26T16:56:25Z", "command": "launch bud", "result": {"argv": ["/runtime/bin/vere-v4.6-linux-x86_64", "-t", "-L", "--no-dock", "--loom", "31", "-b", "127.0.0.1", "--http-port", "18083", "/state/live/bud"], "pid": 67}}
{"utc": "2026-09-26T16:56:28Z", "command": "bud: zuse", "result": "%408\n"}
{"utc": "2026-09-26T16:56:36Z", "command": "shutdown zod", "result": {"exit_code": 0, "forced": false}}
{"utc": "2026-09-26T16:56:36Z", "command": "shutdown bus", "result": {"exit_code": 0, "forced": false}}
{"utc": "2026-09-26T16:56:36Z", "command": "shutdown nec", "result": {"exit_code": 0, "forced": false}}
{"utc": "2026-09-26T16:56:38Z", "command": "shutdown bud", "result": {"exit_code": 0, "forced": false}}
{"utc": "2026-09-26T16:56:38Z", "command": "shutdown zod", "result": {"exit_code": 0, "forced": false}}
{"utc": "2026-09-26T16:56:38Z", "command": "shutdown bus", "result": {"exit_code": 0, "forced": false}}
{"utc": "2026-09-26T16:56:38Z", "command": "shutdown nec", "result": {"exit_code": 0, "forced": false}}
{"utc": "2026-09-26T16:56:38Z", "command": "shutdown bud", "result": {"exit_code": 0, "forced": false}}
{"guard_status": "completed", "guard_report": "/home/skilgore/stead-urbit/.runtime/execution-runs/four-fakes-7h5p6o1x/report.json"}
{"utc": "2026-09-26T16:57:02Z", "command": "launch zod", "result": {"argv": ["/runtime/bin/vere-v4.6-linux-x86_64", "-t", "-L", "--no-dock", "--loom", "31", "-b", "127.0.0.1", "--http-port", "18080", "/state/live/zod"], "pid": 5}}
{"utc": "2026-09-26T16:57:03Z", "command": "zod: zuse", "result": "%408\n"}
{"utc": "2026-09-26T16:57:03Z", "command": "zod: |mount %base", "result": ">="}
{"utc": "2026-09-26T16:57:03Z", "command": "launch bus", "result": {"argv": ["/runtime/bin/vere-v4.6-linux-x86_64", "-t", "-L", "--no-dock", "--loom", "31", "-b", "127.0.0.1", "--http-port", "18081", "/state/live/bus"], "pid": 15}}
{"utc": "2026-09-26T16:57:04Z", "command": "bus: zuse", "result": "%408\n"}
{"utc": "2026-09-26T16:57:04Z", "command": "bus: |mount %base", "result": ">="}
{"utc": "2026-09-26T16:57:04Z", "command": "launch nec", "result": {"argv": ["/runtime/bin/vere-v4.6-linux-x86_64", "-t", "-L", "--no-dock", "--loom", "31", "-b", "127.0.0.1", "--http-port", "18082", "/state/live/nec"], "pid": 24}}
{"utc": "2026-09-26T16:57:05Z", "command": "nec: zuse", "result": "%408\n"}
{"utc": "2026-09-26T16:57:05Z", "command": "nec: |mount %base", "result": ">="}
{"utc": "2026-09-26T16:57:05Z", "command": "launch bud", "result": {"argv": ["/runtime/bin/vere-v4.6-linux-x86_64", "-t", "-L", "--no-dock", "--loom", "31", "-b", "127.0.0.1", "--http-port", "18083", "/state/live/bud"], "pid": 32}}
{"utc": "2026-09-26T16:57:07Z", "command": "bud: zuse", "result": "%408\n"}
{"utc": "2026-09-26T16:57:08Z", "command": "bud: |mount %base", "result": ">="}
{"utc": "2026-09-26T16:57:23Z", "command": "shutdown zod", "result": {"exit_code": 0, "forced": false}}
{"utc": "2026-09-26T16:57:23Z", "command": "shutdown bus", "result": {"exit_code": 0, "forced": false}}
{"utc": "2026-09-26T16:57:23Z", "command": "shutdown nec", "result": {"exit_code": 0, "forced": false}}
{"utc": "2026-09-26T16:57:27Z", "command": "shutdown bud", "result": {"exit_code": 0, "forced": false}}
{"utc": "2026-09-26T16:57:29Z", "command": "launch zod", "result": {"argv": ["/runtime/bin/vere-v4.6-linux-x86_64", "-t", "-L", "--no-dock", "--loom", "31", "-b", "127.0.0.1", "--http-port", "18080", "/state/live/zod"], "pid": 50}}
{"utc": "2026-09-26T16:57:34Z", "command": "zod: zuse", "result": "%408\n"}
{"utc": "2026-09-26T16:57:34Z", "command": "launch bus", "result": {"argv": ["/runtime/bin/vere-v4.6-linux-x86_64", "-t", "-L", "--no-dock", "--loom", "31", "-b", "127.0.0.1", "--http-port", "18081", "/state/live/bus"], "pid": 57}}
{"utc": "2026-09-26T16:57:37Z", "command": "bus: zuse", "result": "%408\n"}
{"utc": "2026-09-26T16:57:37Z", "command": "launch nec", "result": {"argv": ["/runtime/bin/vere-v4.6-linux-x86_64", "-t", "-L", "--no-dock", "--loom", "31", "-b", "127.0.0.1", "--http-port", "18082", "/state/live/nec"], "pid": 64}}
{"utc": "2026-09-26T16:57:40Z", "command": "nec: zuse", "result": "%408\n"}
{"utc": "2026-09-26T16:57:40Z", "command": "launch bud", "result": {"argv": ["/runtime/bin/vere-v4.6-linux-x86_64", "-t", "-L", "--no-dock", "--loom", "31", "-b", "127.0.0.1", "--http-port", "18083", "/state/live/bud"], "pid": 71}}
{"utc": "2026-09-26T16:57:43Z", "command": "bud: zuse", "result": "%408\n"}
{"utc": "2026-09-26T16:57:50Z", "command": "shutdown zod", "result": {"exit_code": 0, "forced": false}}
{"utc": "2026-09-26T16:57:50Z", "command": "shutdown bus", "result": {"exit_code": 0, "forced": false}}
{"utc": "2026-09-26T16:57:50Z", "command": "shutdown nec", "result": {"exit_code": 0, "forced": false}}
{"utc": "2026-09-26T16:57:54Z", "command": "shutdown bud", "result": {"exit_code": 0, "forced": false}}
{"utc": "2026-09-26T16:57:54Z", "command": "shutdown zod", "result": {"exit_code": 0, "forced": false}}
{"utc": "2026-09-26T16:57:54Z", "command": "shutdown bus", "result": {"exit_code": 0, "forced": false}}
{"utc": "2026-09-26T16:57:54Z", "command": "shutdown nec", "result": {"exit_code": 0, "forced": false}}
{"utc": "2026-09-26T16:57:54Z", "command": "shutdown bud", "result": {"exit_code": 0, "forced": false}}
{"guard_status": "completed", "guard_report": "/home/skilgore/stead-urbit/.runtime/execution-runs/four-fakes-6wt1ztsm/report.json"}
{"utc": "2026-09-26T16:58:30Z", "command": "launch zod", "result": {"argv": ["/runtime/bin/vere-v4.6-linux-x86_64", "-t", "-L", "--no-dock", "--loom", "31", "-b", "127.0.0.1", "--http-port", "18080", "/state/live/zod"], "pid": 5}}
{"utc": "2026-09-26T16:58:31Z", "command": "zod: zuse", "result": "%408\n"}
{"utc": "2026-09-26T16:58:31Z", "command": "zod: |mount %base", "result": ">="}
{"utc": "2026-09-26T16:58:31Z", "command": "launch bus", "result": {"argv": ["/runtime/bin/vere-v4.6-linux-x86_64", "-t", "-L", "--no-dock", "--loom", "31", "-b", "127.0.0.1", "--http-port", "18081", "/state/live/bus"], "pid": 15}}
{"utc": "2026-09-26T16:58:32Z", "command": "bus: zuse", "result": "%408\n"}
{"utc": "2026-09-26T16:58:33Z", "command": "bus: |mount %base", "result": ">="}
{"utc": "2026-09-26T16:58:33Z", "command": "launch nec", "result": {"argv": ["/runtime/bin/vere-v4.6-linux-x86_64", "-t", "-L", "--no-dock", "--loom", "31", "-b", "127.0.0.1", "--http-port", "18082", "/state/live/nec"], "pid": 24}}
{"utc": "2026-09-26T16:58:34Z", "command": "nec: zuse", "result": "%408\n"}
{"utc": "2026-09-26T16:58:34Z", "command": "nec: |mount %base", "result": ">="}
{"utc": "2026-09-26T16:58:34Z", "command": "launch bud", "result": {"argv": ["/runtime/bin/vere-v4.6-linux-x86_64", "-t", "-L", "--no-dock", "--loom", "31", "-b", "127.0.0.1", "--http-port", "18083", "/state/live/bud"], "pid": 32}}
{"utc": "2026-09-26T16:58:36Z", "command": "bud: zuse", "result": "%408\n"}
{"utc": "2026-09-26T16:58:36Z", "command": "bud: |mount %base", "result": ">="}
{"utc": "2026-09-26T16:58:51Z", "command": "shutdown zod", "result": {"exit_code": 0, "forced": false}}
{"utc": "2026-09-26T16:58:51Z", "command": "shutdown bus", "result": {"exit_code": 0, "forced": false}}
{"utc": "2026-09-26T16:58:51Z", "command": "shutdown nec", "result": {"exit_code": 0, "forced": false}}
{"utc": "2026-09-26T16:58:55Z", "command": "shutdown bud", "result": {"exit_code": 0, "forced": false}}
{"utc": "2026-09-26T16:58:57Z", "command": "launch zod", "result": {"argv": ["/runtime/bin/vere-v4.6-linux-x86_64", "-t", "-L", "--no-dock", "--loom", "31", "-b", "127.0.0.1", "--http-port", "18080", "/state/live/zod"], "pid": 50}}
{"utc": "2026-09-26T16:59:02Z", "command": "zod: zuse", "result": "%408\n"}
{"utc": "2026-09-26T16:59:02Z", "command": "launch bus", "result": {"argv": ["/runtime/bin/vere-v4.6-linux-x86_64", "-t", "-L", "--no-dock", "--loom", "31", "-b", "127.0.0.1", "--http-port", "18081", "/state/live/bus"], "pid": 57}}
{"utc": "2026-09-26T16:59:05Z", "command": "bus: zuse", "result": "%408\n"}
{"utc": "2026-09-26T16:59:05Z", "command": "launch nec", "result": {"argv": ["/runtime/bin/vere-v4.6-linux-x86_64", "-t", "-L", "--no-dock", "--loom", "31", "-b", "127.0.0.1", "--http-port", "18082", "/state/live/nec"], "pid": 64}}
{"utc": "2026-09-26T16:59:08Z", "command": "nec: zuse", "result": "%408\n"}
{"utc": "2026-09-26T16:59:08Z", "command": "launch bud", "result": {"argv": ["/runtime/bin/vere-v4.6-linux-x86_64", "-t", "-L", "--no-dock", "--loom", "31", "-b", "127.0.0.1", "--http-port", "18083", "/state/live/bud"], "pid": 71}}
{"utc": "2026-09-26T16:59:11Z", "command": "bud: zuse", "result": "%408\n"}
{"utc": "2026-09-26T16:59:21Z", "command": "shutdown zod", "result": {"exit_code": 0, "forced": false}}
{"utc": "2026-09-26T16:59:21Z", "command": "shutdown bus", "result": {"exit_code": 0, "forced": false}}
{"utc": "2026-09-26T16:59:21Z", "command": "shutdown nec", "result": {"exit_code": 0, "forced": false}}
{"utc": "2026-09-26T16:59:26Z", "command": "shutdown bud", "result": {"exit_code": 0, "forced": false}}
{"utc": "2026-09-26T16:59:26Z", "command": "shutdown zod", "result": {"exit_code": 0, "forced": false}}
{"utc": "2026-09-26T16:59:26Z", "command": "shutdown bus", "result": {"exit_code": 0, "forced": false}}
{"utc": "2026-09-26T16:59:26Z", "command": "shutdown nec", "result": {"exit_code": 0, "forced": false}}
{"utc": "2026-09-26T16:59:26Z", "command": "shutdown bud", "result": {"exit_code": 0, "forced": false}}
{"guard_status": "completed", "guard_report": "/home/skilgore/stead-urbit/.runtime/execution-runs/four-fakes-8j6y_bab/report.json"}
{"utc": "2026-09-26T17:00:14Z", "command": "launch zod", "result": {"argv": ["/runtime/bin/vere-v4.6-linux-x86_64", "-t", "-L", "--no-dock", "--loom", "31", "-b", "127.0.0.1", "--http-port", "18080", "/state/live/zod"], "pid": 5}}
{"utc": "2026-09-26T17:00:15Z", "command": "zod: zuse", "result": "%408\n"}
{"utc": "2026-09-26T17:00:15Z", "command": "zod: |mount %base", "result": ">="}
{"utc": "2026-09-26T17:00:15Z", "command": "launch bus", "result": {"argv": ["/runtime/bin/vere-v4.6-linux-x86_64", "-t", "-L", "--no-dock", "--loom", "31", "-b", "127.0.0.1", "--http-port", "18081", "/state/live/bus"], "pid": 15}}
{"utc": "2026-09-26T17:00:16Z", "command": "bus: zuse", "result": "%408\n"}
{"utc": "2026-09-26T17:00:16Z", "command": "bus: |mount %base", "result": ">="}
{"utc": "2026-09-26T17:00:16Z", "command": "launch nec", "result": {"argv": ["/runtime/bin/vere-v4.6-linux-x86_64", "-t", "-L", "--no-dock", "--loom", "31", "-b", "127.0.0.1", "--http-port", "18082", "/state/live/nec"], "pid": 24}}
{"utc": "2026-09-26T17:00:17Z", "command": "nec: zuse", "result": "%408\n"}
{"utc": "2026-09-26T17:00:18Z", "command": "nec: |mount %base", "result": ">="}
{"utc": "2026-09-26T17:00:18Z", "command": "launch bud", "result": {"argv": ["/runtime/bin/vere-v4.6-linux-x86_64", "-t", "-L", "--no-dock", "--loom", "31", "-b", "127.0.0.1", "--http-port", "18083", "/state/live/bud"], "pid": 32}}
{"utc": "2026-09-26T17:00:20Z", "command": "bud: zuse", "result": "%408\n"}
{"utc": "2026-09-26T17:00:20Z", "command": "bud: |mount %base", "result": ">="}
{"utc": "2026-09-26T17:00:35Z", "command": "shutdown zod", "result": {"exit_code": 0, "forced": false}}
{"utc": "2026-09-26T17:00:35Z", "command": "shutdown bus", "result": {"exit_code": 0, "forced": false}}
{"utc": "2026-09-26T17:00:35Z", "command": "shutdown nec", "result": {"exit_code": 0, "forced": false}}
{"utc": "2026-09-26T17:00:39Z", "command": "shutdown bud", "result": {"exit_code": 0, "forced": false}}
{"utc": "2026-09-26T17:00:41Z", "command": "launch zod", "result": {"argv": ["/runtime/bin/vere-v4.6-linux-x86_64", "-t", "-L", "--no-dock", "--loom", "31", "-b", "127.0.0.1", "--http-port", "18080", "/state/live/zod"], "pid": 50}}
{"utc": "2026-09-26T17:00:44Z", "command": "zod: zuse", "result": "%408\n"}
{"utc": "2026-09-26T17:00:44Z", "command": "launch bus", "result": {"argv": ["/runtime/bin/vere-v4.6-linux-x86_64", "-t", "-L", "--no-dock", "--loom", "31", "-b", "127.0.0.1", "--http-port", "18081", "/state/live/bus"], "pid": 57}}
{"utc": "2026-09-26T17:00:48Z", "command": "bus: zuse", "result": "%408\n"}
{"utc": "2026-09-26T17:00:48Z", "command": "launch nec", "result": {"argv": ["/runtime/bin/vere-v4.6-linux-x86_64", "-t", "-L", "--no-dock", "--loom", "31", "-b", "127.0.0.1", "--http-port", "18082", "/state/live/nec"], "pid": 64}}
{"utc": "2026-09-26T17:00:51Z", "command": "nec: zuse", "result": "%408\n"}
{"utc": "2026-09-26T17:00:51Z", "command": "launch bud", "result": {"argv": ["/runtime/bin/vere-v4.6-linux-x86_64", "-t", "-L", "--no-dock", "--loom", "31", "-b", "127.0.0.1", "--http-port", "18083", "/state/live/bud"], "pid": 71}}
{"utc": "2026-09-26T17:00:54Z", "command": "bud: zuse", "result": "%408\n"}
{"utc": "2026-09-26T17:01:02Z", "command": "shutdown zod", "result": {"exit_code": 0, "forced": false}}
{"utc": "2026-09-26T17:01:02Z", "command": "shutdown bus", "result": {"exit_code": 0, "forced": false}}
{"utc": "2026-09-26T17:01:02Z", "command": "shutdown nec", "result": {"exit_code": 0, "forced": false}}
{"utc": "2026-09-26T17:01:05Z", "command": "shutdown bud", "result": {"exit_code": 0, "forced": false}}
{"utc": "2026-09-26T17:01:05Z", "command": "shutdown zod", "result": {"exit_code": 0, "forced": false}}
{"utc": "2026-09-26T17:01:05Z", "command": "shutdown bus", "result": {"exit_code": 0, "forced": false}}
{"utc": "2026-09-26T17:01:05Z", "command": "shutdown nec", "result": {"exit_code": 0, "forced": false}}
{"utc": "2026-09-26T17:01:05Z", "command": "shutdown bud", "result": {"exit_code": 0, "forced": false}}
{"guard_status": "completed", "guard_report": "/home/skilgore/stead-urbit/.runtime/execution-runs/four-fakes-vos9aie3/report.json"}
{"utc": "2026-09-26T17:01:51Z", "command": "launch zod", "result": {"argv": ["/runtime/bin/vere-v4.6-linux-x86_64", "-t", "-L", "--no-dock", "--loom", "31", "-b", "127.0.0.1", "--http-port", "18080", "/state/live/zod"], "pid": 5}}
{"utc": "2026-09-26T17:01:52Z", "command": "zod: zuse", "result": "%408\n"}
{"utc": "2026-09-26T17:01:52Z", "command": "zod: |mount %base", "result": ">="}
{"utc": "2026-09-26T17:01:52Z", "command": "launch bus", "result": {"argv": ["/runtime/bin/vere-v4.6-linux-x86_64", "-t", "-L", "--no-dock", "--loom", "31", "-b", "127.0.0.1", "--http-port", "18081", "/state/live/bus"], "pid": 15}}
{"utc": "2026-09-26T17:01:53Z", "command": "bus: zuse", "result": "%408\n"}
{"utc": "2026-09-26T17:01:53Z", "command": "bus: |mount %base", "result": ">="}
{"utc": "2026-09-26T17:01:53Z", "command": "launch nec", "result": {"argv": ["/runtime/bin/vere-v4.6-linux-x86_64", "-t", "-L", "--no-dock", "--loom", "31", "-b", "127.0.0.1", "--http-port", "18082", "/state/live/nec"], "pid": 24}}
{"utc": "2026-09-26T17:01:54Z", "command": "nec: zuse", "result": "%408\n"}
{"utc": "2026-09-26T17:01:55Z", "command": "nec: |mount %base", "result": ">="}
{"utc": "2026-09-26T17:01:55Z", "command": "launch bud", "result": {"argv": ["/runtime/bin/vere-v4.6-linux-x86_64", "-t", "-L", "--no-dock", "--loom", "31", "-b", "127.0.0.1", "--http-port", "18083", "/state/live/bud"], "pid": 32}}
{"utc": "2026-09-26T17:01:57Z", "command": "bud: zuse", "result": "%408\n"}
{"utc": "2026-09-26T17:01:57Z", "command": "bud: |mount %base", "result": ">="}
{"utc": "2026-09-26T17:02:13Z", "command": "shutdown zod", "result": {"exit_code": 0, "forced": false}}
{"utc": "2026-09-26T17:02:13Z", "command": "shutdown bus", "result": {"exit_code": 0, "forced": false}}
{"utc": "2026-09-26T17:02:13Z", "command": "shutdown nec", "result": {"exit_code": 0, "forced": false}}
{"utc": "2026-09-26T17:02:16Z", "command": "shutdown bud", "result": {"exit_code": 0, "forced": false}}
{"utc": "2026-09-26T17:02:18Z", "command": "launch zod", "result": {"argv": ["/runtime/bin/vere-v4.6-linux-x86_64", "-t", "-L", "--no-dock", "--loom", "31", "-b", "127.0.0.1", "--http-port", "18080", "/state/live/zod"], "pid": 50}}
{"utc": "2026-09-26T17:02:22Z", "command": "zod: zuse", "result": "%408\n"}
{"utc": "2026-09-26T17:02:22Z", "command": "launch bus", "result": {"argv": ["/runtime/bin/vere-v4.6-linux-x86_64", "-t", "-L", "--no-dock", "--loom", "31", "-b", "127.0.0.1", "--http-port", "18081", "/state/live/bus"], "pid": 57}}
{"utc": "2026-09-26T17:02:25Z", "command": "bus: zuse", "result": "%408\n"}
{"utc": "2026-09-26T17:02:25Z", "command": "launch nec", "result": {"argv": ["/runtime/bin/vere-v4.6-linux-x86_64", "-t", "-L", "--no-dock", "--loom", "31", "-b", "127.0.0.1", "--http-port", "18082", "/state/live/nec"], "pid": 64}}
{"utc": "2026-09-26T17:02:28Z", "command": "nec: zuse", "result": "%408\n"}
{"utc": "2026-09-26T17:02:28Z", "command": "launch bud", "result": {"argv": ["/runtime/bin/vere-v4.6-linux-x86_64", "-t", "-L", "--no-dock", "--loom", "31", "-b", "127.0.0.1", "--http-port", "18083", "/state/live/bud"], "pid": 71}}
{"utc": "2026-09-26T17:02:31Z", "command": "bud: zuse", "result": "%408\n"}
{"utc": "2026-09-26T17:02:39Z", "command": "shutdown zod", "result": {"exit_code": 0, "forced": false}}
{"utc": "2026-09-26T17:02:39Z", "command": "shutdown bus", "result": {"exit_code": 0, "forced": false}}
{"utc": "2026-09-26T17:02:39Z", "command": "shutdown nec", "result": {"exit_code": 0, "forced": false}}
{"utc": "2026-09-26T17:02:42Z", "command": "shutdown bud", "result": {"exit_code": 0, "forced": false}}
{"utc": "2026-09-26T17:02:42Z", "command": "shutdown zod", "result": {"exit_code": 0, "forced": false}}
{"utc": "2026-09-26T17:02:42Z", "command": "shutdown bus", "result": {"exit_code": 0, "forced": false}}
{"utc": "2026-09-26T17:02:42Z", "command": "shutdown nec", "result": {"exit_code": 0, "forced": false}}
{"utc": "2026-09-26T17:02:42Z", "command": "shutdown bud", "result": {"exit_code": 0, "forced": false}}
{"guard_status": "completed", "guard_report": "/home/skilgore/stead-urbit/.runtime/execution-runs/four-fakes-zyx3p37m/report.json"}
{"utc": "2026-09-26T17:03:20Z", "command": "launch zod", "result": {"argv": ["/runtime/bin/vere-v4.6-linux-x86_64", "-t", "-L", "--no-dock", "--loom", "31", "-b", "127.0.0.1", "--http-port", "18080", "/state/live/zod"], "pid": 5}}
{"utc": "2026-09-26T17:03:21Z", "command": "zod: zuse", "result": "%408\n"}
{"utc": "2026-09-26T17:03:21Z", "command": "zod: |mount %base", "result": ">="}
{"utc": "2026-09-26T17:03:21Z", "command": "launch bus", "result": {"argv": ["/runtime/bin/vere-v4.6-linux-x86_64", "-t", "-L", "--no-dock", "--loom", "31", "-b", "127.0.0.1", "--http-port", "18081", "/state/live/bus"], "pid": 15}}
{"utc": "2026-09-26T17:03:22Z", "command": "bus: zuse", "result": "%408\n"}
{"utc": "2026-09-26T17:03:22Z", "command": "bus: |mount %base", "result": ">="}
{"utc": "2026-09-26T17:03:22Z", "command": "launch nec", "result": {"argv": ["/runtime/bin/vere-v4.6-linux-x86_64", "-t", "-L", "--no-dock", "--loom", "31", "-b", "127.0.0.1", "--http-port", "18082", "/state/live/nec"], "pid": 24}}
{"utc": "2026-09-26T17:03:23Z", "command": "nec: zuse", "result": "%408\n"}
{"utc": "2026-09-26T17:03:23Z", "command": "nec: |mount %base", "result": ">="}
{"utc": "2026-09-26T17:03:23Z", "command": "launch bud", "result": {"argv": ["/runtime/bin/vere-v4.6-linux-x86_64", "-t", "-L", "--no-dock", "--loom", "31", "-b", "127.0.0.1", "--http-port", "18083", "/state/live/bud"], "pid": 32}}
{"utc": "2026-09-26T17:03:25Z", "command": "bud: zuse", "result": "%408\n"}
{"utc": "2026-09-26T17:03:25Z", "command": "bud: |mount %base", "result": ">="}
{"utc": "2026-09-26T17:03:41Z", "command": "shutdown zod", "result": {"exit_code": 0, "forced": false}}
{"utc": "2026-09-26T17:03:41Z", "command": "shutdown bus", "result": {"exit_code": 0, "forced": false}}
{"utc": "2026-09-26T17:03:41Z", "command": "shutdown nec", "result": {"exit_code": 0, "forced": false}}
{"utc": "2026-09-26T17:03:45Z", "command": "shutdown bud", "result": {"exit_code": 0, "forced": false}}
{"utc": "2026-09-26T17:03:47Z", "command": "launch zod", "result": {"argv": ["/runtime/bin/vere-v4.6-linux-x86_64", "-t", "-L", "--no-dock", "--loom", "31", "-b", "127.0.0.1", "--http-port", "18080", "/state/live/zod"], "pid": 50}}
{"utc": "2026-09-26T17:03:50Z", "command": "zod: zuse", "result": "%408\n"}
{"utc": "2026-09-26T17:03:50Z", "command": "launch bus", "result": {"argv": ["/runtime/bin/vere-v4.6-linux-x86_64", "-t", "-L", "--no-dock", "--loom", "31", "-b", "127.0.0.1", "--http-port", "18081", "/state/live/bus"], "pid": 57}}
{"utc": "2026-09-26T17:03:54Z", "command": "bus: zuse", "result": "%408\n"}
{"utc": "2026-09-26T17:03:54Z", "command": "launch nec", "result": {"argv": ["/runtime/bin/vere-v4.6-linux-x86_64", "-t", "-L", "--no-dock", "--loom", "31", "-b", "127.0.0.1", "--http-port", "18082", "/state/live/nec"], "pid": 64}}
{"utc": "2026-09-26T17:03:57Z", "command": "nec: zuse", "result": "%408\n"}
{"utc": "2026-09-26T17:03:57Z", "command": "launch bud", "result": {"argv": ["/runtime/bin/vere-v4.6-linux-x86_64", "-t", "-L", "--no-dock", "--loom", "31", "-b", "127.0.0.1", "--http-port", "18083", "/state/live/bud"], "pid": 71}}
{"utc": "2026-09-26T17:04:01Z", "command": "bud: zuse", "result": "%408\n"}
{"utc": "2026-09-26T17:04:09Z", "command": "shutdown zod", "result": {"exit_code": 0, "forced": false}}
{"utc": "2026-09-26T17:04:09Z", "command": "shutdown bus", "result": {"exit_code": 0, "forced": false}}
{"utc": "2026-09-26T17:04:09Z", "command": "shutdown nec", "result": {"exit_code": 0, "forced": false}}
{"utc": "2026-09-26T17:04:12Z", "command": "shutdown bud", "result": {"exit_code": 0, "forced": false}}
{"utc": "2026-09-26T17:04:12Z", "command": "shutdown zod", "result": {"exit_code": 0, "forced": false}}
{"utc": "2026-09-26T17:04:12Z", "command": "shutdown bus", "result": {"exit_code": 0, "forced": false}}
{"utc": "2026-09-26T17:04:12Z", "command": "shutdown nec", "result": {"exit_code": 0, "forced": false}}
{"utc": "2026-09-26T17:04:12Z", "command": "shutdown bud", "result": {"exit_code": 0, "forced": false}}
{"guard_status": "completed", "guard_report": "/home/skilgore/stead-urbit/.runtime/execution-runs/four-fakes-qxom0awr/report.json"}
{"utc": "2026-09-26T17:05:19Z", "command": "launch zod", "result": {"argv": ["/runtime/bin/vere-v4.6-linux-x86_64", "-t", "-L", "--no-dock", "--loom", "31", "-b", "127.0.0.1", "--http-port", "18080", "/state/live/zod"], "pid": 5}}
{"utc": "2026-09-26T17:05:20Z", "command": "zod: zuse", "result": "%408\n"}
{"utc": "2026-09-26T17:05:20Z", "command": "zod: |mount %base", "result": ">="}
{"utc": "2026-09-26T17:05:20Z", "command": "launch bus", "result": {"argv": ["/runtime/bin/vere-v4.6-linux-x86_64", "-t", "-L", "--no-dock", "--loom", "31", "-b", "127.0.0.1", "--http-port", "18081", "/state/live/bus"], "pid": 15}}
{"utc": "2026-09-26T17:05:21Z", "command": "bus: zuse", "result": "%408\n"}
{"utc": "2026-09-26T17:05:21Z", "command": "bus: |mount %base", "result": ">="}
{"utc": "2026-09-26T17:05:21Z", "command": "launch nec", "result": {"argv": ["/runtime/bin/vere-v4.6-linux-x86_64", "-t", "-L", "--no-dock", "--loom", "31", "-b", "127.0.0.1", "--http-port", "18082", "/state/live/nec"], "pid": 24}}
{"utc": "2026-09-26T17:05:22Z", "command": "nec: zuse", "result": "%408\n"}
{"utc": "2026-09-26T17:05:22Z", "command": "nec: |mount %base", "result": ">="}
{"utc": "2026-09-26T17:05:22Z", "command": "launch bud", "result": {"argv": ["/runtime/bin/vere-v4.6-linux-x86_64", "-t", "-L", "--no-dock", "--loom", "31", "-b", "127.0.0.1", "--http-port", "18083", "/state/live/bud"], "pid": 32}}
{"utc": "2026-09-26T17:05:24Z", "command": "bud: zuse", "result": "%408\n"}
{"utc": "2026-09-26T17:05:24Z", "command": "bud: |mount %base", "result": ">="}
{"utc": "2026-09-26T17:05:40Z", "command": "shutdown zod", "result": {"exit_code": 0, "forced": false}}
{"utc": "2026-09-26T17:05:40Z", "command": "shutdown bus", "result": {"exit_code": 0, "forced": false}}
{"utc": "2026-09-26T17:05:40Z", "command": "shutdown nec", "result": {"exit_code": 0, "forced": false}}
{"utc": "2026-09-26T17:05:44Z", "command": "shutdown bud", "result": {"exit_code": 0, "forced": false}}
{"utc": "2026-09-26T17:05:46Z", "command": "launch zod", "result": {"argv": ["/runtime/bin/vere-v4.6-linux-x86_64", "-t", "-L", "--no-dock", "--loom", "31", "-b", "127.0.0.1", "--http-port", "18080", "/state/live/zod"], "pid": 50}}
{"utc": "2026-09-26T17:05:49Z", "command": "zod: zuse", "result": "%408\n"}
{"utc": "2026-09-26T17:05:49Z", "command": "launch bus", "result": {"argv": ["/runtime/bin/vere-v4.6-linux-x86_64", "-t", "-L", "--no-dock", "--loom", "31", "-b", "127.0.0.1", "--http-port", "18081", "/state/live/bus"], "pid": 57}}
{"utc": "2026-09-26T17:05:52Z", "command": "bus: zuse", "result": "%408\n"}
{"utc": "2026-09-26T17:05:52Z", "command": "launch nec", "result": {"argv": ["/runtime/bin/vere-v4.6-linux-x86_64", "-t", "-L", "--no-dock", "--loom", "31", "-b", "127.0.0.1", "--http-port", "18082", "/state/live/nec"], "pid": 64}}
{"utc": "2026-09-26T17:05:55Z", "command": "nec: zuse", "result": "%408\n"}
{"utc": "2026-09-26T17:05:55Z", "command": "launch bud", "result": {"argv": ["/runtime/bin/vere-v4.6-linux-x86_64", "-t", "-L", "--no-dock", "--loom", "31", "-b", "127.0.0.1", "--http-port", "18083", "/state/live/bud"], "pid": 71}}
{"utc": "2026-09-26T17:05:59Z", "command": "bud: zuse", "result": "%408\n"}
{"utc": "2026-09-26T17:06:07Z", "command": "shutdown zod", "result": {"exit_code": 0, "forced": false}}
{"utc": "2026-09-26T17:06:07Z", "command": "shutdown bus", "result": {"exit_code": 0, "forced": false}}
{"utc": "2026-09-26T17:06:07Z", "command": "shutdown nec", "result": {"exit_code": 0, "forced": false}}
{"utc": "2026-09-26T17:06:09Z", "command": "shutdown bud", "result": {"exit_code": 0, "forced": false}}
{"utc": "2026-09-26T17:06:10Z", "command": "shutdown zod", "result": {"exit_code": 0, "forced": false}}
{"utc": "2026-09-26T17:06:10Z", "command": "shutdown bus", "result": {"exit_code": 0, "forced": false}}
{"utc": "2026-09-26T17:06:10Z", "command": "shutdown nec", "result": {"exit_code": 0, "forced": false}}
{"utc": "2026-09-26T17:06:10Z", "command": "shutdown bud", "result": {"exit_code": 0, "forced": false}}
{"guard_status": "completed", "guard_report": "/home/skilgore/stead-urbit/.runtime/execution-runs/four-fakes-w5gg_4jk/report.json"}
{"utc": "2026-09-26T17:06:41Z", "command": "launch zod", "result": {"argv": ["/runtime/bin/vere-v4.6-linux-x86_64", "-t", "-L", "--no-dock", "--loom", "31", "-b", "127.0.0.1", "--http-port", "18080", "/state/live/zod"], "pid": 5}}
{"utc": "2026-09-26T17:06:42Z", "command": "zod: zuse", "result": "%408\n"}
{"utc": "2026-09-26T17:06:42Z", "command": "zod: |mount %base", "result": ">="}
{"utc": "2026-09-26T17:06:42Z", "command": "launch bus", "result": {"argv": ["/runtime/bin/vere-v4.6-linux-x86_64", "-t", "-L", "--no-dock", "--loom", "31", "-b", "127.0.0.1", "--http-port", "18081", "/state/live/bus"], "pid": 15}}
{"utc": "2026-09-26T17:06:44Z", "command": "bus: zuse", "result": "%408\n"}
{"utc": "2026-09-26T17:06:44Z", "command": "bus: |mount %base", "result": ">="}
{"utc": "2026-09-26T17:06:44Z", "command": "launch nec", "result": {"argv": ["/runtime/bin/vere-v4.6-linux-x86_64", "-t", "-L", "--no-dock", "--loom", "31", "-b", "127.0.0.1", "--http-port", "18082", "/state/live/nec"], "pid": 25}}
{"utc": "2026-09-26T17:06:45Z", "command": "nec: zuse", "result": "%408\n"}
{"utc": "2026-09-26T17:06:45Z", "command": "nec: |mount %base", "result": ">="}
{"utc": "2026-09-26T17:06:45Z", "command": "launch bud", "result": {"argv": ["/runtime/bin/vere-v4.6-linux-x86_64", "-t", "-L", "--no-dock", "--loom", "31", "-b", "127.0.0.1", "--http-port", "18083", "/state/live/bud"], "pid": 33}}
{"utc": "2026-09-26T17:06:47Z", "command": "bud: zuse", "result": "%408\n"}
{"utc": "2026-09-26T17:06:47Z", "command": "bud: |mount %base", "result": ">="}
{"utc": "2026-09-26T17:07:07Z", "command": "shutdown zod", "result": {"exit_code": 0, "forced": false}}
{"utc": "2026-09-26T17:07:07Z", "command": "shutdown bus", "result": {"exit_code": 0, "forced": false}}
{"utc": "2026-09-26T17:07:07Z", "command": "shutdown nec", "result": {"exit_code": 0, "forced": false}}
{"utc": "2026-09-26T17:07:07Z", "command": "shutdown bud", "result": {"exit_code": 0, "forced": false}}
{"utc": "2026-09-26T17:07:09Z", "command": "launch zod", "result": {"argv": ["/runtime/bin/vere-v4.6-linux-x86_64", "-t", "-L", "--no-dock", "--loom", "31", "-b", "127.0.0.1", "--http-port", "18080", "/state/live/zod"], "pid": 51}}
{"utc": "2026-09-26T17:07:12Z", "command": "zod: zuse", "result": "%408\n"}
{"utc": "2026-09-26T17:07:12Z", "command": "launch bus", "result": {"argv": ["/runtime/bin/vere-v4.6-linux-x86_64", "-t", "-L", "--no-dock", "--loom", "31", "-b", "127.0.0.1", "--http-port", "18081", "/state/live/bus"], "pid": 58}}
{"utc": "2026-09-26T17:07:16Z", "command": "bus: zuse", "result": "%408\n"}
{"utc": "2026-09-26T17:07:16Z", "command": "launch nec", "result": {"argv": ["/runtime/bin/vere-v4.6-linux-x86_64", "-t", "-L", "--no-dock", "--loom", "31", "-b", "127.0.0.1", "--http-port", "18082", "/state/live/nec"], "pid": 65}}
{"utc": "2026-09-26T17:07:19Z", "command": "nec: zuse", "result": "%408\n"}
{"utc": "2026-09-26T17:07:19Z", "command": "launch bud", "result": {"argv": ["/runtime/bin/vere-v4.6-linux-x86_64", "-t", "-L", "--no-dock", "--loom", "31", "-b", "127.0.0.1", "--http-port", "18083", "/state/live/bud"], "pid": 72}}
{"utc": "2026-09-26T17:07:22Z", "command": "bud: zuse", "result": "%408\n"}
{"utc": "2026-09-26T17:07:29Z", "command": "shutdown zod", "result": {"exit_code": 0, "forced": false}}
{"utc": "2026-09-26T17:07:29Z", "command": "shutdown bus", "result": {"exit_code": 0, "forced": false}}
{"utc": "2026-09-26T17:07:29Z", "command": "shutdown nec", "result": {"exit_code": 0, "forced": false}}
{"utc": "2026-09-26T17:07:33Z", "command": "shutdown bud", "result": {"exit_code": 0, "forced": false}}
{"utc": "2026-09-26T17:07:33Z", "command": "shutdown zod", "result": {"exit_code": 0, "forced": false}}
{"utc": "2026-09-26T17:07:33Z", "command": "shutdown bus", "result": {"exit_code": 0, "forced": false}}
{"utc": "2026-09-26T17:07:33Z", "command": "shutdown nec", "result": {"exit_code": 0, "forced": false}}
{"utc": "2026-09-26T17:07:33Z", "command": "shutdown bud", "result": {"exit_code": 0, "forced": false}}
{"guard_status": "completed", "guard_report": "/home/skilgore/stead-urbit/.runtime/execution-runs/four-fakes-kg6rul48/report.json"}
{"utc": "2026-09-26T17:08:45Z", "command": "launch zod", "result": {"argv": ["/runtime/bin/vere-v4.6-linux-x86_64", "-t", "-L", "--no-dock", "--loom", "31", "-b", "127.0.0.1", "--http-port", "18080", "/state/live/zod"], "pid": 5}}
{"utc": "2026-09-26T17:08:46Z", "command": "zod: zuse", "result": "%408\n"}
{"utc": "2026-09-26T17:08:46Z", "command": "zod: |mount %base", "result": ">="}
{"utc": "2026-09-26T17:08:46Z", "command": "launch bus", "result": {"argv": ["/runtime/bin/vere-v4.6-linux-x86_64", "-t", "-L", "--no-dock", "--loom", "31", "-b", "127.0.0.1", "--http-port", "18081", "/state/live/bus"], "pid": 15}}
{"utc": "2026-09-26T17:08:49Z", "command": "bus: zuse", "result": "%408\n"}
{"utc": "2026-09-26T17:08:49Z", "command": "bus: |mount %base", "result": ">="}
{"utc": "2026-09-26T17:08:49Z", "command": "launch nec", "result": {"argv": ["/runtime/bin/vere-v4.6-linux-x86_64", "-t", "-L", "--no-dock", "--loom", "31", "-b", "127.0.0.1", "--http-port", "18082", "/state/live/nec"], "pid": 25}}
{"utc": "2026-09-26T17:08:51Z", "command": "nec: zuse", "result": "%408\n"}
{"utc": "2026-09-26T17:08:51Z", "command": "nec: |mount %base", "result": ">="}
{"utc": "2026-09-26T17:08:51Z", "command": "launch bud", "result": {"argv": ["/runtime/bin/vere-v4.6-linux-x86_64", "-t", "-L", "--no-dock", "--loom", "31", "-b", "127.0.0.1", "--http-port", "18083", "/state/live/bud"], "pid": 34}}
{"utc": "2026-09-26T17:08:53Z", "command": "bud: zuse", "result": "%408\n"}
{"utc": "2026-09-26T17:08:53Z", "command": "bud: |mount %base", "result": ">="}
{"utc": "2026-09-26T17:09:09Z", "command": "shutdown zod", "result": {"exit_code": 0, "forced": false}}
{"utc": "2026-09-26T17:09:09Z", "command": "shutdown bus", "result": {"exit_code": 0, "forced": false}}
{"utc": "2026-09-26T17:09:09Z", "command": "shutdown nec", "result": {"exit_code": 0, "forced": false}}
{"utc": "2026-09-26T17:09:12Z", "command": "shutdown bud", "result": {"exit_code": 0, "forced": false}}
{"utc": "2026-09-26T17:09:14Z", "command": "launch zod", "result": {"argv": ["/runtime/bin/vere-v4.6-linux-x86_64", "-t", "-L", "--no-dock", "--loom", "31", "-b", "127.0.0.1", "--http-port", "18080", "/state/live/zod"], "pid": 52}}
{"utc": "2026-09-26T17:09:17Z", "command": "zod: zuse", "result": "%408\n"}
{"utc": "2026-09-26T17:09:17Z", "command": "launch bus", "result": {"argv": ["/runtime/bin/vere-v4.6-linux-x86_64", "-t", "-L", "--no-dock", "--loom", "31", "-b", "127.0.0.1", "--http-port", "18081", "/state/live/bus"], "pid": 59}}
{"utc": "2026-09-26T17:09:23Z", "command": "bus: zuse", "result": "%408\n"}
{"utc": "2026-09-26T17:09:23Z", "command": "launch nec", "result": {"argv": ["/runtime/bin/vere-v4.6-linux-x86_64", "-t", "-L", "--no-dock", "--loom", "31", "-b", "127.0.0.1", "--http-port", "18082", "/state/live/nec"], "pid": 66}}
{"utc": "2026-09-26T17:09:26Z", "command": "nec: zuse", "result": "%408\n"}
{"utc": "2026-09-26T17:09:26Z", "command": "launch bud", "result": {"argv": ["/runtime/bin/vere-v4.6-linux-x86_64", "-t", "-L", "--no-dock", "--loom", "31", "-b", "127.0.0.1", "--http-port", "18083", "/state/live/bud"], "pid": 73}}
{"utc": "2026-09-26T17:09:29Z", "command": "bud: zuse", "result": "%408\n"}
{"utc": "2026-09-26T17:09:36Z", "command": "shutdown zod", "result": {"exit_code": 0, "forced": false}}
{"utc": "2026-09-26T17:09:36Z", "command": "shutdown bus", "result": {"exit_code": 0, "forced": false}}
{"utc": "2026-09-26T17:09:36Z", "command": "shutdown nec", "result": {"exit_code": 0, "forced": false}}
{"utc": "2026-09-26T17:09:39Z", "command": "shutdown bud", "result": {"exit_code": 0, "forced": false}}
{"utc": "2026-09-26T17:09:39Z", "command": "shutdown zod", "result": {"exit_code": 0, "forced": false}}
{"utc": "2026-09-26T17:09:39Z", "command": "shutdown bus", "result": {"exit_code": 0, "forced": false}}
{"utc": "2026-09-26T17:09:39Z", "command": "shutdown nec", "result": {"exit_code": 0, "forced": false}}
{"utc": "2026-09-26T17:09:39Z", "command": "shutdown bud", "result": {"exit_code": 0, "forced": false}}
{"guard_status": "completed", "guard_report": "/home/skilgore/stead-urbit/.runtime/execution-runs/four-fakes-3pfmh7uj/report.json"}
{"utc": "2026-09-26T17:10:04Z", "command": "launch zod", "result": {"argv": ["/runtime/bin/vere-v4.6-linux-x86_64", "-t", "-L", "--no-dock", "--loom", "31", "-b", "127.0.0.1", "--http-port", "18080", "/state/live/zod"], "pid": 5}}
{"utc": "2026-09-26T17:10:05Z", "command": "zod: zuse", "result": "%408\n"}
{"utc": "2026-09-26T17:10:05Z", "command": "zod: |mount %base", "result": ">="}
{"utc": "2026-09-26T17:10:05Z", "command": "launch bus", "result": {"argv": ["/runtime/bin/vere-v4.6-linux-x86_64", "-t", "-L", "--no-dock", "--loom", "31", "-b", "127.0.0.1", "--http-port", "18081", "/state/live/bus"], "pid": 15}}
{"utc": "2026-09-26T17:10:06Z", "command": "bus: zuse", "result": "%408\n"}
{"utc": "2026-09-26T17:10:06Z", "command": "bus: |mount %base", "result": ">="}
{"utc": "2026-09-26T17:10:06Z", "command": "launch nec", "result": {"argv": ["/runtime/bin/vere-v4.6-linux-x86_64", "-t", "-L", "--no-dock", "--loom", "31", "-b", "127.0.0.1", "--http-port", "18082", "/state/live/nec"], "pid": 24}}
{"utc": "2026-09-26T17:10:07Z", "command": "nec: zuse", "result": "%408\n"}
{"utc": "2026-09-26T17:10:08Z", "command": "nec: |mount %base", "result": ">="}
{"utc": "2026-09-26T17:10:08Z", "command": "launch bud", "result": {"argv": ["/runtime/bin/vere-v4.6-linux-x86_64", "-t", "-L", "--no-dock", "--loom", "31", "-b", "127.0.0.1", "--http-port", "18083", "/state/live/bud"], "pid": 32}}
{"utc": "2026-09-26T17:10:10Z", "command": "bud: zuse", "result": "%408\n"}
{"utc": "2026-09-26T17:10:10Z", "command": "bud: |mount %base", "result": ">="}
{"utc": "2026-09-26T17:10:25Z", "command": "shutdown zod", "result": {"exit_code": 0, "forced": false}}
{"utc": "2026-09-26T17:10:25Z", "command": "shutdown bus", "result": {"exit_code": 0, "forced": false}}
{"utc": "2026-09-26T17:10:25Z", "command": "shutdown nec", "result": {"exit_code": 0, "forced": false}}
{"utc": "2026-09-26T17:10:29Z", "command": "shutdown bud", "result": {"exit_code": 0, "forced": false}}
{"utc": "2026-09-26T17:10:31Z", "command": "launch zod", "result": {"argv": ["/runtime/bin/vere-v4.6-linux-x86_64", "-t", "-L", "--no-dock", "--loom", "31", "-b", "127.0.0.1", "--http-port", "18080", "/state/live/zod"], "pid": 50}}
{"utc": "2026-09-26T17:10:34Z", "command": "zod: zuse", "result": "%408\n"}
{"utc": "2026-09-26T17:10:34Z", "command": "launch bus", "result": {"argv": ["/runtime/bin/vere-v4.6-linux-x86_64", "-t", "-L", "--no-dock", "--loom", "31", "-b", "127.0.0.1", "--http-port", "18081", "/state/live/bus"], "pid": 57}}
{"utc": "2026-09-26T17:10:38Z", "command": "bus: zuse", "result": "%408\n"}
{"utc": "2026-09-26T17:10:38Z", "command": "launch nec", "result": {"argv": ["/runtime/bin/vere-v4.6-linux-x86_64", "-t", "-L", "--no-dock", "--loom", "31", "-b", "127.0.0.1", "--http-port", "18082", "/state/live/nec"], "pid": 64}}
{"utc": "2026-09-26T17:10:41Z", "command": "nec: zuse", "result": "%408\n"}
{"utc": "2026-09-26T17:10:41Z", "command": "launch bud", "result": {"argv": ["/runtime/bin/vere-v4.6-linux-x86_64", "-t", "-L", "--no-dock", "--loom", "31", "-b", "127.0.0.1", "--http-port", "18083", "/state/live/bud"], "pid": 71}}
{"utc": "2026-09-26T17:10:44Z", "command": "bud: zuse", "result": "%408\n"}
{"utc": "2026-09-26T17:10:49Z", "command": "shutdown zod", "result": {"exit_code": 0, "forced": false}}
{"utc": "2026-09-26T17:10:49Z", "command": "shutdown bus", "result": {"exit_code": 0, "forced": false}}
{"utc": "2026-09-26T17:10:49Z", "command": "shutdown nec", "result": {"exit_code": 0, "forced": false}}
{"utc": "2026-09-26T17:10:50Z", "command": "shutdown bud", "result": {"exit_code": 0, "forced": false}}
{"utc": "2026-09-26T17:10:50Z", "command": "shutdown zod", "result": {"exit_code": 0, "forced": false}}
{"utc": "2026-09-26T17:10:50Z", "command": "shutdown bus", "result": {"exit_code": 0, "forced": false}}
{"utc": "2026-09-26T17:10:50Z", "command": "shutdown nec", "result": {"exit_code": 0, "forced": false}}
{"utc": "2026-09-26T17:10:50Z", "command": "shutdown bud", "result": {"exit_code": 0, "forced": false}}
{"guard_status": "completed", "guard_report": "/home/skilgore/stead-urbit/.runtime/execution-runs/four-fakes-76qb8n72/report.json"}
{"utc": "2026-09-26T17:11:48Z", "command": "launch zod", "result": {"argv": ["/runtime/bin/vere-v4.6-linux-x86_64", "-t", "-L", "--no-dock", "--loom", "31", "-b", "127.0.0.1", "--http-port", "18080", "/state/live/zod"], "pid": 5}}
{"utc": "2026-09-26T17:11:49Z", "command": "zod: zuse", "result": "%408\n"}
{"utc": "2026-09-26T17:11:49Z", "command": "zod: |mount %base", "result": ">="}
{"utc": "2026-09-26T17:11:49Z", "command": "launch bus", "result": {"argv": ["/runtime/bin/vere-v4.6-linux-x86_64", "-t", "-L", "--no-dock", "--loom", "31", "-b", "127.0.0.1", "--http-port", "18081", "/state/live/bus"], "pid": 15}}
{"utc": "2026-09-26T17:11:50Z", "command": "bus: zuse", "result": "%408\n"}
{"utc": "2026-09-26T17:11:50Z", "command": "bus: |mount %base", "result": ">="}
{"utc": "2026-09-26T17:11:50Z", "command": "launch nec", "result": {"argv": ["/runtime/bin/vere-v4.6-linux-x86_64", "-t", "-L", "--no-dock", "--loom", "31", "-b", "127.0.0.1", "--http-port", "18082", "/state/live/nec"], "pid": 24}}
{"utc": "2026-09-26T17:11:51Z", "command": "nec: zuse", "result": "%408\n"}
{"utc": "2026-09-26T17:11:52Z", "command": "nec: |mount %base", "result": ">="}
{"utc": "2026-09-26T17:11:52Z", "command": "launch bud", "result": {"argv": ["/runtime/bin/vere-v4.6-linux-x86_64", "-t", "-L", "--no-dock", "--loom", "31", "-b", "127.0.0.1", "--http-port", "18083", "/state/live/bud"], "pid": 32}}
{"utc": "2026-09-26T17:11:54Z", "command": "bud: zuse", "result": "%408\n"}
{"utc": "2026-09-26T17:11:54Z", "command": "bud: |mount %base", "result": ">="}
{"utc": "2026-09-26T17:12:11Z", "command": "shutdown zod", "result": {"exit_code": 0, "forced": false}}
{"utc": "2026-09-26T17:12:11Z", "command": "shutdown bus", "result": {"exit_code": 0, "forced": false}}
{"utc": "2026-09-26T17:12:11Z", "command": "shutdown nec", "result": {"exit_code": 0, "forced": false}}
{"utc": "2026-09-26T17:12:13Z", "command": "shutdown bud", "result": {"exit_code": 0, "forced": false}}
{"utc": "2026-09-26T17:12:15Z", "command": "launch zod", "result": {"argv": ["/runtime/bin/vere-v4.6-linux-x86_64", "-t", "-L", "--no-dock", "--loom", "31", "-b", "127.0.0.1", "--http-port", "18080", "/state/live/zod"], "pid": 50}}
{"utc": "2026-09-26T17:12:19Z", "command": "zod: zuse", "result": "%408\n"}
{"utc": "2026-09-26T17:12:19Z", "command": "launch bus", "result": {"argv": ["/runtime/bin/vere-v4.6-linux-x86_64", "-t", "-L", "--no-dock", "--loom", "31", "-b", "127.0.0.1", "--http-port", "18081", "/state/live/bus"], "pid": 57}}
{"utc": "2026-09-26T17:12:22Z", "command": "bus: zuse", "result": "%408\n"}
{"utc": "2026-09-26T17:12:22Z", "command": "launch nec", "result": {"argv": ["/runtime/bin/vere-v4.6-linux-x86_64", "-t", "-L", "--no-dock", "--loom", "31", "-b", "127.0.0.1", "--http-port", "18082", "/state/live/nec"], "pid": 64}}
{"utc": "2026-09-26T17:12:25Z", "command": "nec: zuse", "result": "%408\n"}
{"utc": "2026-09-26T17:12:25Z", "command": "launch bud", "result": {"argv": ["/runtime/bin/vere-v4.6-linux-x86_64", "-t", "-L", "--no-dock", "--loom", "31", "-b", "127.0.0.1", "--http-port", "18083", "/state/live/bud"], "pid": 71}}
{"utc": "2026-09-26T17:12:29Z", "command": "bud: zuse", "result": "%408\n"}
{"utc": "2026-09-26T17:12:39Z", "command": "shutdown zod", "result": {"exit_code": 0, "forced": false}}
{"utc": "2026-09-26T17:12:39Z", "command": "shutdown bus", "result": {"exit_code": 0, "forced": false}}
{"utc": "2026-09-26T17:12:39Z", "command": "shutdown nec", "result": {"exit_code": 0, "forced": false}}
{"utc": "2026-09-26T17:12:44Z", "command": "shutdown bud", "result": {"exit_code": 0, "forced": false}}
{"utc": "2026-09-26T17:12:44Z", "command": "shutdown zod", "result": {"exit_code": 0, "forced": false}}
{"utc": "2026-09-26T17:12:44Z", "command": "shutdown bus", "result": {"exit_code": 0, "forced": false}}
{"utc": "2026-09-26T17:12:44Z", "command": "shutdown nec", "result": {"exit_code": 0, "forced": false}}
{"utc": "2026-09-26T17:12:44Z", "command": "shutdown bud", "result": {"exit_code": 0, "forced": false}}
{"guard_status": "completed", "guard_report": "/home/skilgore/stead-urbit/.runtime/execution-runs/four-fakes-v9u5iijf/report.json"}
{"utc": "2026-09-26T17:13:24Z", "command": "launch zod", "result": {"argv": ["/runtime/bin/vere-v4.6-linux-x86_64", "-t", "-L", "--no-dock", "--loom", "31", "-b", "127.0.0.1", "--http-port", "18080", "/state/live/zod"], "pid": 5}}
{"utc": "2026-09-26T17:13:25Z", "command": "zod: zuse", "result": "%408\n"}
{"utc": "2026-09-26T17:13:25Z", "command": "zod: |mount %base", "result": ">="}
{"utc": "2026-09-26T17:13:25Z", "command": "launch bus", "result": {"argv": ["/runtime/bin/vere-v4.6-linux-x86_64", "-t", "-L", "--no-dock", "--loom", "31", "-b", "127.0.0.1", "--http-port", "18081", "/state/live/bus"], "pid": 15}}
{"utc": "2026-09-26T17:13:26Z", "command": "bus: zuse", "result": "%408\n"}
{"utc": "2026-09-26T17:13:26Z", "command": "bus: |mount %base", "result": ">="}
{"utc": "2026-09-26T17:13:26Z", "command": "launch nec", "result": {"argv": ["/runtime/bin/vere-v4.6-linux-x86_64", "-t", "-L", "--no-dock", "--loom", "31", "-b", "127.0.0.1", "--http-port", "18082", "/state/live/nec"], "pid": 24}}
{"utc": "2026-09-26T17:13:27Z", "command": "nec: zuse", "result": "%408\n"}
{"utc": "2026-09-26T17:13:27Z", "command": "nec: |mount %base", "result": ">="}
{"utc": "2026-09-26T17:13:27Z", "command": "launch bud", "result": {"argv": ["/runtime/bin/vere-v4.6-linux-x86_64", "-t", "-L", "--no-dock", "--loom", "31", "-b", "127.0.0.1", "--http-port", "18083", "/state/live/bud"], "pid": 32}}
{"utc": "2026-09-26T17:13:29Z", "command": "bud: zuse", "result": "%408\n"}
{"utc": "2026-09-26T17:13:29Z", "command": "bud: |mount %base", "result": ">="}
{"utc": "2026-09-26T17:13:45Z", "command": "shutdown zod", "result": {"exit_code": 0, "forced": false}}
{"utc": "2026-09-26T17:13:45Z", "command": "shutdown bus", "result": {"exit_code": 0, "forced": false}}
{"utc": "2026-09-26T17:13:45Z", "command": "shutdown nec", "result": {"exit_code": 0, "forced": false}}
{"utc": "2026-09-26T17:13:49Z", "command": "shutdown bud", "result": {"exit_code": 0, "forced": false}}
{"utc": "2026-09-26T17:13:51Z", "command": "launch zod", "result": {"argv": ["/runtime/bin/vere-v4.6-linux-x86_64", "-t", "-L", "--no-dock", "--loom", "31", "-b", "127.0.0.1", "--http-port", "18080", "/state/live/zod"], "pid": 50}}
{"utc": "2026-09-26T17:13:54Z", "command": "zod: zuse", "result": "%408\n"}
{"utc": "2026-09-26T17:13:54Z", "command": "launch bus", "result": {"argv": ["/runtime/bin/vere-v4.6-linux-x86_64", "-t", "-L", "--no-dock", "--loom", "31", "-b", "127.0.0.1", "--http-port", "18081", "/state/live/bus"], "pid": 57}}
{"utc": "2026-09-26T17:13:57Z", "command": "bus: zuse", "result": "%408\n"}
{"utc": "2026-09-26T17:13:57Z", "command": "launch nec", "result": {"argv": ["/runtime/bin/vere-v4.6-linux-x86_64", "-t", "-L", "--no-dock", "--loom", "31", "-b", "127.0.0.1", "--http-port", "18082", "/state/live/nec"], "pid": 64}}
{"utc": "2026-09-26T17:14:01Z", "command": "nec: zuse", "result": "%408\n"}
{"utc": "2026-09-26T17:14:01Z", "command": "launch bud", "result": {"argv": ["/runtime/bin/vere-v4.6-linux-x86_64", "-t", "-L", "--no-dock", "--loom", "31", "-b", "127.0.0.1", "--http-port", "18083", "/state/live/bud"], "pid": 71}}
{"utc": "2026-09-26T17:14:04Z", "command": "bud: zuse", "result": "%408\n"}
{"utc": "2026-09-26T17:14:10Z", "command": "shutdown zod", "result": {"exit_code": 0, "forced": false}}
{"utc": "2026-09-26T17:14:10Z", "command": "shutdown bus", "result": {"exit_code": 0, "forced": false}}
{"utc": "2026-09-26T17:14:10Z", "command": "shutdown nec", "result": {"exit_code": 0, "forced": false}}
{"utc": "2026-09-26T17:14:14Z", "command": "shutdown bud", "result": {"exit_code": 0, "forced": false}}
{"utc": "2026-09-26T17:14:14Z", "command": "shutdown zod", "result": {"exit_code": 0, "forced": false}}
{"utc": "2026-09-26T17:14:14Z", "command": "shutdown bus", "result": {"exit_code": 0, "forced": false}}
{"utc": "2026-09-26T17:14:14Z", "command": "shutdown nec", "result": {"exit_code": 0, "forced": false}}
{"utc": "2026-09-26T17:14:14Z", "command": "shutdown bud", "result": {"exit_code": 0, "forced": false}}
{"guard_status": "completed", "guard_report": "/home/skilgore/stead-urbit/.runtime/execution-runs/four-fakes-84b54ij7/report.json"}
{"utc": "2026-09-26T17:16:05Z", "command": "launch zod", "result": {"argv": ["/runtime/bin/vere-v4.6-linux-x86_64", "-t", "-L", "--no-dock", "--loom", "31", "-b", "127.0.0.1", "--http-port", "18080", "/state/live/zod"], "pid": 5}}
{"utc": "2026-09-26T17:16:07Z", "command": "zod: zuse", "result": "%408\n"}
{"utc": "2026-09-26T17:16:07Z", "command": "zod: |mount %base", "result": ">="}
{"utc": "2026-09-26T17:16:07Z", "command": "launch bus", "result": {"argv": ["/runtime/bin/vere-v4.6-linux-x86_64", "-t", "-L", "--no-dock", "--loom", "31", "-b", "127.0.0.1", "--http-port", "18081", "/state/live/bus"], "pid": 16}}
{"utc": "2026-09-26T17:16:09Z", "command": "bus: zuse", "result": "%408\n"}
{"utc": "2026-09-26T17:16:09Z", "command": "bus: |mount %base", "result": ">="}
{"utc": "2026-09-26T17:16:09Z", "command": "launch nec", "result": {"argv": ["/runtime/bin/vere-v4.6-linux-x86_64", "-t", "-L", "--no-dock", "--loom", "31", "-b", "127.0.0.1", "--http-port", "18082", "/state/live/nec"], "pid": 25}}
{"utc": "2026-09-26T17:16:11Z", "command": "nec: zuse", "result": "%408\n"}
{"utc": "2026-09-26T17:16:11Z", "command": "nec: |mount %base", "result": ">="}
{"utc": "2026-09-26T17:16:11Z", "command": "launch bud", "result": {"argv": ["/runtime/bin/vere-v4.6-linux-x86_64", "-t", "-L", "--no-dock", "--loom", "31", "-b", "127.0.0.1", "--http-port", "18083", "/state/live/bud"], "pid": 34}}
{"utc": "2026-09-26T17:16:13Z", "command": "bud: zuse", "result": "%408\n"}
{"utc": "2026-09-26T17:16:13Z", "command": "bud: |mount %base", "result": ">="}
{"utc": "2026-09-26T17:16:29Z", "command": "shutdown zod", "result": {"exit_code": 0, "forced": false}}
{"utc": "2026-09-26T17:16:29Z", "command": "shutdown bus", "result": {"exit_code": 0, "forced": false}}
{"utc": "2026-09-26T17:16:29Z", "command": "shutdown nec", "result": {"exit_code": 0, "forced": false}}
{"utc": "2026-09-26T17:16:32Z", "command": "shutdown bud", "result": {"exit_code": 0, "forced": false}}
{"utc": "2026-09-26T17:16:34Z", "command": "launch zod", "result": {"argv": ["/runtime/bin/vere-v4.6-linux-x86_64", "-t", "-L", "--no-dock", "--loom", "31", "-b", "127.0.0.1", "--http-port", "18080", "/state/live/zod"], "pid": 52}}
{"utc": "2026-09-26T17:16:38Z", "command": "zod: zuse", "result": "%408\n"}
{"utc": "2026-09-26T17:16:38Z", "command": "launch bus", "result": {"argv": ["/runtime/bin/vere-v4.6-linux-x86_64", "-t", "-L", "--no-dock", "--loom", "31", "-b", "127.0.0.1", "--http-port", "18081", "/state/live/bus"], "pid": 59}}
{"utc": "2026-09-26T17:16:41Z", "command": "bus: zuse", "result": "%408\n"}
{"utc": "2026-09-26T17:16:41Z", "command": "launch nec", "result": {"argv": ["/runtime/bin/vere-v4.6-linux-x86_64", "-t", "-L", "--no-dock", "--loom", "31", "-b", "127.0.0.1", "--http-port", "18082", "/state/live/nec"], "pid": 66}}
{"utc": "2026-09-26T17:16:44Z", "command": "nec: zuse", "result": "%408\n"}
{"utc": "2026-09-26T17:16:44Z", "command": "launch bud", "result": {"argv": ["/runtime/bin/vere-v4.6-linux-x86_64", "-t", "-L", "--no-dock", "--loom", "31", "-b", "127.0.0.1", "--http-port", "18083", "/state/live/bud"], "pid": 73}}
{"utc": "2026-09-26T17:16:48Z", "command": "bud: zuse", "result": "%408\n"}
{"utc": "2026-09-26T17:16:57Z", "command": "shutdown zod", "result": {"exit_code": 0, "forced": false}}
{"utc": "2026-09-26T17:16:57Z", "command": "shutdown bus", "result": {"exit_code": 0, "forced": false}}
{"utc": "2026-09-26T17:16:57Z", "command": "shutdown nec", "result": {"exit_code": 0, "forced": false}}
{"utc": "2026-09-26T17:16:59Z", "command": "shutdown bud", "result": {"exit_code": 0, "forced": false}}
{"utc": "2026-09-26T17:16:59Z", "command": "shutdown zod", "result": {"exit_code": 0, "forced": false}}
{"utc": "2026-09-26T17:16:59Z", "command": "shutdown bus", "result": {"exit_code": 0, "forced": false}}
{"utc": "2026-09-26T17:16:59Z", "command": "shutdown nec", "result": {"exit_code": 0, "forced": false}}
{"utc": "2026-09-26T17:16:59Z", "command": "shutdown bud", "result": {"exit_code": 0, "forced": false}}
{"guard_status": "completed", "guard_report": "/home/skilgore/stead-urbit/.runtime/execution-runs/four-fakes-k5soe985/report.json"}
{"utc": "2026-09-26T17:21:27Z", "command": "launch zod", "result": {"argv": ["/runtime/bin/vere-v4.6-linux-x86_64", "-t", "-L", "--no-dock", "--loom", "31", "-b", "127.0.0.1", "--http-port", "18080", "/state/live/zod"], "pid": 5}}
{"utc": "2026-09-26T17:21:28Z", "command": "zod: zuse", "result": "%408\n"}
{"utc": "2026-09-26T17:21:28Z", "command": "zod: |mount %base", "result": ">="}
{"utc": "2026-09-26T17:21:28Z", "command": "launch bus", "result": {"argv": ["/runtime/bin/vere-v4.6-linux-x86_64", "-t", "-L", "--no-dock", "--loom", "31", "-b", "127.0.0.1", "--http-port", "18081", "/state/live/bus"], "pid": 15}}
{"utc": "2026-09-26T17:21:30Z", "command": "bus: zuse", "result": "%408\n"}
{"utc": "2026-09-26T17:21:31Z", "command": "bus: |mount %base", "result": ">="}
{"utc": "2026-09-26T17:21:31Z", "command": "launch nec", "result": {"argv": ["/runtime/bin/vere-v4.6-linux-x86_64", "-t", "-L", "--no-dock", "--loom", "31", "-b", "127.0.0.1", "--http-port", "18082", "/state/live/nec"], "pid": 25}}
{"utc": "2026-09-26T17:21:32Z", "command": "nec: zuse", "result": "%408\n"}
{"utc": "2026-09-26T17:21:32Z", "command": "nec: |mount %base", "result": ">="}
{"utc": "2026-09-26T17:21:32Z", "command": "launch bud", "result": {"argv": ["/runtime/bin/vere-v4.6-linux-x86_64", "-t", "-L", "--no-dock", "--loom", "31", "-b", "127.0.0.1", "--http-port", "18083", "/state/live/bud"], "pid": 33}}
{"utc": "2026-09-26T17:21:34Z", "command": "bud: zuse", "result": "%408\n"}
{"utc": "2026-09-26T17:21:34Z", "command": "bud: |mount %base", "result": ">="}
{"utc": "2026-09-26T17:21:50Z", "command": "shutdown zod", "result": {"exit_code": 0, "forced": false}}
{"utc": "2026-09-26T17:21:50Z", "command": "shutdown bus", "result": {"exit_code": 0, "forced": false}}
{"utc": "2026-09-26T17:21:50Z", "command": "shutdown nec", "result": {"exit_code": 0, "forced": false}}
{"utc": "2026-09-26T17:21:53Z", "command": "shutdown bud", "result": {"exit_code": 0, "forced": false}}
{"utc": "2026-09-26T17:21:55Z", "command": "launch zod", "result": {"argv": ["/runtime/bin/vere-v4.6-linux-x86_64", "-t", "-L", "--no-dock", "--loom", "31", "-b", "127.0.0.1", "--http-port", "18080", "/state/live/zod"], "pid": 51}}
{"utc": "2026-09-26T17:21:58Z", "command": "zod: zuse", "result": "%408\n"}
{"utc": "2026-09-26T17:21:58Z", "command": "launch bus", "result": {"argv": ["/runtime/bin/vere-v4.6-linux-x86_64", "-t", "-L", "--no-dock", "--loom", "31", "-b", "127.0.0.1", "--http-port", "18081", "/state/live/bus"], "pid": 58}}
{"utc": "2026-09-26T17:22:01Z", "command": "bus: zuse", "result": "%408\n"}
{"utc": "2026-09-26T17:22:01Z", "command": "launch nec", "result": {"argv": ["/runtime/bin/vere-v4.6-linux-x86_64", "-t", "-L", "--no-dock", "--loom", "31", "-b", "127.0.0.1", "--http-port", "18082", "/state/live/nec"], "pid": 65}}
{"utc": "2026-09-26T17:22:05Z", "command": "nec: zuse", "result": "%408\n"}
{"utc": "2026-09-26T17:22:05Z", "command": "launch bud", "result": {"argv": ["/runtime/bin/vere-v4.6-linux-x86_64", "-t", "-L", "--no-dock", "--loom", "31", "-b", "127.0.0.1", "--http-port", "18083", "/state/live/bud"], "pid": 72}}
{"utc": "2026-09-26T17:22:09Z", "command": "bud: zuse", "result": "%408\n"}
{"utc": "2026-09-26T17:23:13Z", "command": "shutdown zod", "result": {"exit_code": 0, "forced": false}}
{"utc": "2026-09-26T17:23:13Z", "command": "shutdown bus", "result": {"exit_code": 0, "forced": false}}
{"utc": "2026-09-26T17:23:13Z", "command": "shutdown nec", "result": {"exit_code": 0, "forced": false}}
{"utc": "2026-09-26T17:23:13Z", "command": "shutdown bud", "result": {"exit_code": 0, "forced": false}}
{"utc": "2026-09-26T17:23:13Z", "command": "shutdown zod", "result": {"exit_code": 0, "forced": false}}
{"utc": "2026-09-26T17:23:13Z", "command": "shutdown bus", "result": {"exit_code": 0, "forced": false}}
{"utc": "2026-09-26T17:23:13Z", "command": "shutdown nec", "result": {"exit_code": 0, "forced": false}}
{"utc": "2026-09-26T17:23:13Z", "command": "shutdown bud", "result": {"exit_code": 0, "forced": false}}
{"guard_status": "completed", "guard_report": "/home/skilgore/stead-urbit/.runtime/execution-runs/four-fakes-fmqwbqhh/report.json"}
{"utc": "2026-09-26T17:24:29Z", "command": "launch zod", "result": {"argv": ["/runtime/bin/vere-v4.6-linux-x86_64", "-t", "-L", "--no-dock", "--loom", "31", "-b", "127.0.0.1", "--http-port", "18080", "/state/live/zod"], "pid": 5}}
{"utc": "2026-09-26T17:24:30Z", "command": "zod: zuse", "result": "%408\n"}
{"utc": "2026-09-26T17:24:31Z", "command": "zod: |mount %base", "result": ">="}
{"utc": "2026-09-26T17:24:31Z", "command": "launch bus", "result": {"argv": ["/runtime/bin/vere-v4.6-linux-x86_64", "-t", "-L", "--no-dock", "--loom", "31", "-b", "127.0.0.1", "--http-port", "18081", "/state/live/bus"], "pid": 15}}
{"utc": "2026-09-26T17:24:33Z", "command": "bus: zuse", "result": "%408\n"}
{"utc": "2026-09-26T17:24:33Z", "command": "bus: |mount %base", "result": ">="}
{"utc": "2026-09-26T17:24:33Z", "command": "launch nec", "result": {"argv": ["/runtime/bin/vere-v4.6-linux-x86_64", "-t", "-L", "--no-dock", "--loom", "31", "-b", "127.0.0.1", "--http-port", "18082", "/state/live/nec"], "pid": 25}}
{"utc": "2026-09-26T17:24:34Z", "command": "nec: zuse", "result": "%408\n"}
{"utc": "2026-09-26T17:24:34Z", "command": "nec: |mount %base", "result": ">="}
{"utc": "2026-09-26T17:24:34Z", "command": "launch bud", "result": {"argv": ["/runtime/bin/vere-v4.6-linux-x86_64", "-t", "-L", "--no-dock", "--loom", "31", "-b", "127.0.0.1", "--http-port", "18083", "/state/live/bud"], "pid": 33}}
{"utc": "2026-09-26T17:24:36Z", "command": "bud: zuse", "result": "%408\n"}
{"utc": "2026-09-26T17:24:36Z", "command": "bud: |mount %base", "result": ">="}
{"utc": "2026-09-26T17:24:52Z", "command": "shutdown zod", "result": {"exit_code": 0, "forced": false}}
{"utc": "2026-09-26T17:24:52Z", "command": "shutdown bus", "result": {"exit_code": 0, "forced": false}}
{"utc": "2026-09-26T17:24:52Z", "command": "shutdown nec", "result": {"exit_code": 0, "forced": false}}
{"utc": "2026-09-26T17:24:52Z", "command": "shutdown bud", "result": {"exit_code": 0, "forced": false}}
{"utc": "2026-09-26T17:24:54Z", "command": "launch zod", "result": {"argv": ["/runtime/bin/vere-v4.6-linux-x86_64", "-t", "-L", "--no-dock", "--loom", "31", "-b", "127.0.0.1", "--http-port", "18080", "/state/live/zod"], "pid": 47}}
{"utc": "2026-09-26T17:24:57Z", "command": "zod: zuse", "result": "%408\n"}
{"utc": "2026-09-26T17:24:57Z", "command": "launch bus", "result": {"argv": ["/runtime/bin/vere-v4.6-linux-x86_64", "-t", "-L", "--no-dock", "--loom", "31", "-b", "127.0.0.1", "--http-port", "18081", "/state/live/bus"], "pid": 54}}
{"utc": "2026-09-26T17:25:00Z", "command": "bus: zuse", "result": "%408\n"}
{"utc": "2026-09-26T17:25:00Z", "command": "launch nec", "result": {"argv": ["/runtime/bin/vere-v4.6-linux-x86_64", "-t", "-L", "--no-dock", "--loom", "31", "-b", "127.0.0.1", "--http-port", "18082", "/state/live/nec"], "pid": 61}}
{"utc": "2026-09-26T17:25:03Z", "command": "nec: zuse", "result": "%408\n"}
{"utc": "2026-09-26T17:25:03Z", "command": "launch bud", "result": {"argv": ["/runtime/bin/vere-v4.6-linux-x86_64", "-t", "-L", "--no-dock", "--loom", "31", "-b", "127.0.0.1", "--http-port", "18083", "/state/live/bud"], "pid": 68}}
{"utc": "2026-09-26T17:25:06Z", "command": "bud: zuse", "result": "%408\n"}
{"utc": "2026-09-26T17:26:09Z", "command": "shutdown zod", "result": {"exit_code": 0, "forced": false}}
{"utc": "2026-09-26T17:26:09Z", "command": "shutdown bus", "result": {"exit_code": 0, "forced": false}}
{"utc": "2026-09-26T17:26:09Z", "command": "shutdown nec", "result": {"exit_code": 0, "forced": false}}
{"utc": "2026-09-26T17:26:09Z", "command": "shutdown bud", "result": {"exit_code": 0, "forced": false}}
{"utc": "2026-09-26T17:26:10Z", "command": "shutdown zod", "result": {"exit_code": 0, "forced": false}}
{"utc": "2026-09-26T17:26:10Z", "command": "shutdown bus", "result": {"exit_code": 0, "forced": false}}
{"utc": "2026-09-26T17:26:10Z", "command": "shutdown nec", "result": {"exit_code": 0, "forced": false}}
{"utc": "2026-09-26T17:26:10Z", "command": "shutdown bud", "result": {"exit_code": 0, "forced": false}}
{"guard_status": "completed", "guard_report": "/home/skilgore/stead-urbit/.runtime/execution-runs/four-fakes-wzly8svb/report.json"}
{"utc": "2026-09-26T17:27:43Z", "command": "launch zod", "result": {"argv": ["/runtime/bin/vere-v4.6-linux-x86_64", "-t", "-L", "--no-dock", "--loom", "31", "-b", "127.0.0.1", "--http-port", "18080", "/state/live/zod"], "pid": 5}}
{"utc": "2026-09-26T17:27:46Z", "command": "zod: zuse", "result": "%408\n"}
{"utc": "2026-09-26T17:27:46Z", "command": "zod: |mount %base", "result": ">="}
{"utc": "2026-09-26T17:27:46Z", "command": "launch bus", "result": {"argv": ["/runtime/bin/vere-v4.6-linux-x86_64", "-t", "-L", "--no-dock", "--loom", "31", "-b", "127.0.0.1", "--http-port", "18081", "/state/live/bus"], "pid": 16}}
{"utc": "2026-09-26T17:27:47Z", "command": "bus: zuse", "result": "%408\n"}
{"utc": "2026-09-26T17:27:47Z", "command": "bus: |mount %base", "result": ">="}
{"utc": "2026-09-26T17:27:47Z", "command": "launch nec", "result": {"argv": ["/runtime/bin/vere-v4.6-linux-x86_64", "-t", "-L", "--no-dock", "--loom", "31", "-b", "127.0.0.1", "--http-port", "18082", "/state/live/nec"], "pid": 24}}
{"utc": "2026-09-26T17:27:49Z", "command": "nec: zuse", "result": "%408\n"}
{"utc": "2026-09-26T17:27:49Z", "command": "nec: |mount %base", "result": ">="}
{"utc": "2026-09-26T17:27:49Z", "command": "launch bud", "result": {"argv": ["/runtime/bin/vere-v4.6-linux-x86_64", "-t", "-L", "--no-dock", "--loom", "31", "-b", "127.0.0.1", "--http-port", "18083", "/state/live/bud"], "pid": 33}}
{"utc": "2026-09-26T17:27:50Z", "command": "bud: zuse", "result": "%408\n"}
{"utc": "2026-09-26T17:27:50Z", "command": "bud: |mount %base", "result": ">="}
{"utc": "2026-09-26T17:28:05Z", "command": "shutdown zod", "result": {"exit_code": 0, "forced": false}}
{"utc": "2026-09-26T17:28:05Z", "command": "shutdown bus", "result": {"exit_code": 0, "forced": false}}
{"utc": "2026-09-26T17:28:05Z", "command": "shutdown nec", "result": {"exit_code": 0, "forced": false}}
{"utc": "2026-09-26T17:28:05Z", "command": "shutdown bud", "result": {"exit_code": 0, "forced": false}}
{"utc": "2026-09-26T17:28:07Z", "command": "launch zod", "result": {"argv": ["/runtime/bin/vere-v4.6-linux-x86_64", "-t", "-L", "--no-dock", "--loom", "31", "-b", "127.0.0.1", "--http-port", "18080", "/state/live/zod"], "pid": 46}}
{"utc": "2026-09-26T17:28:10Z", "command": "zod: zuse", "result": "%408\n"}
{"utc": "2026-09-26T17:28:10Z", "command": "launch bus", "result": {"argv": ["/runtime/bin/vere-v4.6-linux-x86_64", "-t", "-L", "--no-dock", "--loom", "31", "-b", "127.0.0.1", "--http-port", "18081", "/state/live/bus"], "pid": 53}}
{"utc": "2026-09-26T17:28:15Z", "command": "bus: zuse", "result": "%408\n"}
{"utc": "2026-09-26T17:28:15Z", "command": "launch nec", "result": {"argv": ["/runtime/bin/vere-v4.6-linux-x86_64", "-t", "-L", "--no-dock", "--loom", "31", "-b", "127.0.0.1", "--http-port", "18082", "/state/live/nec"], "pid": 60}}
{"utc": "2026-09-26T17:28:18Z", "command": "nec: zuse", "result": "%408\n"}
{"utc": "2026-09-26T17:28:18Z", "command": "launch bud", "result": {"argv": ["/runtime/bin/vere-v4.6-linux-x86_64", "-t", "-L", "--no-dock", "--loom", "31", "-b", "127.0.0.1", "--http-port", "18083", "/state/live/bud"], "pid": 67}}
{"utc": "2026-09-26T17:28:21Z", "command": "bud: zuse", "result": "%408\n"}
{"utc": "2026-09-26T17:37:59Z", "command": "execution guard stopped", "result": {"error": "Execution STOP is terminal"}}
Traceback (most recent call last):
  File "/code/core_test.py", line 462, in run
    check('all-qa-native-cases-executed-without-failure', len(expected_cases)==148
    ~~~~~^^^^^^^^^^^^^^^^^^^^^^^^^^^^^^^^^^^^^^^^^^^^^^^^^^^^^^^^^^^^^^^^^^^^^^^^^
          and [c['name'] for c in report['qa']['cases']]==expected_cases
          ^^^^^^^^^^^^^^^^^^^^^^^^^^^^^^^^^^^^^^^^^^^^^^^^^^^^^^^^^^^^^^
          and sum(outcomes.values())==len(expected_cases)
          ^^^^^^^^^^^^^^^^^^^^^^^^^^^^^^^^^^^^^^^^^^^^^^^
          and not outcomes.get('failed') and not outcomes.get('not_run'))
          ^^^^^^^^^^^^^^^^^^^^^^^^^^^^^^^^^^^^^^^^^^^^^^^^^^^^^^^^^^^^^^^
  File "/code/core_test.py", line 137, in check
    raise AssertionError(name)
AssertionError: all-qa-native-cases-executed-without-failure
{"utc": "2026-09-26T17:38:00Z", "command": "shutdown zod", "result": {"exit_code": 0, "forced": false}}
{"utc": "2026-09-26T17:38:00Z", "command": "shutdown bus", "result": {"exit_code": 0, "forced": false}}
{"utc": "2026-09-26T17:38:00Z", "command": "shutdown nec", "result": {"exit_code": 0, "forced": false}}
{"utc": "2026-09-26T17:38:00Z", "command": "shutdown bud", "result": {"exit_code": 0, "forced": false}}
{"guard_status": "failed", "guard_report": "/home/skilgore/stead-urbit/.runtime/execution-runs/four-fakes-wz6jgduh/report.json"}
FAIL: Guarded supervisor stopped without clean completion: GuardError: Thermal ceiling reached
{"utc": "2026-09-26T18:09:07Z", "command": "launch zod", "result": {"argv": ["/runtime/bin/vere-v4.6-linux-x86_64", "-t", "-L", "--no-dock", "--loom", "31", "-b", "127.0.0.1", "--http-port", "18080", "/state/live/zod"], "pid": 5}}
{"utc": "2026-09-26T18:09:10Z", "command": "zod: zuse", "result": "%408\n"}
{"utc": "2026-09-26T18:09:10Z", "command": "zod: |mount %base", "result": ">="}
{"utc": "2026-09-26T18:09:10Z", "command": "launch bus", "result": {"argv": ["/runtime/bin/vere-v4.6-linux-x86_64", "-t", "-L", "--no-dock", "--loom", "31", "-b", "127.0.0.1", "--http-port", "18081", "/state/live/bus"], "pid": 17}}
{"utc": "2026-09-26T18:09:13Z", "command": "bus: zuse", "result": "%408\n"}
{"utc": "2026-09-26T18:09:13Z", "command": "bus: |mount %base", "result": ">="}
{"utc": "2026-09-26T18:09:13Z", "command": "launch nec", "result": {"argv": ["/runtime/bin/vere-v4.6-linux-x86_64", "-t", "-L", "--no-dock", "--loom", "31", "-b", "127.0.0.1", "--http-port", "18082", "/state/live/nec"], "pid": 27}}
{"utc": "2026-09-26T18:09:16Z", "command": "nec: zuse", "result": "%408\n"}
{"utc": "2026-09-26T18:09:16Z", "command": "nec: |mount %base", "result": ">="}
{"utc": "2026-09-26T18:09:16Z", "command": "launch bud", "result": {"argv": ["/runtime/bin/vere-v4.6-linux-x86_64", "-t", "-L", "--no-dock", "--loom", "31", "-b", "127.0.0.1", "--http-port", "18083", "/state/live/bud"], "pid": 37}}
{"utc": "2026-09-26T18:09:19Z", "command": "bud: zuse", "result": "%408\n"}
{"utc": "2026-09-26T18:09:19Z", "command": "bud: |mount %base", "result": ">="}
{"utc": "2026-09-26T18:09:35Z", "command": "shutdown zod", "result": {"exit_code": 0, "forced": false}}
{"utc": "2026-09-26T18:09:35Z", "command": "shutdown bus", "result": {"exit_code": 0, "forced": false}}
{"utc": "2026-09-26T18:09:35Z", "command": "shutdown nec", "result": {"exit_code": 0, "forced": false}}
{"utc": "2026-09-26T18:09:39Z", "command": "shutdown bud", "result": {"exit_code": 0, "forced": false}}
{"utc": "2026-09-26T18:09:41Z", "command": "launch zod", "result": {"argv": ["/runtime/bin/vere-v4.6-linux-x86_64", "-t", "-L", "--no-dock", "--loom", "31", "-b", "127.0.0.1", "--http-port", "18080", "/state/live/zod"], "pid": 56}}
{"utc": "2026-09-26T18:09:44Z", "command": "zod: zuse", "result": "%408\n"}
{"utc": "2026-09-26T18:09:44Z", "command": "launch bus", "result": {"argv": ["/runtime/bin/vere-v4.6-linux-x86_64", "-t", "-L", "--no-dock", "--loom", "31", "-b", "127.0.0.1", "--http-port", "18081", "/state/live/bus"], "pid": 63}}
{"utc": "2026-09-26T18:09:47Z", "command": "bus: zuse", "result": "%408\n"}
{"utc": "2026-09-26T18:09:47Z", "command": "launch nec", "result": {"argv": ["/runtime/bin/vere-v4.6-linux-x86_64", "-t", "-L", "--no-dock", "--loom", "31", "-b", "127.0.0.1", "--http-port", "18082", "/state/live/nec"], "pid": 70}}
{"utc": "2026-09-26T18:09:50Z", "command": "nec: zuse", "result": "%408\n"}
{"utc": "2026-09-26T18:09:50Z", "command": "launch bud", "result": {"argv": ["/runtime/bin/vere-v4.6-linux-x86_64", "-t", "-L", "--no-dock", "--loom", "31", "-b", "127.0.0.1", "--http-port", "18083", "/state/live/bud"], "pid": 77}}
{"utc": "2026-09-26T18:09:54Z", "command": "bud: zuse", "result": "%408\n"}
{"utc": "2026-09-26T18:11:14Z", "command": "shutdown zod", "result": {"exit_code": 0, "forced": false}}
{"utc": "2026-09-26T18:11:14Z", "command": "shutdown bus", "result": {"exit_code": 0, "forced": false}}
{"utc": "2026-09-26T18:11:14Z", "command": "shutdown nec", "result": {"exit_code": 0, "forced": false}}
{"utc": "2026-09-26T18:11:14Z", "command": "shutdown bud", "result": {"exit_code": 0, "forced": false}}
{"utc": "2026-09-26T18:11:14Z", "command": "shutdown zod", "result": {"exit_code": 0, "forced": false}}
{"utc": "2026-09-26T18:11:14Z", "command": "shutdown bus", "result": {"exit_code": 0, "forced": false}}
{"utc": "2026-09-26T18:11:14Z", "command": "shutdown nec", "result": {"exit_code": 0, "forced": false}}
{"utc": "2026-09-26T18:11:14Z", "command": "shutdown bud", "result": {"exit_code": 0, "forced": false}}
{"guard_status": "completed", "guard_report": "/home/skilgore/stead-urbit/.runtime/execution-runs/four-fakes-c9nvo13g/report.json"}
{"utc": "2026-09-26T18:17:30Z", "command": "launch zod", "result": {"argv": ["/runtime/bin/vere-v4.6-linux-x86_64", "-t", "-L", "--no-dock", "--loom", "31", "-b", "127.0.0.1", "--http-port", "18080", "/state/live/zod"], "pid": 5}}
{"utc": "2026-09-26T18:17:31Z", "command": "zod: zuse", "result": "%408\n"}
{"utc": "2026-09-26T18:17:32Z", "command": "zod: |mount %base", "result": ">="}
{"utc": "2026-09-26T18:17:32Z", "command": "launch bus", "result": {"argv": ["/runtime/bin/vere-v4.6-linux-x86_64", "-t", "-L", "--no-dock", "--loom", "31", "-b", "127.0.0.1", "--http-port", "18081", "/state/live/bus"], "pid": 15}}
{"utc": "2026-09-26T18:17:33Z", "command": "bus: zuse", "result": "%408\n"}
{"utc": "2026-09-26T18:17:33Z", "command": "bus: |mount %base", "result": ">="}
{"utc": "2026-09-26T18:17:33Z", "command": "launch nec", "result": {"argv": ["/runtime/bin/vere-v4.6-linux-x86_64", "-t", "-L", "--no-dock", "--loom", "31", "-b", "127.0.0.1", "--http-port", "18082", "/state/live/nec"], "pid": 23}}
{"utc": "2026-09-26T18:17:35Z", "command": "nec: zuse", "result": "%408\n"}
{"utc": "2026-09-26T18:17:35Z", "command": "nec: |mount %base", "result": ">="}
{"utc": "2026-09-26T18:17:35Z", "command": "launch bud", "result": {"argv": ["/runtime/bin/vere-v4.6-linux-x86_64", "-t", "-L", "--no-dock", "--loom", "31", "-b", "127.0.0.1", "--http-port", "18083", "/state/live/bud"], "pid": 32}}
{"utc": "2026-09-26T18:17:36Z", "command": "bud: zuse", "result": "%408\n"}
{"utc": "2026-09-26T18:17:36Z", "command": "bud: |mount %base", "result": ">="}
{"utc": "2026-09-26T18:17:38Z", "command": "shutdown zod", "result": {"exit_code": 0, "forced": false}}
{"utc": "2026-09-26T18:17:38Z", "command": "shutdown bus", "result": {"exit_code": 0, "forced": false}}
{"utc": "2026-09-26T18:17:38Z", "command": "shutdown nec", "result": {"exit_code": 0, "forced": false}}
{"utc": "2026-09-26T18:17:38Z", "command": "shutdown bud", "result": {"exit_code": 0, "forced": false}}
{"utc": "2026-09-26T18:17:40Z", "command": "launch zod", "result": {"argv": ["/runtime/bin/vere-v4.6-linux-x86_64", "-t", "-L", "--no-dock", "--loom", "31", "-b", "127.0.0.1", "--http-port", "18080", "/state/live/zod"], "pid": 42}}
{"utc": "2026-09-26T18:17:43Z", "command": "zod: zuse", "result": "%408\n"}
{"utc": "2026-09-26T18:17:43Z", "command": "launch bus", "result": {"argv": ["/runtime/bin/vere-v4.6-linux-x86_64", "-t", "-L", "--no-dock", "--loom", "31", "-b", "127.0.0.1", "--http-port", "18081", "/state/live/bus"], "pid": 49}}
{"utc": "2026-09-26T18:17:49Z", "command": "bus: zuse", "result": "%408\n"}
{"utc": "2026-09-26T18:17:49Z", "command": "launch nec", "result": {"argv": ["/runtime/bin/vere-v4.6-linux-x86_64", "-t", "-L", "--no-dock", "--loom", "31", "-b", "127.0.0.1", "--http-port", "18082", "/state/live/nec"], "pid": 56}}
{"utc": "2026-09-26T18:17:53Z", "command": "nec: zuse", "result": "%408\n"}
{"utc": "2026-09-26T18:17:53Z", "command": "launch bud", "result": {"argv": ["/runtime/bin/vere-v4.6-linux-x86_64", "-t", "-L", "--no-dock", "--loom", "31", "-b", "127.0.0.1", "--http-port", "18083", "/state/live/bud"], "pid": 63}}
{"utc": "2026-09-26T18:17:56Z", "command": "bud: zuse", "result": "%408\n"}
{"utc": "2026-09-26T18:18:17Z", "command": "requested fixture stop", "result": {"error": null}}
{"utc": "2026-09-26T18:18:19Z", "command": "shutdown zod", "result": {"exit_code": 0, "forced": false}}
{"utc": "2026-09-26T18:18:19Z", "command": "shutdown bus", "result": {"exit_code": 0, "forced": false}}
{"utc": "2026-09-26T18:18:19Z", "command": "shutdown nec", "result": {"exit_code": 0, "forced": false}}
{"utc": "2026-09-26T18:18:20Z", "command": "shutdown bud", "result": {"exit_code": 0, "forced": false}}
{"utc": "2026-09-26T18:18:20Z", "command": "shutdown zod", "result": {"exit_code": 0, "forced": false}}
{"utc": "2026-09-26T18:18:20Z", "command": "shutdown bus", "result": {"exit_code": 0, "forced": false}}
{"utc": "2026-09-26T18:18:20Z", "command": "shutdown nec", "result": {"exit_code": 0, "forced": false}}
{"utc": "2026-09-26T18:18:20Z", "command": "shutdown bud", "result": {"exit_code": 0, "forced": false}}
{"guard_status": "completed", "guard_report": "/home/skilgore/stead-urbit/.runtime/execution-runs/four-fakes-ix6ego3g/report.json"}
{"utc": "2026-09-26T18:20:04Z", "command": "launch zod", "result": {"argv": ["/runtime/bin/vere-v4.6-linux-x86_64", "-t", "-L", "--no-dock", "--loom", "31", "-b", "127.0.0.1", "--http-port", "18080", "/state/live/zod"], "pid": 5}}
{"utc": "2026-09-26T18:20:05Z", "command": "zod: zuse", "result": "%408\n"}
{"utc": "2026-09-26T18:20:05Z", "command": "zod: |mount %base", "result": ">="}
{"utc": "2026-09-26T18:20:05Z", "command": "launch bus", "result": {"argv": ["/runtime/bin/vere-v4.6-linux-x86_64", "-t", "-L", "--no-dock", "--loom", "31", "-b", "127.0.0.1", "--http-port", "18081", "/state/live/bus"], "pid": 15}}
{"utc": "2026-09-26T18:20:07Z", "command": "bus: zuse", "result": "%408\n"}
{"utc": "2026-09-26T18:20:07Z", "command": "bus: |mount %base", "result": ">="}
{"utc": "2026-09-26T18:20:07Z", "command": "launch nec", "result": {"argv": ["/runtime/bin/vere-v4.6-linux-x86_64", "-t", "-L", "--no-dock", "--loom", "31", "-b", "127.0.0.1", "--http-port", "18082", "/state/live/nec"], "pid": 25}}
{"utc": "2026-09-26T18:20:08Z", "command": "nec: zuse", "result": "%408\n"}
{"utc": "2026-09-26T18:20:08Z", "command": "nec: |mount %base", "result": ">="}
{"utc": "2026-09-26T18:20:08Z", "command": "launch bud", "result": {"argv": ["/runtime/bin/vere-v4.6-linux-x86_64", "-t", "-L", "--no-dock", "--loom", "31", "-b", "127.0.0.1", "--http-port", "18083", "/state/live/bud"], "pid": 33}}
{"utc": "2026-09-26T18:20:10Z", "command": "bud: zuse", "result": "%408\n"}
{"utc": "2026-09-26T18:20:10Z", "command": "bud: |mount %base", "result": ">="}
{"utc": "2026-09-26T18:20:26Z", "command": "shutdown zod", "result": {"exit_code": 0, "forced": false}}
{"utc": "2026-09-26T18:20:26Z", "command": "shutdown bus", "result": {"exit_code": 0, "forced": false}}
{"utc": "2026-09-26T18:20:26Z", "command": "shutdown nec", "result": {"exit_code": 0, "forced": false}}
{"utc": "2026-09-26T18:20:31Z", "command": "shutdown bud", "result": {"exit_code": 0, "forced": false}}
{"utc": "2026-09-26T18:20:33Z", "command": "launch zod", "result": {"argv": ["/runtime/bin/vere-v4.6-linux-x86_64", "-t", "-L", "--no-dock", "--loom", "31", "-b", "127.0.0.1", "--http-port", "18080", "/state/live/zod"], "pid": 51}}
{"utc": "2026-09-26T18:20:36Z", "command": "zod: zuse", "result": "%408\n"}
{"utc": "2026-09-26T18:20:36Z", "command": "launch bus", "result": {"argv": ["/runtime/bin/vere-v4.6-linux-x86_64", "-t", "-L", "--no-dock", "--loom", "31", "-b", "127.0.0.1", "--http-port", "18081", "/state/live/bus"], "pid": 58}}
{"utc": "2026-09-26T18:20:40Z", "command": "bus: zuse", "result": "%408\n"}
{"utc": "2026-09-26T18:20:40Z", "command": "launch nec", "result": {"argv": ["/runtime/bin/vere-v4.6-linux-x86_64", "-t", "-L", "--no-dock", "--loom", "31", "-b", "127.0.0.1", "--http-port", "18082", "/state/live/nec"], "pid": 65}}
{"utc": "2026-09-26T18:20:44Z", "command": "nec: zuse", "result": "%408\n"}
{"utc": "2026-09-26T18:20:44Z", "command": "launch bud", "result": {"argv": ["/runtime/bin/vere-v4.6-linux-x86_64", "-t", "-L", "--no-dock", "--loom", "31", "-b", "127.0.0.1", "--http-port", "18083", "/state/live/bud"], "pid": 72}}
{"utc": "2026-09-26T18:20:47Z", "command": "bud: zuse", "result": "%408\n"}
{"utc": "2026-09-26T18:20:56Z", "command": "shutdown zod", "result": {"exit_code": 0, "forced": false}}
{"utc": "2026-09-26T18:20:56Z", "command": "shutdown bus", "result": {"exit_code": 0, "forced": false}}
{"utc": "2026-09-26T18:20:56Z", "command": "shutdown nec", "result": {"exit_code": 0, "forced": false}}
{"utc": "2026-09-26T18:20:57Z", "command": "shutdown bud", "result": {"exit_code": 0, "forced": false}}
{"utc": "2026-09-26T18:20:57Z", "command": "shutdown zod", "result": {"exit_code": 0, "forced": false}}
{"utc": "2026-09-26T18:20:57Z", "command": "shutdown bus", "result": {"exit_code": 0, "forced": false}}
{"utc": "2026-09-26T18:20:57Z", "command": "shutdown nec", "result": {"exit_code": 0, "forced": false}}
{"utc": "2026-09-26T18:20:57Z", "command": "shutdown bud", "result": {"exit_code": 0, "forced": false}}
{"guard_status": "completed", "guard_report": "/home/skilgore/stead-urbit/.runtime/execution-runs/four-fakes-hak6ikwe/report.json"}
{"utc": "2026-09-26T18:22:04Z", "command": "launch zod", "result": {"argv": ["/runtime/bin/vere-v4.6-linux-x86_64", "-t", "-L", "--no-dock", "--loom", "31", "-b", "127.0.0.1", "--http-port", "18080", "/state/live/zod"], "pid": 5}}
{"utc": "2026-09-26T18:22:05Z", "command": "zod: zuse", "result": "%408\n"}
{"utc": "2026-09-26T18:22:05Z", "command": "zod: |mount %base", "result": ">="}
{"utc": "2026-09-26T18:22:05Z", "command": "launch bus", "result": {"argv": ["/runtime/bin/vere-v4.6-linux-x86_64", "-t", "-L", "--no-dock", "--loom", "31", "-b", "127.0.0.1", "--http-port", "18081", "/state/live/bus"], "pid": 15}}
{"utc": "2026-09-26T18:22:06Z", "command": "bus: zuse", "result": "%408\n"}
{"utc": "2026-09-26T18:22:06Z", "command": "bus: |mount %base", "result": ">="}
{"utc": "2026-09-26T18:22:06Z", "command": "launch nec", "result": {"argv": ["/runtime/bin/vere-v4.6-linux-x86_64", "-t", "-L", "--no-dock", "--loom", "31", "-b", "127.0.0.1", "--http-port", "18082", "/state/live/nec"], "pid": 24}}
{"utc": "2026-09-26T18:22:07Z", "command": "nec: zuse", "result": "%408\n"}
{"utc": "2026-09-26T18:22:07Z", "command": "nec: |mount %base", "result": ">="}
{"utc": "2026-09-26T18:22:07Z", "command": "launch bud", "result": {"argv": ["/runtime/bin/vere-v4.6-linux-x86_64", "-t", "-L", "--no-dock", "--loom", "31", "-b", "127.0.0.1", "--http-port", "18083", "/state/live/bud"], "pid": 32}}
{"utc": "2026-09-26T18:22:09Z", "command": "bud: zuse", "result": "%408\n"}
{"utc": "2026-09-26T18:22:10Z", "command": "bud: |mount %base", "result": ">="}
{"utc": "2026-09-26T18:22:25Z", "command": "shutdown zod", "result": {"exit_code": 0, "forced": false}}
{"utc": "2026-09-26T18:22:25Z", "command": "shutdown bus", "result": {"exit_code": 0, "forced": false}}
{"utc": "2026-09-26T18:22:25Z", "command": "shutdown nec", "result": {"exit_code": 0, "forced": false}}
{"utc": "2026-09-26T18:22:29Z", "command": "shutdown bud", "result": {"exit_code": 0, "forced": false}}
{"utc": "2026-09-26T18:22:31Z", "command": "launch zod", "result": {"argv": ["/runtime/bin/vere-v4.6-linux-x86_64", "-t", "-L", "--no-dock", "--loom", "31", "-b", "127.0.0.1", "--http-port", "18080", "/state/live/zod"], "pid": 50}}
{"utc": "2026-09-26T18:22:35Z", "command": "zod: zuse", "result": "%408\n"}
{"utc": "2026-09-26T18:22:35Z", "command": "launch bus", "result": {"argv": ["/runtime/bin/vere-v4.6-linux-x86_64", "-t", "-L", "--no-dock", "--loom", "31", "-b", "127.0.0.1", "--http-port", "18081", "/state/live/bus"], "pid": 57}}
{"utc": "2026-09-26T18:22:38Z", "command": "bus: zuse", "result": "%408\n"}
{"utc": "2026-09-26T18:22:38Z", "command": "launch nec", "result": {"argv": ["/runtime/bin/vere-v4.6-linux-x86_64", "-t", "-L", "--no-dock", "--loom", "31", "-b", "127.0.0.1", "--http-port", "18082", "/state/live/nec"], "pid": 64}}
{"utc": "2026-09-26T18:22:41Z", "command": "nec: zuse", "result": "%408\n"}
{"utc": "2026-09-26T18:22:41Z", "command": "launch bud", "result": {"argv": ["/runtime/bin/vere-v4.6-linux-x86_64", "-t", "-L", "--no-dock", "--loom", "31", "-b", "127.0.0.1", "--http-port", "18083", "/state/live/bud"], "pid": 71}}
{"utc": "2026-09-26T18:22:44Z", "command": "bud: zuse", "result": "%408\n"}
{"utc": "2026-09-26T18:22:52Z", "command": "shutdown zod", "result": {"exit_code": 0, "forced": false}}
{"utc": "2026-09-26T18:22:52Z", "command": "shutdown bus", "result": {"exit_code": 0, "forced": false}}
{"utc": "2026-09-26T18:22:52Z", "command": "shutdown nec", "result": {"exit_code": 0, "forced": false}}
{"utc": "2026-09-26T18:22:54Z", "command": "shutdown bud", "result": {"exit_code": 0, "forced": false}}
{"utc": "2026-09-26T18:22:54Z", "command": "shutdown zod", "result": {"exit_code": 0, "forced": false}}
{"utc": "2026-09-26T18:22:54Z", "command": "shutdown bus", "result": {"exit_code": 0, "forced": false}}
{"utc": "2026-09-26T18:22:54Z", "command": "shutdown nec", "result": {"exit_code": 0, "forced": false}}
{"utc": "2026-09-26T18:22:54Z", "command": "shutdown bud", "result": {"exit_code": 0, "forced": false}}
{"guard_status": "completed", "guard_report": "/home/skilgore/stead-urbit/.runtime/execution-runs/four-fakes-_gkq44_m/report.json"}
{"utc": "2026-09-26T18:23:30Z", "command": "launch zod", "result": {"argv": ["/runtime/bin/vere-v4.6-linux-x86_64", "-t", "-L", "--no-dock", "--loom", "31", "-b", "127.0.0.1", "--http-port", "18080", "/state/live/zod"], "pid": 5}}
{"utc": "2026-09-26T18:23:33Z", "command": "zod: zuse", "result": "%408\n"}
{"utc": "2026-09-26T18:23:33Z", "command": "zod: |mount %base", "result": ">="}
{"utc": "2026-09-26T18:23:33Z", "command": "launch bus", "result": {"argv": ["/runtime/bin/vere-v4.6-linux-x86_64", "-t", "-L", "--no-dock", "--loom", "31", "-b", "127.0.0.1", "--http-port", "18081", "/state/live/bus"], "pid": 17}}
{"utc": "2026-09-26T18:23:34Z", "command": "bus: zuse", "result": "%408\n"}
{"utc": "2026-09-26T18:23:34Z", "command": "bus: |mount %base", "result": ">="}
{"utc": "2026-09-26T18:23:34Z", "command": "launch nec", "result": {"argv": ["/runtime/bin/vere-v4.6-linux-x86_64", "-t", "-L", "--no-dock", "--loom", "31", "-b", "127.0.0.1", "--http-port", "18082", "/state/live/nec"], "pid": 25}}
{"utc": "2026-09-26T18:23:36Z", "command": "nec: zuse", "result": "%408\n"}
{"utc": "2026-09-26T18:23:36Z", "command": "nec: |mount %base", "result": ">="}
{"utc": "2026-09-26T18:23:36Z", "command": "launch bud", "result": {"argv": ["/runtime/bin/vere-v4.6-linux-x86_64", "-t", "-L", "--no-dock", "--loom", "31", "-b", "127.0.0.1", "--http-port", "18083", "/state/live/bud"], "pid": 35}}
{"utc": "2026-09-26T18:23:38Z", "command": "bud: zuse", "result": "%408\n"}
{"utc": "2026-09-26T18:23:39Z", "command": "bud: |mount %base", "result": ">="}
{"utc": "2026-09-26T18:23:54Z", "command": "shutdown zod", "result": {"exit_code": 0, "forced": false}}
{"utc": "2026-09-26T18:23:54Z", "command": "shutdown bus", "result": {"exit_code": 0, "forced": false}}
{"utc": "2026-09-26T18:23:54Z", "command": "shutdown nec", "result": {"exit_code": 0, "forced": false}}
{"utc": "2026-09-26T18:23:58Z", "command": "shutdown bud", "result": {"exit_code": 0, "forced": false}}
{"utc": "2026-09-26T18:24:00Z", "command": "launch zod", "result": {"argv": ["/runtime/bin/vere-v4.6-linux-x86_64", "-t", "-L", "--no-dock", "--loom", "31", "-b", "127.0.0.1", "--http-port", "18080", "/state/live/zod"], "pid": 53}}
{"utc": "2026-09-26T18:24:05Z", "command": "zod: zuse", "result": "%408\n"}
{"utc": "2026-09-26T18:24:05Z", "command": "launch bus", "result": {"argv": ["/runtime/bin/vere-v4.6-linux-x86_64", "-t", "-L", "--no-dock", "--loom", "31", "-b", "127.0.0.1", "--http-port", "18081", "/state/live/bus"], "pid": 60}}
{"utc": "2026-09-26T18:24:08Z", "command": "bus: zuse", "result": "%408\n"}
{"utc": "2026-09-26T18:24:08Z", "command": "launch nec", "result": {"argv": ["/runtime/bin/vere-v4.6-linux-x86_64", "-t", "-L", "--no-dock", "--loom", "31", "-b", "127.0.0.1", "--http-port", "18082", "/state/live/nec"], "pid": 67}}
{"utc": "2026-09-26T18:24:11Z", "command": "nec: zuse", "result": "%408\n"}
{"utc": "2026-09-26T18:24:11Z", "command": "launch bud", "result": {"argv": ["/runtime/bin/vere-v4.6-linux-x86_64", "-t", "-L", "--no-dock", "--loom", "31", "-b", "127.0.0.1", "--http-port", "18083", "/state/live/bud"], "pid": 74}}
{"utc": "2026-09-26T18:24:14Z", "command": "bud: zuse", "result": "%408\n"}
{"utc": "2026-09-26T18:24:23Z", "command": "shutdown zod", "result": {"exit_code": 0, "forced": false}}
{"utc": "2026-09-26T18:24:23Z", "command": "shutdown bus", "result": {"exit_code": 0, "forced": false}}
{"utc": "2026-09-26T18:24:23Z", "command": "shutdown nec", "result": {"exit_code": 0, "forced": false}}
{"utc": "2026-09-26T18:24:25Z", "command": "shutdown bud", "result": {"exit_code": 0, "forced": false}}
{"utc": "2026-09-26T18:24:25Z", "command": "shutdown zod", "result": {"exit_code": 0, "forced": false}}
{"utc": "2026-09-26T18:24:25Z", "command": "shutdown bus", "result": {"exit_code": 0, "forced": false}}
{"utc": "2026-09-26T18:24:25Z", "command": "shutdown nec", "result": {"exit_code": 0, "forced": false}}
{"utc": "2026-09-26T18:24:25Z", "command": "shutdown bud", "result": {"exit_code": 0, "forced": false}}
{"guard_status": "completed", "guard_report": "/home/skilgore/stead-urbit/.runtime/execution-runs/four-fakes-xlrzi3e2/report.json"}
{"utc": "2026-09-26T18:24:58Z", "command": "launch zod", "result": {"argv": ["/runtime/bin/vere-v4.6-linux-x86_64", "-t", "-L", "--no-dock", "--loom", "31", "-b", "127.0.0.1", "--http-port", "18080", "/state/live/zod"], "pid": 5}}
{"utc": "2026-09-26T18:25:00Z", "command": "zod: zuse", "result": "%408\n"}
{"utc": "2026-09-26T18:25:00Z", "command": "zod: |mount %base", "result": ">="}
{"utc": "2026-09-26T18:25:00Z", "command": "launch bus", "result": {"argv": ["/runtime/bin/vere-v4.6-linux-x86_64", "-t", "-L", "--no-dock", "--loom", "31", "-b", "127.0.0.1", "--http-port", "18081", "/state/live/bus"], "pid": 15}}
{"utc": "2026-09-26T18:25:01Z", "command": "bus: zuse", "result": "%408\n"}
{"utc": "2026-09-26T18:25:01Z", "command": "bus: |mount %base", "result": ">="}
{"utc": "2026-09-26T18:25:01Z", "command": "launch nec", "result": {"argv": ["/runtime/bin/vere-v4.6-linux-x86_64", "-t", "-L", "--no-dock", "--loom", "31", "-b", "127.0.0.1", "--http-port", "18082", "/state/live/nec"], "pid": 24}}
{"utc": "2026-09-26T18:25:02Z", "command": "nec: zuse", "result": "%408\n"}
{"utc": "2026-09-26T18:25:02Z", "command": "nec: |mount %base", "result": ">="}
{"utc": "2026-09-26T18:25:02Z", "command": "launch bud", "result": {"argv": ["/runtime/bin/vere-v4.6-linux-x86_64", "-t", "-L", "--no-dock", "--loom", "31", "-b", "127.0.0.1", "--http-port", "18083", "/state/live/bud"], "pid": 32}}
{"utc": "2026-09-26T18:25:04Z", "command": "bud: zuse", "result": "%408\n"}
{"utc": "2026-09-26T18:25:04Z", "command": "bud: |mount %base", "result": ">="}
{"utc": "2026-09-26T18:25:20Z", "command": "shutdown zod", "result": {"exit_code": 0, "forced": false}}
{"utc": "2026-09-26T18:25:20Z", "command": "shutdown bus", "result": {"exit_code": 0, "forced": false}}
{"utc": "2026-09-26T18:25:20Z", "command": "shutdown nec", "result": {"exit_code": 0, "forced": false}}
{"utc": "2026-09-26T18:25:23Z", "command": "shutdown bud", "result": {"exit_code": 0, "forced": false}}
{"utc": "2026-09-26T18:25:25Z", "command": "launch zod", "result": {"argv": ["/runtime/bin/vere-v4.6-linux-x86_64", "-t", "-L", "--no-dock", "--loom", "31", "-b", "127.0.0.1", "--http-port", "18080", "/state/live/zod"], "pid": 50}}
{"utc": "2026-09-26T18:25:31Z", "command": "zod: zuse", "result": "%408\n"}
{"utc": "2026-09-26T18:25:31Z", "command": "launch bus", "result": {"argv": ["/runtime/bin/vere-v4.6-linux-x86_64", "-t", "-L", "--no-dock", "--loom", "31", "-b", "127.0.0.1", "--http-port", "18081", "/state/live/bus"], "pid": 57}}
{"utc": "2026-09-26T18:25:34Z", "command": "bus: zuse", "result": "%408\n"}
{"utc": "2026-09-26T18:25:34Z", "command": "launch nec", "result": {"argv": ["/runtime/bin/vere-v4.6-linux-x86_64", "-t", "-L", "--no-dock", "--loom", "31", "-b", "127.0.0.1", "--http-port", "18082", "/state/live/nec"], "pid": 64}}
{"utc": "2026-09-26T18:25:37Z", "command": "nec: zuse", "result": "%408\n"}
{"utc": "2026-09-26T18:25:37Z", "command": "launch bud", "result": {"argv": ["/runtime/bin/vere-v4.6-linux-x86_64", "-t", "-L", "--no-dock", "--loom", "31", "-b", "127.0.0.1", "--http-port", "18083", "/state/live/bud"], "pid": 71}}
{"utc": "2026-09-26T18:25:40Z", "command": "bud: zuse", "result": "%408\n"}
{"utc": "2026-09-26T18:25:49Z", "command": "shutdown zod", "result": {"exit_code": 0, "forced": false}}
{"utc": "2026-09-26T18:25:49Z", "command": "shutdown bus", "result": {"exit_code": 0, "forced": false}}
{"utc": "2026-09-26T18:25:49Z", "command": "shutdown nec", "result": {"exit_code": 0, "forced": false}}
{"utc": "2026-09-26T18:25:51Z", "command": "shutdown bud", "result": {"exit_code": 0, "forced": false}}
{"utc": "2026-09-26T18:25:51Z", "command": "shutdown zod", "result": {"exit_code": 0, "forced": false}}
{"utc": "2026-09-26T18:25:51Z", "command": "shutdown bus", "result": {"exit_code": 0, "forced": false}}
{"utc": "2026-09-26T18:25:51Z", "command": "shutdown nec", "result": {"exit_code": 0, "forced": false}}
{"utc": "2026-09-26T18:25:51Z", "command": "shutdown bud", "result": {"exit_code": 0, "forced": false}}
{"guard_status": "completed", "guard_report": "/home/skilgore/stead-urbit/.runtime/execution-runs/four-fakes-4auuvy87/report.json"}
{"utc": "2026-09-26T18:26:26Z", "command": "launch zod", "result": {"argv": ["/runtime/bin/vere-v4.6-linux-x86_64", "-t", "-L", "--no-dock", "--loom", "31", "-b", "127.0.0.1", "--http-port", "18080", "/state/live/zod"], "pid": 5}}
{"utc": "2026-09-26T18:26:29Z", "command": "zod: zuse", "result": "%408\n"}
{"utc": "2026-09-26T18:26:29Z", "command": "zod: |mount %base", "result": ">="}
{"utc": "2026-09-26T18:26:29Z", "command": "launch bus", "result": {"argv": ["/runtime/bin/vere-v4.6-linux-x86_64", "-t", "-L", "--no-dock", "--loom", "31", "-b", "127.0.0.1", "--http-port", "18081", "/state/live/bus"], "pid": 16}}
{"utc": "2026-09-26T18:26:30Z", "command": "bus: zuse", "result": "%408\n"}
{"utc": "2026-09-26T18:26:30Z", "command": "bus: |mount %base", "result": ">="}
{"utc": "2026-09-26T18:26:30Z", "command": "launch nec", "result": {"argv": ["/runtime/bin/vere-v4.6-linux-x86_64", "-t", "-L", "--no-dock", "--loom", "31", "-b", "127.0.0.1", "--http-port", "18082", "/state/live/nec"], "pid": 24}}
{"utc": "2026-09-26T18:26:31Z", "command": "nec: zuse", "result": "%408\n"}
{"utc": "2026-09-26T18:26:31Z", "command": "nec: |mount %base", "result": ">="}
{"utc": "2026-09-26T18:26:31Z", "command": "launch bud", "result": {"argv": ["/runtime/bin/vere-v4.6-linux-x86_64", "-t", "-L", "--no-dock", "--loom", "31", "-b", "127.0.0.1", "--http-port", "18083", "/state/live/bud"], "pid": 33}}
{"utc": "2026-09-26T18:26:33Z", "command": "bud: zuse", "result": "%408\n"}
{"utc": "2026-09-26T18:26:34Z", "command": "bud: |mount %base", "result": ">="}
{"utc": "2026-09-26T18:26:49Z", "command": "shutdown zod", "result": {"exit_code": 0, "forced": false}}
{"utc": "2026-09-26T18:26:49Z", "command": "shutdown bus", "result": {"exit_code": 0, "forced": false}}
{"utc": "2026-09-26T18:26:49Z", "command": "shutdown nec", "result": {"exit_code": 0, "forced": false}}
{"utc": "2026-09-26T18:26:52Z", "command": "shutdown bud", "result": {"exit_code": 0, "forced": false}}
{"utc": "2026-09-26T18:26:54Z", "command": "launch zod", "result": {"argv": ["/runtime/bin/vere-v4.6-linux-x86_64", "-t", "-L", "--no-dock", "--loom", "31", "-b", "127.0.0.1", "--http-port", "18080", "/state/live/zod"], "pid": 51}}
{"utc": "2026-09-26T18:26:58Z", "command": "zod: zuse", "result": "%408\n"}
{"utc": "2026-09-26T18:26:58Z", "command": "launch bus", "result": {"argv": ["/runtime/bin/vere-v4.6-linux-x86_64", "-t", "-L", "--no-dock", "--loom", "31", "-b", "127.0.0.1", "--http-port", "18081", "/state/live/bus"], "pid": 58}}
{"utc": "2026-09-26T18:27:02Z", "command": "bus: zuse", "result": "%408\n"}
{"utc": "2026-09-26T18:27:02Z", "command": "launch nec", "result": {"argv": ["/runtime/bin/vere-v4.6-linux-x86_64", "-t", "-L", "--no-dock", "--loom", "31", "-b", "127.0.0.1", "--http-port", "18082", "/state/live/nec"], "pid": 65}}
{"utc": "2026-09-26T18:27:05Z", "command": "nec: zuse", "result": "%408\n"}
{"utc": "2026-09-26T18:27:05Z", "command": "launch bud", "result": {"argv": ["/runtime/bin/vere-v4.6-linux-x86_64", "-t", "-L", "--no-dock", "--loom", "31", "-b", "127.0.0.1", "--http-port", "18083", "/state/live/bud"], "pid": 72}}
{"utc": "2026-09-26T18:27:08Z", "command": "bud: zuse", "result": "%408\n"}
{"utc": "2026-09-26T18:27:16Z", "command": "shutdown zod", "result": {"exit_code": 0, "forced": false}}
{"utc": "2026-09-26T18:27:16Z", "command": "shutdown bus", "result": {"exit_code": 0, "forced": false}}
{"utc": "2026-09-26T18:27:16Z", "command": "shutdown nec", "result": {"exit_code": 0, "forced": false}}
{"utc": "2026-09-26T18:27:18Z", "command": "shutdown bud", "result": {"exit_code": 0, "forced": false}}
{"utc": "2026-09-26T18:27:19Z", "command": "shutdown zod", "result": {"exit_code": 0, "forced": false}}
{"utc": "2026-09-26T18:27:19Z", "command": "shutdown bus", "result": {"exit_code": 0, "forced": false}}
{"utc": "2026-09-26T18:27:19Z", "command": "shutdown nec", "result": {"exit_code": 0, "forced": false}}
{"utc": "2026-09-26T18:27:19Z", "command": "shutdown bud", "result": {"exit_code": 0, "forced": false}}
{"guard_status": "completed", "guard_report": "/home/skilgore/stead-urbit/.runtime/execution-runs/four-fakes-o_gfvjwu/report.json"}
{"utc": "2026-09-26T18:27:49Z", "command": "launch zod", "result": {"argv": ["/runtime/bin/vere-v4.6-linux-x86_64", "-t", "-L", "--no-dock", "--loom", "31", "-b", "127.0.0.1", "--http-port", "18080", "/state/live/zod"], "pid": 5}}
{"utc": "2026-09-26T18:27:50Z", "command": "zod: zuse", "result": "%408\n"}
{"utc": "2026-09-26T18:27:50Z", "command": "zod: |mount %base", "result": ">="}
{"utc": "2026-09-26T18:27:50Z", "command": "launch bus", "result": {"argv": ["/runtime/bin/vere-v4.6-linux-x86_64", "-t", "-L", "--no-dock", "--loom", "31", "-b", "127.0.0.1", "--http-port", "18081", "/state/live/bus"], "pid": 15}}
{"utc": "2026-09-26T18:27:51Z", "command": "bus: zuse", "result": "%408\n"}
{"utc": "2026-09-26T18:27:52Z", "command": "bus: |mount %base", "result": ">="}
{"utc": "2026-09-26T18:27:52Z", "command": "launch nec", "result": {"argv": ["/runtime/bin/vere-v4.6-linux-x86_64", "-t", "-L", "--no-dock", "--loom", "31", "-b", "127.0.0.1", "--http-port", "18082", "/state/live/nec"], "pid": 24}}
{"utc": "2026-09-26T18:27:53Z", "command": "nec: zuse", "result": "%408\n"}
{"utc": "2026-09-26T18:27:53Z", "command": "nec: |mount %base", "result": ">="}
{"utc": "2026-09-26T18:27:53Z", "command": "launch bud", "result": {"argv": ["/runtime/bin/vere-v4.6-linux-x86_64", "-t", "-L", "--no-dock", "--loom", "31", "-b", "127.0.0.1", "--http-port", "18083", "/state/live/bud"], "pid": 32}}
{"utc": "2026-09-26T18:27:55Z", "command": "bud: zuse", "result": "%408\n"}
{"utc": "2026-09-26T18:27:55Z", "command": "bud: |mount %base", "result": ">="}
{"utc": "2026-09-26T18:28:11Z", "command": "shutdown zod", "result": {"exit_code": 0, "forced": false}}
{"utc": "2026-09-26T18:28:11Z", "command": "shutdown bus", "result": {"exit_code": 0, "forced": false}}
{"utc": "2026-09-26T18:28:11Z", "command": "shutdown nec", "result": {"exit_code": 0, "forced": false}}
{"utc": "2026-09-26T18:28:14Z", "command": "shutdown bud", "result": {"exit_code": 0, "forced": false}}
{"utc": "2026-09-26T18:28:16Z", "command": "launch zod", "result": {"argv": ["/runtime/bin/vere-v4.6-linux-x86_64", "-t", "-L", "--no-dock", "--loom", "31", "-b", "127.0.0.1", "--http-port", "18080", "/state/live/zod"], "pid": 50}}
{"utc": "2026-09-26T18:28:19Z", "command": "zod: zuse", "result": "%408\n"}
{"utc": "2026-09-26T18:28:19Z", "command": "launch bus", "result": {"argv": ["/runtime/bin/vere-v4.6-linux-x86_64", "-t", "-L", "--no-dock", "--loom", "31", "-b", "127.0.0.1", "--http-port", "18081", "/state/live/bus"], "pid": 57}}
{"utc": "2026-09-26T18:28:22Z", "command": "bus: zuse", "result": "%408\n"}
{"utc": "2026-09-26T18:28:22Z", "command": "launch nec", "result": {"argv": ["/runtime/bin/vere-v4.6-linux-x86_64", "-t", "-L", "--no-dock", "--loom", "31", "-b", "127.0.0.1", "--http-port", "18082", "/state/live/nec"], "pid": 64}}
{"utc": "2026-09-26T18:28:25Z", "command": "nec: zuse", "result": "%408\n"}
{"utc": "2026-09-26T18:28:25Z", "command": "launch bud", "result": {"argv": ["/runtime/bin/vere-v4.6-linux-x86_64", "-t", "-L", "--no-dock", "--loom", "31", "-b", "127.0.0.1", "--http-port", "18083", "/state/live/bud"], "pid": 71}}
{"utc": "2026-09-26T18:28:31Z", "command": "bud: zuse", "result": "%408\n"}
{"utc": "2026-09-26T18:28:39Z", "command": "shutdown zod", "result": {"exit_code": 0, "forced": false}}
{"utc": "2026-09-26T18:28:39Z", "command": "shutdown bus", "result": {"exit_code": 0, "forced": false}}
{"utc": "2026-09-26T18:28:39Z", "command": "shutdown nec", "result": {"exit_code": 0, "forced": false}}
{"utc": "2026-09-26T18:28:41Z", "command": "shutdown bud", "result": {"exit_code": 0, "forced": false}}
{"utc": "2026-09-26T18:28:41Z", "command": "shutdown zod", "result": {"exit_code": 0, "forced": false}}
{"utc": "2026-09-26T18:28:41Z", "command": "shutdown bus", "result": {"exit_code": 0, "forced": false}}
{"utc": "2026-09-26T18:28:41Z", "command": "shutdown nec", "result": {"exit_code": 0, "forced": false}}
{"utc": "2026-09-26T18:28:41Z", "command": "shutdown bud", "result": {"exit_code": 0, "forced": false}}
{"guard_status": "completed", "guard_report": "/home/skilgore/stead-urbit/.runtime/execution-runs/four-fakes-s4rg45ic/report.json"}
{"utc": "2026-09-26T18:29:21Z", "command": "launch zod", "result": {"argv": ["/runtime/bin/vere-v4.6-linux-x86_64", "-t", "-L", "--no-dock", "--loom", "31", "-b", "127.0.0.1", "--http-port", "18080", "/state/live/zod"], "pid": 5}}
{"utc": "2026-09-26T18:29:23Z", "command": "zod: zuse", "result": "%408\n"}
{"utc": "2026-09-26T18:29:23Z", "command": "zod: |mount %base", "result": ">="}
{"utc": "2026-09-26T18:29:23Z", "command": "launch bus", "result": {"argv": ["/runtime/bin/vere-v4.6-linux-x86_64", "-t", "-L", "--no-dock", "--loom", "31", "-b", "127.0.0.1", "--http-port", "18081", "/state/live/bus"], "pid": 15}}
{"utc": "2026-09-26T18:29:24Z", "command": "bus: zuse", "result": "%408\n"}
{"utc": "2026-09-26T18:29:24Z", "command": "bus: |mount %base", "result": ">="}
{"utc": "2026-09-26T18:29:24Z", "command": "launch nec", "result": {"argv": ["/runtime/bin/vere-v4.6-linux-x86_64", "-t", "-L", "--no-dock", "--loom", "31", "-b", "127.0.0.1", "--http-port", "18082", "/state/live/nec"], "pid": 24}}
{"utc": "2026-09-26T18:29:25Z", "command": "nec: zuse", "result": "%408\n"}
{"utc": "2026-09-26T18:29:25Z", "command": "nec: |mount %base", "result": ">="}
{"utc": "2026-09-26T18:29:25Z", "command": "launch bud", "result": {"argv": ["/runtime/bin/vere-v4.6-linux-x86_64", "-t", "-L", "--no-dock", "--loom", "31", "-b", "127.0.0.1", "--http-port", "18083", "/state/live/bud"], "pid": 32}}
{"utc": "2026-09-26T18:29:27Z", "command": "bud: zuse", "result": "%408\n"}
{"utc": "2026-09-26T18:29:27Z", "command": "bud: |mount %base", "result": ">="}
{"utc": "2026-09-26T18:29:43Z", "command": "shutdown zod", "result": {"exit_code": 0, "forced": false}}
{"utc": "2026-09-26T18:29:43Z", "command": "shutdown bus", "result": {"exit_code": 0, "forced": false}}
{"utc": "2026-09-26T18:29:43Z", "command": "shutdown nec", "result": {"exit_code": 0, "forced": false}}
{"utc": "2026-09-26T18:29:43Z", "command": "shutdown bud", "result": {"exit_code": 0, "forced": false}}
{"utc": "2026-09-26T18:29:45Z", "command": "launch zod", "result": {"argv": ["/runtime/bin/vere-v4.6-linux-x86_64", "-t", "-L", "--no-dock", "--loom", "31", "-b", "127.0.0.1", "--http-port", "18080", "/state/live/zod"], "pid": 50}}
{"utc": "2026-09-26T18:29:49Z", "command": "zod: zuse", "result": "%408\n"}
{"utc": "2026-09-26T18:29:49Z", "command": "launch bus", "result": {"argv": ["/runtime/bin/vere-v4.6-linux-x86_64", "-t", "-L", "--no-dock", "--loom", "31", "-b", "127.0.0.1", "--http-port", "18081", "/state/live/bus"], "pid": 57}}
{"utc": "2026-09-26T18:29:52Z", "command": "bus: zuse", "result": "%408\n"}
{"utc": "2026-09-26T18:29:52Z", "command": "launch nec", "result": {"argv": ["/runtime/bin/vere-v4.6-linux-x86_64", "-t", "-L", "--no-dock", "--loom", "31", "-b", "127.0.0.1", "--http-port", "18082", "/state/live/nec"], "pid": 64}}
{"utc": "2026-09-26T18:29:56Z", "command": "nec: zuse", "result": "%408\n"}
{"utc": "2026-09-26T18:29:56Z", "command": "launch bud", "result": {"argv": ["/runtime/bin/vere-v4.6-linux-x86_64", "-t", "-L", "--no-dock", "--loom", "31", "-b", "127.0.0.1", "--http-port", "18083", "/state/live/bud"], "pid": 71}}
{"utc": "2026-09-26T18:29:59Z", "command": "bud: zuse", "result": "%408\n"}
{"utc": "2026-09-26T18:30:09Z", "command": "shutdown zod", "result": {"exit_code": 0, "forced": false}}
{"utc": "2026-09-26T18:30:09Z", "command": "shutdown bus", "result": {"exit_code": 0, "forced": false}}
{"utc": "2026-09-26T18:30:09Z", "command": "shutdown nec", "result": {"exit_code": 0, "forced": false}}
{"utc": "2026-09-26T18:30:13Z", "command": "shutdown bud", "result": {"exit_code": 0, "forced": false}}
{"utc": "2026-09-26T18:30:13Z", "command": "shutdown zod", "result": {"exit_code": 0, "forced": false}}
{"utc": "2026-09-26T18:30:13Z", "command": "shutdown bus", "result": {"exit_code": 0, "forced": false}}
{"utc": "2026-09-26T18:30:13Z", "command": "shutdown nec", "result": {"exit_code": 0, "forced": false}}
{"utc": "2026-09-26T18:30:13Z", "command": "shutdown bud", "result": {"exit_code": 0, "forced": false}}
{"guard_status": "completed", "guard_report": "/home/skilgore/stead-urbit/.runtime/execution-runs/four-fakes-8_r_p51_/report.json"}
{"utc": "2026-09-26T18:31:04Z", "command": "launch zod", "result": {"argv": ["/runtime/bin/vere-v4.6-linux-x86_64", "-t", "-L", "--no-dock", "--loom", "31", "-b", "127.0.0.1", "--http-port", "18080", "/state/live/zod"], "pid": 5}}
{"utc": "2026-09-26T18:31:05Z", "command": "zod: zuse", "result": "%408\n"}
{"utc": "2026-09-26T18:31:05Z", "command": "zod: |mount %base", "result": ">="}
{"utc": "2026-09-26T18:31:05Z", "command": "launch bus", "result": {"argv": ["/runtime/bin/vere-v4.6-linux-x86_64", "-t", "-L", "--no-dock", "--loom", "31", "-b", "127.0.0.1", "--http-port", "18081", "/state/live/bus"], "pid": 15}}
{"utc": "2026-09-26T18:31:06Z", "command": "bus: zuse", "result": "%408\n"}
{"utc": "2026-09-26T18:31:06Z", "command": "bus: |mount %base", "result": ">="}
{"utc": "2026-09-26T18:31:06Z", "command": "launch nec", "result": {"argv": ["/runtime/bin/vere-v4.6-linux-x86_64", "-t", "-L", "--no-dock", "--loom", "31", "-b", "127.0.0.1", "--http-port", "18082", "/state/live/nec"], "pid": 24}}
{"utc": "2026-09-26T18:31:07Z", "command": "nec: zuse", "result": "%408\n"}
{"utc": "2026-09-26T18:31:07Z", "command": "nec: |mount %base", "result": ">="}
{"utc": "2026-09-26T18:31:07Z", "command": "launch bud", "result": {"argv": ["/runtime/bin/vere-v4.6-linux-x86_64", "-t", "-L", "--no-dock", "--loom", "31", "-b", "127.0.0.1", "--http-port", "18083", "/state/live/bud"], "pid": 32}}
{"utc": "2026-09-26T18:31:09Z", "command": "bud: zuse", "result": "%408\n"}
{"utc": "2026-09-26T18:31:09Z", "command": "bud: |mount %base", "result": ">="}
{"utc": "2026-09-26T18:31:25Z", "command": "shutdown zod", "result": {"exit_code": 0, "forced": false}}
{"utc": "2026-09-26T18:31:25Z", "command": "shutdown bus", "result": {"exit_code": 0, "forced": false}}
{"utc": "2026-09-26T18:31:25Z", "command": "shutdown nec", "result": {"exit_code": 0, "forced": false}}
{"utc": "2026-09-26T18:31:29Z", "command": "shutdown bud", "result": {"exit_code": 0, "forced": false}}
{"utc": "2026-09-26T18:31:31Z", "command": "launch zod", "result": {"argv": ["/runtime/bin/vere-v4.6-linux-x86_64", "-t", "-L", "--no-dock", "--loom", "31", "-b", "127.0.0.1", "--http-port", "18080", "/state/live/zod"], "pid": 50}}
{"utc": "2026-09-26T18:31:35Z", "command": "zod: zuse", "result": "%408\n"}
{"utc": "2026-09-26T18:31:35Z", "command": "launch bus", "result": {"argv": ["/runtime/bin/vere-v4.6-linux-x86_64", "-t", "-L", "--no-dock", "--loom", "31", "-b", "127.0.0.1", "--http-port", "18081", "/state/live/bus"], "pid": 57}}
{"utc": "2026-09-26T18:31:38Z", "command": "bus: zuse", "result": "%408\n"}
{"utc": "2026-09-26T18:31:38Z", "command": "launch nec", "result": {"argv": ["/runtime/bin/vere-v4.6-linux-x86_64", "-t", "-L", "--no-dock", "--loom", "31", "-b", "127.0.0.1", "--http-port", "18082", "/state/live/nec"], "pid": 64}}
{"utc": "2026-09-26T18:31:41Z", "command": "nec: zuse", "result": "%408\n"}
{"utc": "2026-09-26T18:31:41Z", "command": "launch bud", "result": {"argv": ["/runtime/bin/vere-v4.6-linux-x86_64", "-t", "-L", "--no-dock", "--loom", "31", "-b", "127.0.0.1", "--http-port", "18083", "/state/live/bud"], "pid": 71}}
{"utc": "2026-09-26T18:31:44Z", "command": "bud: zuse", "result": "%408\n"}
{"utc": "2026-09-26T18:31:54Z", "command": "shutdown zod", "result": {"exit_code": 0, "forced": false}}
{"utc": "2026-09-26T18:31:54Z", "command": "shutdown bus", "result": {"exit_code": 0, "forced": false}}
{"utc": "2026-09-26T18:31:54Z", "command": "shutdown nec", "result": {"exit_code": 0, "forced": false}}
{"utc": "2026-09-26T18:31:56Z", "command": "shutdown bud", "result": {"exit_code": 0, "forced": false}}
{"utc": "2026-09-26T18:31:56Z", "command": "shutdown zod", "result": {"exit_code": 0, "forced": false}}
{"utc": "2026-09-26T18:31:56Z", "command": "shutdown bus", "result": {"exit_code": 0, "forced": false}}
{"utc": "2026-09-26T18:31:56Z", "command": "shutdown nec", "result": {"exit_code": 0, "forced": false}}
{"utc": "2026-09-26T18:31:56Z", "command": "shutdown bud", "result": {"exit_code": 0, "forced": false}}
{"guard_status": "completed", "guard_report": "/home/skilgore/stead-urbit/.runtime/execution-runs/four-fakes-4wk6lbxx/report.json"}
{"utc": "2026-09-26T18:33:05Z", "command": "launch zod", "result": {"argv": ["/runtime/bin/vere-v4.6-linux-x86_64", "-t", "-L", "--no-dock", "--loom", "31", "-b", "127.0.0.1", "--http-port", "18080", "/state/live/zod"], "pid": 5}}
{"utc": "2026-09-26T18:33:06Z", "command": "zod: zuse", "result": "%408\n"}
{"utc": "2026-09-26T18:33:06Z", "command": "zod: |mount %base", "result": ">="}
{"utc": "2026-09-26T18:33:06Z", "command": "launch bus", "result": {"argv": ["/runtime/bin/vere-v4.6-linux-x86_64", "-t", "-L", "--no-dock", "--loom", "31", "-b", "127.0.0.1", "--http-port", "18081", "/state/live/bus"], "pid": 15}}
{"utc": "2026-09-26T18:33:07Z", "command": "bus: zuse", "result": "%408\n"}
{"utc": "2026-09-26T18:33:07Z", "command": "bus: |mount %base", "result": ">="}
{"utc": "2026-09-26T18:33:07Z", "command": "launch nec", "result": {"argv": ["/runtime/bin/vere-v4.6-linux-x86_64", "-t", "-L", "--no-dock", "--loom", "31", "-b", "127.0.0.1", "--http-port", "18082", "/state/live/nec"], "pid": 24}}
{"utc": "2026-09-26T18:33:08Z", "command": "nec: zuse", "result": "%408\n"}
{"utc": "2026-09-26T18:33:09Z", "command": "nec: |mount %base", "result": ">="}
{"utc": "2026-09-26T18:33:09Z", "command": "launch bud", "result": {"argv": ["/runtime/bin/vere-v4.6-linux-x86_64", "-t", "-L", "--no-dock", "--loom", "31", "-b", "127.0.0.1", "--http-port", "18083", "/state/live/bud"], "pid": 32}}
{"utc": "2026-09-26T18:33:11Z", "command": "bud: zuse", "result": "%408\n"}
{"utc": "2026-09-26T18:33:11Z", "command": "bud: |mount %base", "result": ">="}
{"utc": "2026-09-26T18:33:28Z", "command": "shutdown zod", "result": {"exit_code": 0, "forced": false}}
{"utc": "2026-09-26T18:33:28Z", "command": "shutdown bus", "result": {"exit_code": 0, "forced": false}}
{"utc": "2026-09-26T18:33:28Z", "command": "shutdown nec", "result": {"exit_code": 0, "forced": false}}
{"utc": "2026-09-26T18:33:30Z", "command": "shutdown bud", "result": {"exit_code": 0, "forced": false}}
{"utc": "2026-09-26T18:33:32Z", "command": "launch zod", "result": {"argv": ["/runtime/bin/vere-v4.6-linux-x86_64", "-t", "-L", "--no-dock", "--loom", "31", "-b", "127.0.0.1", "--http-port", "18080", "/state/live/zod"], "pid": 50}}
{"utc": "2026-09-26T18:33:36Z", "command": "zod: zuse", "result": "%408\n"}
{"utc": "2026-09-26T18:33:36Z", "command": "launch bus", "result": {"argv": ["/runtime/bin/vere-v4.6-linux-x86_64", "-t", "-L", "--no-dock", "--loom", "31", "-b", "127.0.0.1", "--http-port", "18081", "/state/live/bus"], "pid": 57}}
{"utc": "2026-09-26T18:33:39Z", "command": "bus: zuse", "result": "%408\n"}
{"utc": "2026-09-26T18:33:39Z", "command": "launch nec", "result": {"argv": ["/runtime/bin/vere-v4.6-linux-x86_64", "-t", "-L", "--no-dock", "--loom", "31", "-b", "127.0.0.1", "--http-port", "18082", "/state/live/nec"], "pid": 64}}
{"utc": "2026-09-26T18:33:42Z", "command": "nec: zuse", "result": "%408\n"}
{"utc": "2026-09-26T18:33:42Z", "command": "launch bud", "result": {"argv": ["/runtime/bin/vere-v4.6-linux-x86_64", "-t", "-L", "--no-dock", "--loom", "31", "-b", "127.0.0.1", "--http-port", "18083", "/state/live/bud"], "pid": 71}}
{"utc": "2026-09-26T18:33:45Z", "command": "bud: zuse", "result": "%408\n"}
{"utc": "2026-09-26T18:33:52Z", "command": "shutdown zod", "result": {"exit_code": 0, "forced": false}}
{"utc": "2026-09-26T18:33:52Z", "command": "shutdown bus", "result": {"exit_code": 0, "forced": false}}
{"utc": "2026-09-26T18:33:52Z", "command": "shutdown nec", "result": {"exit_code": 0, "forced": false}}
{"utc": "2026-09-26T18:33:57Z", "command": "shutdown bud", "result": {"exit_code": 0, "forced": false}}
{"utc": "2026-09-26T18:33:57Z", "command": "shutdown zod", "result": {"exit_code": 0, "forced": false}}
{"utc": "2026-09-26T18:33:57Z", "command": "shutdown bus", "result": {"exit_code": 0, "forced": false}}
{"utc": "2026-09-26T18:33:57Z", "command": "shutdown nec", "result": {"exit_code": 0, "forced": false}}
{"utc": "2026-09-26T18:33:57Z", "command": "shutdown bud", "result": {"exit_code": 0, "forced": false}}
{"guard_status": "completed", "guard_report": "/home/skilgore/stead-urbit/.runtime/execution-runs/four-fakes-ee9jngy6/report.json"}
{"utc": "2026-09-26T18:34:39Z", "command": "launch zod", "result": {"argv": ["/runtime/bin/vere-v4.6-linux-x86_64", "-t", "-L", "--no-dock", "--loom", "31", "-b", "127.0.0.1", "--http-port", "18080", "/state/live/zod"], "pid": 5}}
{"utc": "2026-09-26T18:34:40Z", "command": "zod: zuse", "result": "%408\n"}
{"utc": "2026-09-26T18:34:40Z", "command": "zod: |mount %base", "result": ">="}
{"utc": "2026-09-26T18:34:40Z", "command": "launch bus", "result": {"argv": ["/runtime/bin/vere-v4.6-linux-x86_64", "-t", "-L", "--no-dock", "--loom", "31", "-b", "127.0.0.1", "--http-port", "18081", "/state/live/bus"], "pid": 15}}
{"utc": "2026-09-26T18:34:41Z", "command": "bus: zuse", "result": "%408\n"}
{"utc": "2026-09-26T18:34:41Z", "command": "bus: |mount %base", "result": ">="}
{"utc": "2026-09-26T18:34:41Z", "command": "launch nec", "result": {"argv": ["/runtime/bin/vere-v4.6-linux-x86_64", "-t", "-L", "--no-dock", "--loom", "31", "-b", "127.0.0.1", "--http-port", "18082", "/state/live/nec"], "pid": 24}}
{"utc": "2026-09-26T18:34:42Z", "command": "nec: zuse", "result": "%408\n"}
{"utc": "2026-09-26T18:34:42Z", "command": "nec: |mount %base", "result": ">="}
{"utc": "2026-09-26T18:34:42Z", "command": "launch bud", "result": {"argv": ["/runtime/bin/vere-v4.6-linux-x86_64", "-t", "-L", "--no-dock", "--loom", "31", "-b", "127.0.0.1", "--http-port", "18083", "/state/live/bud"], "pid": 32}}
{"utc": "2026-09-26T18:34:45Z", "command": "bud: zuse", "result": "%408\n"}
{"utc": "2026-09-26T18:34:45Z", "command": "bud: |mount %base", "result": ">="}
{"utc": "2026-09-26T18:35:00Z", "command": "shutdown zod", "result": {"exit_code": 0, "forced": false}}
{"utc": "2026-09-26T18:35:00Z", "command": "shutdown bus", "result": {"exit_code": 0, "forced": false}}
{"utc": "2026-09-26T18:35:00Z", "command": "shutdown nec", "result": {"exit_code": 0, "forced": false}}
{"utc": "2026-09-26T18:35:04Z", "command": "shutdown bud", "result": {"exit_code": 0, "forced": false}}
{"utc": "2026-09-26T18:35:06Z", "command": "launch zod", "result": {"argv": ["/runtime/bin/vere-v4.6-linux-x86_64", "-t", "-L", "--no-dock", "--loom", "31", "-b", "127.0.0.1", "--http-port", "18080", "/state/live/zod"], "pid": 50}}
{"utc": "2026-09-26T18:35:10Z", "command": "zod: zuse", "result": "%408\n"}
{"utc": "2026-09-26T18:35:10Z", "command": "launch bus", "result": {"argv": ["/runtime/bin/vere-v4.6-linux-x86_64", "-t", "-L", "--no-dock", "--loom", "31", "-b", "127.0.0.1", "--http-port", "18081", "/state/live/bus"], "pid": 57}}
{"utc": "2026-09-26T18:35:13Z", "command": "bus: zuse", "result": "%408\n"}
{"utc": "2026-09-26T18:35:13Z", "command": "launch nec", "result": {"argv": ["/runtime/bin/vere-v4.6-linux-x86_64", "-t", "-L", "--no-dock", "--loom", "31", "-b", "127.0.0.1", "--http-port", "18082", "/state/live/nec"], "pid": 64}}
{"utc": "2026-09-26T18:35:16Z", "command": "nec: zuse", "result": "%408\n"}
{"utc": "2026-09-26T18:35:16Z", "command": "launch bud", "result": {"argv": ["/runtime/bin/vere-v4.6-linux-x86_64", "-t", "-L", "--no-dock", "--loom", "31", "-b", "127.0.0.1", "--http-port", "18083", "/state/live/bud"], "pid": 71}}
{"utc": "2026-09-26T18:35:19Z", "command": "bud: zuse", "result": "%408\n"}
{"utc": "2026-09-26T18:35:28Z", "command": "shutdown zod", "result": {"exit_code": 0, "forced": false}}
{"utc": "2026-09-26T18:35:28Z", "command": "shutdown bus", "result": {"exit_code": 0, "forced": false}}
{"utc": "2026-09-26T18:35:28Z", "command": "shutdown nec", "result": {"exit_code": 0, "forced": false}}
{"utc": "2026-09-26T18:35:30Z", "command": "shutdown bud", "result": {"exit_code": 0, "forced": false}}
{"utc": "2026-09-26T18:35:30Z", "command": "shutdown zod", "result": {"exit_code": 0, "forced": false}}
{"utc": "2026-09-26T18:35:30Z", "command": "shutdown bus", "result": {"exit_code": 0, "forced": false}}
{"utc": "2026-09-26T18:35:30Z", "command": "shutdown nec", "result": {"exit_code": 0, "forced": false}}
{"utc": "2026-09-26T18:35:30Z", "command": "shutdown bud", "result": {"exit_code": 0, "forced": false}}
{"guard_status": "completed", "guard_report": "/home/skilgore/stead-urbit/.runtime/execution-runs/four-fakes-kwsw5vy2/report.json"}
{"utc": "2026-09-26T18:37:25Z", "command": "launch zod", "result": {"argv": ["/runtime/bin/vere-v4.6-linux-x86_64", "-t", "-L", "--no-dock", "--loom", "31", "-b", "127.0.0.1", "--http-port", "18080", "/state/live/zod"], "pid": 5}}
{"utc": "2026-09-26T18:37:27Z", "command": "zod: zuse", "result": "%408\n"}
{"utc": "2026-09-26T18:37:27Z", "command": "zod: |mount %base", "result": ">="}
{"utc": "2026-09-26T18:37:27Z", "command": "launch bus", "result": {"argv": ["/runtime/bin/vere-v4.6-linux-x86_64", "-t", "-L", "--no-dock", "--loom", "31", "-b", "127.0.0.1", "--http-port", "18081", "/state/live/bus"], "pid": 15}}
{"utc": "2026-09-26T18:37:28Z", "command": "bus: zuse", "result": "%408\n"}
{"utc": "2026-09-26T18:37:28Z", "command": "bus: |mount %base", "result": ">="}
{"utc": "2026-09-26T18:37:28Z", "command": "launch nec", "result": {"argv": ["/runtime/bin/vere-v4.6-linux-x86_64", "-t", "-L", "--no-dock", "--loom", "31", "-b", "127.0.0.1", "--http-port", "18082", "/state/live/nec"], "pid": 24}}
{"utc": "2026-09-26T18:37:30Z", "command": "nec: zuse", "result": "%408\n"}
{"utc": "2026-09-26T18:37:30Z", "command": "nec: |mount %base", "result": ">="}
{"utc": "2026-09-26T18:37:30Z", "command": "launch bud", "result": {"argv": ["/runtime/bin/vere-v4.6-linux-x86_64", "-t", "-L", "--no-dock", "--loom", "31", "-b", "127.0.0.1", "--http-port", "18083", "/state/live/bud"], "pid": 33}}
{"utc": "2026-09-26T18:37:32Z", "command": "bud: zuse", "result": "%408\n"}
{"utc": "2026-09-26T18:37:32Z", "command": "bud: |mount %base", "result": ">="}
{"utc": "2026-09-26T18:37:48Z", "command": "shutdown zod", "result": {"exit_code": 0, "forced": false}}
{"utc": "2026-09-26T18:37:48Z", "command": "shutdown bus", "result": {"exit_code": 0, "forced": false}}
{"utc": "2026-09-26T18:37:48Z", "command": "shutdown nec", "result": {"exit_code": 0, "forced": false}}
{"utc": "2026-09-26T18:37:51Z", "command": "shutdown bud", "result": {"exit_code": 0, "forced": false}}
{"utc": "2026-09-26T18:37:53Z", "command": "launch zod", "result": {"argv": ["/runtime/bin/vere-v4.6-linux-x86_64", "-t", "-L", "--no-dock", "--loom", "31", "-b", "127.0.0.1", "--http-port", "18080", "/state/live/zod"], "pid": 51}}
{"utc": "2026-09-26T18:37:57Z", "command": "zod: zuse", "result": "%408\n"}
{"utc": "2026-09-26T18:37:57Z", "command": "launch bus", "result": {"argv": ["/runtime/bin/vere-v4.6-linux-x86_64", "-t", "-L", "--no-dock", "--loom", "31", "-b", "127.0.0.1", "--http-port", "18081", "/state/live/bus"], "pid": 58}}
{"utc": "2026-09-26T18:37:59Z", "command": "execution guard stopped", "result": {"error": "Execution STOP is terminal"}}
{"utc": "2026-09-26T18:38:00Z", "command": "shutdown zod", "result": {"exit_code": 0, "forced": false}}
{"utc": "2026-09-26T18:38:00Z", "command": "shutdown bus", "result": {"exit_code": -11, "forced": false}}
{"utc": "2026-09-26T18:38:00Z", "command": "shutdown nec", "result": {"exit_code": 0, "forced": false}}
{"utc": "2026-09-26T18:38:00Z", "command": "shutdown bud", "result": {"exit_code": 0, "forced": false}}
{"utc": "2026-09-26T18:38:00Z", "command": "shutdown zod", "result": {"exit_code": 0, "forced": false}}
{"utc": "2026-09-26T18:38:00Z", "command": "shutdown bus", "result": {"exit_code": -11, "forced": false}}
{"utc": "2026-09-26T18:38:00Z", "command": "shutdown nec", "result": {"exit_code": 0, "forced": false}}
{"utc": "2026-09-26T18:38:00Z", "command": "shutdown bud", "result": {"exit_code": 0, "forced": false}}
{"utc": "2026-09-26T18:38:00Z", "command": "shutdown zod", "result": {"exit_code": 0, "forced": false}}
{"utc": "2026-09-26T18:38:00Z", "command": "shutdown bus", "result": {"exit_code": -11, "forced": false}}
{"utc": "2026-09-26T18:38:00Z", "command": "shutdown nec", "result": {"exit_code": 0, "forced": false}}
{"utc": "2026-09-26T18:38:00Z", "command": "shutdown bud", "result": {"exit_code": 0, "forced": false}}
{"utc": "2026-09-26T18:38:00Z", "command": "guard shutdown failure", "result": {"error": "bus exit was not clean: -11; forced=False"}}
{"guard_status": "failed", "guard_report": "/home/skilgore/stead-urbit/.runtime/execution-runs/four-fakes-eudi0zzd/report.json"}
FAIL: Guarded supervisor stopped without clean completion: GuardError: Thermal ceiling reached
{"utc": "2026-09-26T18:47:24Z", "command": "launch zod", "result": {"argv": ["/runtime/bin/vere-v4.6-linux-x86_64", "-t", "-L", "--no-dock", "--loom", "31", "-b", "127.0.0.1", "--http-port", "18080", "/state/live/zod"], "pid": 5}}
{"utc": "2026-09-26T18:47:27Z", "command": "zod: zuse", "result": "%408\n"}
{"utc": "2026-09-26T18:47:27Z", "command": "zod: |mount %base", "result": ">="}
{"utc": "2026-09-26T18:47:27Z", "command": "launch bus", "result": {"argv": ["/runtime/bin/vere-v4.6-linux-x86_64", "-t", "-L", "--no-dock", "--loom", "31", "-b", "127.0.0.1", "--http-port", "18081", "/state/live/bus"], "pid": 17}}
{"utc": "2026-09-26T18:47:30Z", "command": "bus: zuse", "result": "%408\n"}
{"utc": "2026-09-26T18:47:30Z", "command": "bus: |mount %base", "result": ">="}
{"utc": "2026-09-26T18:47:30Z", "command": "launch nec", "result": {"argv": ["/runtime/bin/vere-v4.6-linux-x86_64", "-t", "-L", "--no-dock", "--loom", "31", "-b", "127.0.0.1", "--http-port", "18082", "/state/live/nec"], "pid": 28}}
{"utc": "2026-09-26T18:47:33Z", "command": "nec: zuse", "result": "%408\n"}
{"utc": "2026-09-26T18:47:33Z", "command": "nec: |mount %base", "result": ">="}
{"utc": "2026-09-26T18:47:33Z", "command": "launch bud", "result": {"argv": ["/runtime/bin/vere-v4.6-linux-x86_64", "-t", "-L", "--no-dock", "--loom", "31", "-b", "127.0.0.1", "--http-port", "18083", "/state/live/bud"], "pid": 38}}
{"utc": "2026-09-26T18:47:36Z", "command": "bud: zuse", "result": "%408\n"}
{"utc": "2026-09-26T18:47:36Z", "command": "bud: |mount %base", "result": ">="}
{"utc": "2026-09-26T18:47:52Z", "command": "shutdown zod", "result": {"exit_code": 0, "forced": false}}
{"utc": "2026-09-26T18:47:52Z", "command": "shutdown bus", "result": {"exit_code": 0, "forced": false}}
{"utc": "2026-09-26T18:47:52Z", "command": "shutdown nec", "result": {"exit_code": 0, "forced": false}}
{"utc": "2026-09-26T18:47:56Z", "command": "shutdown bud", "result": {"exit_code": 0, "forced": false}}
{"utc": "2026-09-26T18:47:58Z", "command": "launch zod", "result": {"argv": ["/runtime/bin/vere-v4.6-linux-x86_64", "-t", "-L", "--no-dock", "--loom", "31", "-b", "127.0.0.1", "--http-port", "18080", "/state/live/zod"], "pid": 57}}
{"utc": "2026-09-26T18:48:04Z", "command": "zod: zuse", "result": "%408\n"}
{"utc": "2026-09-26T18:48:04Z", "command": "launch bus", "result": {"argv": ["/runtime/bin/vere-v4.6-linux-x86_64", "-t", "-L", "--no-dock", "--loom", "31", "-b", "127.0.0.1", "--http-port", "18081", "/state/live/bus"], "pid": 64}}
{"utc": "2026-09-26T18:48:07Z", "command": "bus: zuse", "result": "%408\n"}
{"utc": "2026-09-26T18:48:07Z", "command": "launch nec", "result": {"argv": ["/runtime/bin/vere-v4.6-linux-x86_64", "-t", "-L", "--no-dock", "--loom", "31", "-b", "127.0.0.1", "--http-port", "18082", "/state/live/nec"], "pid": 71}}
{"utc": "2026-09-26T18:48:10Z", "command": "nec: zuse", "result": "%408\n"}
{"utc": "2026-09-26T18:48:10Z", "command": "launch bud", "result": {"argv": ["/runtime/bin/vere-v4.6-linux-x86_64", "-t", "-L", "--no-dock", "--loom", "31", "-b", "127.0.0.1", "--http-port", "18083", "/state/live/bud"], "pid": 78}}
{"utc": "2026-09-26T18:48:13Z", "command": "bud: zuse", "result": "%408\n"}
{"utc": "2026-09-26T18:48:18Z", "command": "shutdown zod", "result": {"exit_code": 0, "forced": false}}
{"utc": "2026-09-26T18:48:18Z", "command": "shutdown bus", "result": {"exit_code": 0, "forced": false}}
{"utc": "2026-09-26T18:48:18Z", "command": "shutdown nec", "result": {"exit_code": 0, "forced": false}}
{"utc": "2026-09-26T18:48:18Z", "command": "shutdown bud", "result": {"exit_code": 0, "forced": false}}
{"utc": "2026-09-26T18:48:19Z", "command": "shutdown zod", "result": {"exit_code": 0, "forced": false}}
{"utc": "2026-09-26T18:48:19Z", "command": "shutdown bus", "result": {"exit_code": 0, "forced": false}}
{"utc": "2026-09-26T18:48:19Z", "command": "shutdown nec", "result": {"exit_code": 0, "forced": false}}
{"utc": "2026-09-26T18:48:19Z", "command": "shutdown bud", "result": {"exit_code": 0, "forced": false}}
{"guard_status": "completed", "guard_report": "/home/skilgore/stead-urbit/.runtime/execution-runs/four-fakes-olm4ielj/report.json"}
{"utc": "2026-09-26T18:49:27Z", "command": "launch zod", "result": {"argv": ["/runtime/bin/vere-v4.6-linux-x86_64", "-t", "-L", "--no-dock", "--loom", "31", "-b", "127.0.0.1", "--http-port", "18080", "/state/live/zod"], "pid": 5}}
{"utc": "2026-09-26T18:49:28Z", "command": "zod: zuse", "result": "%408\n"}
{"utc": "2026-09-26T18:49:28Z", "command": "zod: |mount %base", "result": ">="}
{"utc": "2026-09-26T18:49:28Z", "command": "launch bus", "result": {"argv": ["/runtime/bin/vere-v4.6-linux-x86_64", "-t", "-L", "--no-dock", "--loom", "31", "-b", "127.0.0.1", "--http-port", "18081", "/state/live/bus"], "pid": 15}}
{"utc": "2026-09-26T18:49:29Z", "command": "bus: zuse", "result": "%408\n"}
{"utc": "2026-09-26T18:49:29Z", "command": "bus: |mount %base", "result": ">="}
{"utc": "2026-09-26T18:49:29Z", "command": "launch nec", "result": {"argv": ["/runtime/bin/vere-v4.6-linux-x86_64", "-t", "-L", "--no-dock", "--loom", "31", "-b", "127.0.0.1", "--http-port", "18082", "/state/live/nec"], "pid": 24}}
{"utc": "2026-09-26T18:49:30Z", "command": "nec: zuse", "result": "%408\n"}
{"utc": "2026-09-26T18:49:30Z", "command": "nec: |mount %base", "result": ">="}
{"utc": "2026-09-26T18:49:30Z", "command": "launch bud", "result": {"argv": ["/runtime/bin/vere-v4.6-linux-x86_64", "-t", "-L", "--no-dock", "--loom", "31", "-b", "127.0.0.1", "--http-port", "18083", "/state/live/bud"], "pid": 32}}
{"utc": "2026-09-26T18:49:33Z", "command": "bud: zuse", "result": "%408\n"}
{"utc": "2026-09-26T18:49:33Z", "command": "bud: |mount %base", "result": ">="}
{"utc": "2026-09-26T18:49:48Z", "command": "shutdown zod", "result": {"exit_code": 0, "forced": false}}
{"utc": "2026-09-26T18:49:48Z", "command": "shutdown bus", "result": {"exit_code": 0, "forced": false}}
{"utc": "2026-09-26T18:49:48Z", "command": "shutdown nec", "result": {"exit_code": 0, "forced": false}}
{"utc": "2026-09-26T18:49:52Z", "command": "shutdown bud", "result": {"exit_code": 0, "forced": false}}
{"utc": "2026-09-26T18:49:54Z", "command": "launch zod", "result": {"argv": ["/runtime/bin/vere-v4.6-linux-x86_64", "-t", "-L", "--no-dock", "--loom", "31", "-b", "127.0.0.1", "--http-port", "18080", "/state/live/zod"], "pid": 50}}
{"utc": "2026-09-26T18:49:57Z", "command": "zod: zuse", "result": "%408\n"}
{"utc": "2026-09-26T18:49:57Z", "command": "launch bus", "result": {"argv": ["/runtime/bin/vere-v4.6-linux-x86_64", "-t", "-L", "--no-dock", "--loom", "31", "-b", "127.0.0.1", "--http-port", "18081", "/state/live/bus"], "pid": 57}}
{"utc": "2026-09-26T18:50:00Z", "command": "bus: zuse", "result": "%408\n"}
{"utc": "2026-09-26T18:50:00Z", "command": "launch nec", "result": {"argv": ["/runtime/bin/vere-v4.6-linux-x86_64", "-t", "-L", "--no-dock", "--loom", "31", "-b", "127.0.0.1", "--http-port", "18082", "/state/live/nec"], "pid": 64}}
{"utc": "2026-09-26T18:50:03Z", "command": "nec: zuse", "result": "%408\n"}
{"utc": "2026-09-26T18:50:03Z", "command": "launch bud", "result": {"argv": ["/runtime/bin/vere-v4.6-linux-x86_64", "-t", "-L", "--no-dock", "--loom", "31", "-b", "127.0.0.1", "--http-port", "18083", "/state/live/bud"], "pid": 71}}
{"utc": "2026-09-26T18:50:06Z", "command": "bud: zuse", "result": "%408\n"}
{"utc": "2026-09-26T18:50:14Z", "command": "shutdown zod", "result": {"exit_code": 0, "forced": false}}
{"utc": "2026-09-26T18:50:14Z", "command": "shutdown bus", "result": {"exit_code": 0, "forced": false}}
{"utc": "2026-09-26T18:50:14Z", "command": "shutdown nec", "result": {"exit_code": 0, "forced": false}}
{"utc": "2026-09-26T18:50:17Z", "command": "shutdown bud", "result": {"exit_code": 0, "forced": false}}
{"utc": "2026-09-26T18:50:17Z", "command": "shutdown zod", "result": {"exit_code": 0, "forced": false}}
{"utc": "2026-09-26T18:50:17Z", "command": "shutdown bus", "result": {"exit_code": 0, "forced": false}}
{"utc": "2026-09-26T18:50:17Z", "command": "shutdown nec", "result": {"exit_code": 0, "forced": false}}
{"utc": "2026-09-26T18:50:17Z", "command": "shutdown bud", "result": {"exit_code": 0, "forced": false}}
{"guard_status": "completed", "guard_report": "/home/skilgore/stead-urbit/.runtime/execution-runs/four-fakes-jz659peq/report.json"}
{"utc": "2026-09-26T18:53:59Z", "command": "launch zod", "result": {"argv": ["/runtime/bin/vere-v4.6-linux-x86_64", "-t", "-L", "--no-dock", "--loom", "31", "-b", "127.0.0.1", "--http-port", "18080", "/state/live/zod"], "pid": 5}}
{"utc": "2026-09-26T18:54:00Z", "command": "zod: zuse", "result": "%408\n"}
{"utc": "2026-09-26T18:54:00Z", "command": "zod: |mount %base", "result": ">="}
{"utc": "2026-09-26T18:54:00Z", "command": "launch bus", "result": {"argv": ["/runtime/bin/vere-v4.6-linux-x86_64", "-t", "-L", "--no-dock", "--loom", "31", "-b", "127.0.0.1", "--http-port", "18081", "/state/live/bus"], "pid": 15}}
{"utc": "2026-09-26T18:54:03Z", "command": "bus: zuse", "result": "%408\n"}
{"utc": "2026-09-26T18:54:03Z", "command": "bus: |mount %base", "result": ">="}
{"utc": "2026-09-26T18:54:03Z", "command": "launch nec", "result": {"argv": ["/runtime/bin/vere-v4.6-linux-x86_64", "-t", "-L", "--no-dock", "--loom", "31", "-b", "127.0.0.1", "--http-port", "18082", "/state/live/nec"], "pid": 25}}
{"utc": "2026-09-26T18:54:04Z", "command": "nec: zuse", "result": "%408\n"}
{"utc": "2026-09-26T18:54:04Z", "command": "nec: |mount %base", "result": ">="}
{"utc": "2026-09-26T18:54:04Z", "command": "launch bud", "result": {"argv": ["/runtime/bin/vere-v4.6-linux-x86_64", "-t", "-L", "--no-dock", "--loom", "31", "-b", "127.0.0.1", "--http-port", "18083", "/state/live/bud"], "pid": 33}}
{"utc": "2026-09-26T18:54:06Z", "command": "bud: zuse", "result": "%408\n"}
{"utc": "2026-09-26T18:54:06Z", "command": "bud: |mount %base", "result": ">="}
{"utc": "2026-09-26T18:54:22Z", "command": "shutdown zod", "result": {"exit_code": 0, "forced": false}}
{"utc": "2026-09-26T18:54:22Z", "command": "shutdown bus", "result": {"exit_code": 0, "forced": false}}
{"utc": "2026-09-26T18:54:22Z", "command": "shutdown nec", "result": {"exit_code": 0, "forced": false}}
{"utc": "2026-09-26T18:54:25Z", "command": "shutdown bud", "result": {"exit_code": 0, "forced": false}}
{"utc": "2026-09-26T18:54:27Z", "command": "launch zod", "result": {"argv": ["/runtime/bin/vere-v4.6-linux-x86_64", "-t", "-L", "--no-dock", "--loom", "31", "-b", "127.0.0.1", "--http-port", "18080", "/state/live/zod"], "pid": 51}}
{"utc": "2026-09-26T18:54:31Z", "command": "zod: zuse", "result": "%408\n"}
{"utc": "2026-09-26T18:54:31Z", "command": "launch bus", "result": {"argv": ["/runtime/bin/vere-v4.6-linux-x86_64", "-t", "-L", "--no-dock", "--loom", "31", "-b", "127.0.0.1", "--http-port", "18081", "/state/live/bus"], "pid": 58}}
{"utc": "2026-09-26T18:54:34Z", "command": "bus: zuse", "result": "%408\n"}
{"utc": "2026-09-26T18:54:34Z", "command": "launch nec", "result": {"argv": ["/runtime/bin/vere-v4.6-linux-x86_64", "-t", "-L", "--no-dock", "--loom", "31", "-b", "127.0.0.1", "--http-port", "18082", "/state/live/nec"], "pid": 65}}
{"utc": "2026-09-26T18:54:38Z", "command": "nec: zuse", "result": "%408\n"}
{"utc": "2026-09-26T18:54:38Z", "command": "launch bud", "result": {"argv": ["/runtime/bin/vere-v4.6-linux-x86_64", "-t", "-L", "--no-dock", "--loom", "31", "-b", "127.0.0.1", "--http-port", "18083", "/state/live/bud"], "pid": 72}}
{"utc": "2026-09-26T18:54:41Z", "command": "bud: zuse", "result": "%408\n"}
{"utc": "2026-09-26T18:54:45Z", "command": "shutdown zod", "result": {"exit_code": 0, "forced": false}}
{"utc": "2026-09-26T18:54:45Z", "command": "shutdown bus", "result": {"exit_code": 0, "forced": false}}
{"utc": "2026-09-26T18:54:45Z", "command": "shutdown nec", "result": {"exit_code": 0, "forced": false}}
{"utc": "2026-09-26T18:54:46Z", "command": "shutdown bud", "result": {"exit_code": 0, "forced": false}}
{"utc": "2026-09-26T18:54:46Z", "command": "shutdown zod", "result": {"exit_code": 0, "forced": false}}
{"utc": "2026-09-26T18:54:46Z", "command": "shutdown bus", "result": {"exit_code": 0, "forced": false}}
{"utc": "2026-09-26T18:54:46Z", "command": "shutdown nec", "result": {"exit_code": 0, "forced": false}}
{"utc": "2026-09-26T18:54:46Z", "command": "shutdown bud", "result": {"exit_code": 0, "forced": false}}
{"guard_status": "completed", "guard_report": "/home/skilgore/stead-urbit/.runtime/execution-runs/four-fakes-zhqb6upw/report.json"}
{"utc": "2026-09-26T18:57:55Z", "command": "launch zod", "result": {"argv": ["/runtime/bin/vere-v4.6-linux-x86_64", "-t", "-L", "--no-dock", "--loom", "31", "-b", "127.0.0.1", "--http-port", "18080", "/state/live/zod"], "pid": 5}}
{"utc": "2026-09-26T18:57:56Z", "command": "zod: zuse", "result": "%408\n"}
{"utc": "2026-09-26T18:57:56Z", "command": "zod: |mount %base", "result": ">="}
{"utc": "2026-09-26T18:57:56Z", "command": "launch bus", "result": {"argv": ["/runtime/bin/vere-v4.6-linux-x86_64", "-t", "-L", "--no-dock", "--loom", "31", "-b", "127.0.0.1", "--http-port", "18081", "/state/live/bus"], "pid": 15}}
{"utc": "2026-09-26T18:57:58Z", "command": "bus: zuse", "result": "%408\n"}
{"utc": "2026-09-26T18:57:58Z", "command": "bus: |mount %base", "result": ">="}
{"utc": "2026-09-26T18:57:58Z", "command": "launch nec", "result": {"argv": ["/runtime/bin/vere-v4.6-linux-x86_64", "-t", "-L", "--no-dock", "--loom", "31", "-b", "127.0.0.1", "--http-port", "18082", "/state/live/nec"], "pid": 24}}
{"utc": "2026-09-26T18:57:59Z", "command": "nec: zuse", "result": "%408\n"}
{"utc": "2026-09-26T18:58:00Z", "command": "nec: |mount %base", "result": ">="}
{"utc": "2026-09-26T18:58:00Z", "command": "launch bud", "result": {"argv": ["/runtime/bin/vere-v4.6-linux-x86_64", "-t", "-L", "--no-dock", "--loom", "31", "-b", "127.0.0.1", "--http-port", "18083", "/state/live/bud"], "pid": 33}}
{"utc": "2026-09-26T18:58:02Z", "command": "bud: zuse", "result": "%408\n"}
{"utc": "2026-09-26T18:58:02Z", "command": "bud: |mount %base", "result": ">="}
{"utc": "2026-09-26T18:58:18Z", "command": "shutdown zod", "result": {"exit_code": 0, "forced": false}}
{"utc": "2026-09-26T18:58:18Z", "command": "shutdown bus", "result": {"exit_code": 0, "forced": false}}
{"utc": "2026-09-26T18:58:18Z", "command": "shutdown nec", "result": {"exit_code": 0, "forced": false}}
{"utc": "2026-09-26T18:58:21Z", "command": "shutdown bud", "result": {"exit_code": 0, "forced": false}}
{"utc": "2026-09-26T18:58:23Z", "command": "launch zod", "result": {"argv": ["/runtime/bin/vere-v4.6-linux-x86_64", "-t", "-L", "--no-dock", "--loom", "31", "-b", "127.0.0.1", "--http-port", "18080", "/state/live/zod"], "pid": 51}}
{"utc": "2026-09-26T18:58:27Z", "command": "zod: zuse", "result": "%408\n"}
{"utc": "2026-09-26T18:58:27Z", "command": "launch bus", "result": {"argv": ["/runtime/bin/vere-v4.6-linux-x86_64", "-t", "-L", "--no-dock", "--loom", "31", "-b", "127.0.0.1", "--http-port", "18081", "/state/live/bus"], "pid": 58}}
{"utc": "2026-09-26T18:58:30Z", "command": "bus: zuse", "result": "%408\n"}
{"utc": "2026-09-26T18:58:30Z", "command": "launch nec", "result": {"argv": ["/runtime/bin/vere-v4.6-linux-x86_64", "-t", "-L", "--no-dock", "--loom", "31", "-b", "127.0.0.1", "--http-port", "18082", "/state/live/nec"], "pid": 65}}
{"utc": "2026-09-26T18:58:33Z", "command": "nec: zuse", "result": "%408\n"}
{"utc": "2026-09-26T18:58:33Z", "command": "launch bud", "result": {"argv": ["/runtime/bin/vere-v4.6-linux-x86_64", "-t", "-L", "--no-dock", "--loom", "31", "-b", "127.0.0.1", "--http-port", "18083", "/state/live/bud"], "pid": 72}}
{"utc": "2026-09-26T18:58:36Z", "command": "bud: zuse", "result": "%408\n"}
{"utc": "2026-09-26T18:59:44Z", "command": "shutdown zod", "result": {"exit_code": 0, "forced": false}}
{"utc": "2026-09-26T18:59:44Z", "command": "shutdown bus", "result": {"exit_code": 0, "forced": false}}
{"utc": "2026-09-26T18:59:44Z", "command": "shutdown nec", "result": {"exit_code": 0, "forced": false}}
{"utc": "2026-09-26T18:59:44Z", "command": "shutdown bud", "result": {"exit_code": 0, "forced": false}}
{"utc": "2026-09-26T18:59:44Z", "command": "shutdown zod", "result": {"exit_code": 0, "forced": false}}
{"utc": "2026-09-26T18:59:44Z", "command": "shutdown bus", "result": {"exit_code": 0, "forced": false}}
{"utc": "2026-09-26T18:59:44Z", "command": "shutdown nec", "result": {"exit_code": 0, "forced": false}}
{"utc": "2026-09-26T18:59:44Z", "command": "shutdown bud", "result": {"exit_code": 0, "forced": false}}
{"guard_status": "completed", "guard_report": "/home/skilgore/stead-urbit/.runtime/execution-runs/four-fakes-0aqwu_r_/report.json"}
{"utc": "2026-09-26T19:00:20Z", "command": "launch zod", "result": {"argv": ["/runtime/bin/vere-v4.6-linux-x86_64", "-t", "-L", "--no-dock", "--loom", "31", "-b", "127.0.0.1", "--http-port", "18080", "/state/live/zod"], "pid": 5}}
{"utc": "2026-09-26T19:00:21Z", "command": "zod: zuse", "result": "%408\n"}
{"utc": "2026-09-26T19:00:22Z", "command": "zod: |mount %base", "result": ">="}
{"utc": "2026-09-26T19:00:22Z", "command": "launch bus", "result": {"argv": ["/runtime/bin/vere-v4.6-linux-x86_64", "-t", "-L", "--no-dock", "--loom", "31", "-b", "127.0.0.1", "--http-port", "18081", "/state/live/bus"], "pid": 15}}
{"utc": "2026-09-26T19:00:23Z", "command": "bus: zuse", "result": "%408\n"}
{"utc": "2026-09-26T19:00:23Z", "command": "bus: |mount %base", "result": ">="}
{"utc": "2026-09-26T19:00:23Z", "command": "launch nec", "result": {"argv": ["/runtime/bin/vere-v4.6-linux-x86_64", "-t", "-L", "--no-dock", "--loom", "31", "-b", "127.0.0.1", "--http-port", "18082", "/state/live/nec"], "pid": 23}}
{"utc": "2026-09-26T19:00:24Z", "command": "nec: zuse", "result": "%408\n"}
{"utc": "2026-09-26T19:00:24Z", "command": "nec: |mount %base", "result": ">="}
{"utc": "2026-09-26T19:00:24Z", "command": "launch bud", "result": {"argv": ["/runtime/bin/vere-v4.6-linux-x86_64", "-t", "-L", "--no-dock", "--loom", "31", "-b", "127.0.0.1", "--http-port", "18083", "/state/live/bud"], "pid": 31}}
{"utc": "2026-09-26T19:00:25Z", "command": "bud: zuse", "result": "%408\n"}
{"utc": "2026-09-26T19:00:25Z", "command": "bud: |mount %base", "result": ">="}
{"utc": "2026-09-26T19:00:41Z", "command": "shutdown zod", "result": {"exit_code": 0, "forced": false}}
{"utc": "2026-09-26T19:00:41Z", "command": "shutdown bus", "result": {"exit_code": 0, "forced": false}}
{"utc": "2026-09-26T19:00:41Z", "command": "shutdown nec", "result": {"exit_code": 0, "forced": false}}
{"utc": "2026-09-26T19:00:41Z", "command": "shutdown bud", "result": {"exit_code": 0, "forced": false}}
{"utc": "2026-09-26T19:00:43Z", "command": "launch zod", "result": {"argv": ["/runtime/bin/vere-v4.6-linux-x86_64", "-t", "-L", "--no-dock", "--loom", "31", "-b", "127.0.0.1", "--http-port", "18080", "/state/live/zod"], "pid": 45}}
{"utc": "2026-09-26T19:00:49Z", "command": "zod: zuse", "result": "%408\n"}
{"utc": "2026-09-26T19:00:49Z", "command": "launch bus", "result": {"argv": ["/runtime/bin/vere-v4.6-linux-x86_64", "-t", "-L", "--no-dock", "--loom", "31", "-b", "127.0.0.1", "--http-port", "18081", "/state/live/bus"], "pid": 52}}
{"utc": "2026-09-26T19:00:52Z", "command": "bus: zuse", "result": "%408\n"}
{"utc": "2026-09-26T19:00:52Z", "command": "launch nec", "result": {"argv": ["/runtime/bin/vere-v4.6-linux-x86_64", "-t", "-L", "--no-dock", "--loom", "31", "-b", "127.0.0.1", "--http-port", "18082", "/state/live/nec"], "pid": 59}}
{"utc": "2026-09-26T19:00:55Z", "command": "nec: zuse", "result": "%408\n"}
{"utc": "2026-09-26T19:00:55Z", "command": "launch bud", "result": {"argv": ["/runtime/bin/vere-v4.6-linux-x86_64", "-t", "-L", "--no-dock", "--loom", "31", "-b", "127.0.0.1", "--http-port", "18083", "/state/live/bud"], "pid": 66}}
{"utc": "2026-09-26T19:00:59Z", "command": "bud: zuse", "result": "%408\n"}
{"utc": "2026-09-26T19:02:06Z", "command": "shutdown zod", "result": {"exit_code": 0, "forced": false}}
{"utc": "2026-09-26T19:02:06Z", "command": "shutdown bus", "result": {"exit_code": 0, "forced": false}}
{"utc": "2026-09-26T19:02:06Z", "command": "shutdown nec", "result": {"exit_code": 0, "forced": false}}
{"utc": "2026-09-26T19:02:06Z", "command": "shutdown bud", "result": {"exit_code": 0, "forced": false}}
{"utc": "2026-09-26T19:02:06Z", "command": "shutdown zod", "result": {"exit_code": 0, "forced": false}}
{"utc": "2026-09-26T19:02:06Z", "command": "shutdown bus", "result": {"exit_code": 0, "forced": false}}
{"utc": "2026-09-26T19:02:06Z", "command": "shutdown nec", "result": {"exit_code": 0, "forced": false}}
{"utc": "2026-09-26T19:02:06Z", "command": "shutdown bud", "result": {"exit_code": 0, "forced": false}}
{"guard_status": "completed", "guard_report": "/home/skilgore/stead-urbit/.runtime/execution-runs/four-fakes-ync_ujfl/report.json"}
{"utc": "2026-09-26T19:06:16Z", "command": "launch zod", "result": {"argv": ["/runtime/bin/vere-v4.6-linux-x86_64", "-t", "-L", "--no-dock", "--loom", "31", "-b", "127.0.0.1", "--http-port", "18080", "/state/live/zod"], "pid": 5}}
{"utc": "2026-09-26T19:06:17Z", "command": "zod: zuse", "result": "%408\n"}
{"utc": "2026-09-26T19:06:17Z", "command": "zod: |mount %base", "result": ">="}
{"utc": "2026-09-26T19:06:17Z", "command": "launch bus", "result": {"argv": ["/runtime/bin/vere-v4.6-linux-x86_64", "-t", "-L", "--no-dock", "--loom", "31", "-b", "127.0.0.1", "--http-port", "18081", "/state/live/bus"], "pid": 15}}
{"utc": "2026-09-26T19:06:19Z", "command": "bus: zuse", "result": "%408\n"}
{"utc": "2026-09-26T19:06:19Z", "command": "bus: |mount %base", "result": ">="}
{"utc": "2026-09-26T19:06:19Z", "command": "launch nec", "result": {"argv": ["/runtime/bin/vere-v4.6-linux-x86_64", "-t", "-L", "--no-dock", "--loom", "31", "-b", "127.0.0.1", "--http-port", "18082", "/state/live/nec"], "pid": 24}}
{"utc": "2026-09-26T19:06:20Z", "command": "nec: zuse", "result": "%408\n"}
{"utc": "2026-09-26T19:06:20Z", "command": "nec: |mount %base", "result": ">="}
{"utc": "2026-09-26T19:06:20Z", "command": "launch bud", "result": {"argv": ["/runtime/bin/vere-v4.6-linux-x86_64", "-t", "-L", "--no-dock", "--loom", "31", "-b", "127.0.0.1", "--http-port", "18083", "/state/live/bud"], "pid": 32}}
{"utc": "2026-09-26T19:06:22Z", "command": "bud: zuse", "result": "%408\n"}
{"utc": "2026-09-26T19:06:22Z", "command": "bud: |mount %base", "result": ">="}
{"utc": "2026-09-26T19:06:38Z", "command": "shutdown zod", "result": {"exit_code": 0, "forced": false}}
{"utc": "2026-09-26T19:06:38Z", "command": "shutdown bus", "result": {"exit_code": 0, "forced": false}}
{"utc": "2026-09-26T19:06:38Z", "command": "shutdown nec", "result": {"exit_code": 0, "forced": false}}
{"utc": "2026-09-26T19:06:38Z", "command": "shutdown bud", "result": {"exit_code": 0, "forced": false}}
{"utc": "2026-09-26T19:06:40Z", "command": "launch zod", "result": {"argv": ["/runtime/bin/vere-v4.6-linux-x86_64", "-t", "-L", "--no-dock", "--loom", "31", "-b", "127.0.0.1", "--http-port", "18080", "/state/live/zod"], "pid": 46}}
{"utc": "2026-09-26T19:06:45Z", "command": "zod: zuse", "result": "%408\n"}
{"utc": "2026-09-26T19:06:45Z", "command": "launch bus", "result": {"argv": ["/runtime/bin/vere-v4.6-linux-x86_64", "-t", "-L", "--no-dock", "--loom", "31", "-b", "127.0.0.1", "--http-port", "18081", "/state/live/bus"], "pid": 53}}
{"utc": "2026-09-26T19:06:48Z", "command": "bus: zuse", "result": "%408\n"}
{"utc": "2026-09-26T19:06:48Z", "command": "launch nec", "result": {"argv": ["/runtime/bin/vere-v4.6-linux-x86_64", "-t", "-L", "--no-dock", "--loom", "31", "-b", "127.0.0.1", "--http-port", "18082", "/state/live/nec"], "pid": 60}}
{"utc": "2026-09-26T19:06:52Z", "command": "nec: zuse", "result": "%408\n"}
{"utc": "2026-09-26T19:06:52Z", "command": "launch bud", "result": {"argv": ["/runtime/bin/vere-v4.6-linux-x86_64", "-t", "-L", "--no-dock", "--loom", "31", "-b", "127.0.0.1", "--http-port", "18083", "/state/live/bud"], "pid": 67}}
{"utc": "2026-09-26T19:06:55Z", "command": "bud: zuse", "result": "%408\n"}
{"utc": "2026-09-26T19:07:59Z", "command": "execution guard stopped", "result": {"error": "Execution STOP is terminal"}}
Traceback (most recent call last):
  File "/code/core_test.py", line 462, in run
    check('all-qa-native-cases-executed-without-failure', len(expected_cases)==148
    ~~~~~^^^^^^^^^^^^^^^^^^^^^^^^^^^^^^^^^^^^^^^^^^^^^^^^^^^^^^^^^^^^^^^^^^^^^^^^^
          and [c['name'] for c in report['qa']['cases']]==expected_cases
          ^^^^^^^^^^^^^^^^^^^^^^^^^^^^^^^^^^^^^^^^^^^^^^^^^^^^^^^^^^^^^^
          and sum(outcomes.values())==len(expected_cases)
          ^^^^^^^^^^^^^^^^^^^^^^^^^^^^^^^^^^^^^^^^^^^^^^^
          and not outcomes.get('failed') and not outcomes.get('not_run'))
          ^^^^^^^^^^^^^^^^^^^^^^^^^^^^^^^^^^^^^^^^^^^^^^^^^^^^^^^^^^^^^^^
  File "/code/core_test.py", line 137, in check
    raise AssertionError(name)
AssertionError: all-qa-native-cases-executed-without-failure
{"utc": "2026-09-26T19:08:03Z", "command": "shutdown zod", "result": {"exit_code": 0, "forced": false}}
{"utc": "2026-09-26T19:08:03Z", "command": "shutdown bus", "result": {"exit_code": 0, "forced": false}}
{"utc": "2026-09-26T19:08:03Z", "command": "shutdown nec", "result": {"exit_code": 0, "forced": false}}
{"utc": "2026-09-26T19:08:03Z", "command": "shutdown bud", "result": {"exit_code": 0, "forced": false}}
{"guard_status": "failed", "guard_report": "/home/skilgore/stead-urbit/.runtime/execution-runs/four-fakes-hl6y3bw7/report.json"}
FAIL: Guarded supervisor stopped without clean completion: GuardError: Thermal ceiling reached
{"utc": "2026-09-26T19:45:02Z", "command": "launch zod", "result": {"argv": ["/runtime/bin/vere-v4.6-linux-x86_64", "-t", "-L", "--no-dock", "--loom", "31", "-b", "127.0.0.1", "--http-port", "18080", "/state/live/zod"], "pid": 5}}
{"utc": "2026-09-26T19:45:05Z", "command": "zod: zuse", "result": "%408\n"}
{"utc": "2026-09-26T19:45:05Z", "command": "zod: |mount %base", "result": ">="}
{"utc": "2026-09-26T19:45:05Z", "command": "launch bus", "result": {"argv": ["/runtime/bin/vere-v4.6-linux-x86_64", "-t", "-L", "--no-dock", "--loom", "31", "-b", "127.0.0.1", "--http-port", "18081", "/state/live/bus"], "pid": 17}}
{"utc": "2026-09-26T19:45:08Z", "command": "bus: zuse", "result": "%408\n"}
{"utc": "2026-09-26T19:45:08Z", "command": "bus: |mount %base", "result": ">="}
{"utc": "2026-09-26T19:45:08Z", "command": "launch nec", "result": {"argv": ["/runtime/bin/vere-v4.6-linux-x86_64", "-t", "-L", "--no-dock", "--loom", "31", "-b", "127.0.0.1", "--http-port", "18082", "/state/live/nec"], "pid": 27}}
{"utc": "2026-09-26T19:45:11Z", "command": "nec: zuse", "result": "%408\n"}
{"utc": "2026-09-26T19:45:11Z", "command": "nec: |mount %base", "result": ">="}
{"utc": "2026-09-26T19:45:11Z", "command": "launch bud", "result": {"argv": ["/runtime/bin/vere-v4.6-linux-x86_64", "-t", "-L", "--no-dock", "--loom", "31", "-b", "127.0.0.1", "--http-port", "18083", "/state/live/bud"], "pid": 37}}
{"utc": "2026-09-26T19:45:14Z", "command": "bud: zuse", "result": "%408\n"}
{"utc": "2026-09-26T19:45:14Z", "command": "bud: |mount %base", "result": ">="}
{"utc": "2026-09-26T19:45:17Z", "command": "shutdown zod", "result": {"exit_code": 0, "forced": false}}
{"utc": "2026-09-26T19:45:17Z", "command": "shutdown bus", "result": {"exit_code": 0, "forced": false}}
{"utc": "2026-09-26T19:45:17Z", "command": "shutdown nec", "result": {"exit_code": 0, "forced": false}}
{"utc": "2026-09-26T19:45:19Z", "command": "shutdown bud", "result": {"exit_code": 0, "forced": false}}
{"utc": "2026-09-26T19:45:22Z", "command": "launch zod", "result": {"argv": ["/runtime/bin/vere-v4.6-linux-x86_64", "-t", "-L", "--no-dock", "--loom", "31", "-b", "127.0.0.1", "--http-port", "18080", "/state/live/zod"], "pid": 53}}
{"utc": "2026-09-26T19:45:25Z", "command": "zod: zuse", "result": "%408\n"}
{"utc": "2026-09-26T19:45:25Z", "command": "launch bus", "result": {"argv": ["/runtime/bin/vere-v4.6-linux-x86_64", "-t", "-L", "--no-dock", "--loom", "31", "-b", "127.0.0.1", "--http-port", "18081", "/state/live/bus"], "pid": 60}}
{"utc": "2026-09-26T19:45:28Z", "command": "bus: zuse", "result": "%408\n"}
{"utc": "2026-09-26T19:45:28Z", "command": "launch nec", "result": {"argv": ["/runtime/bin/vere-v4.6-linux-x86_64", "-t", "-L", "--no-dock", "--loom", "31", "-b", "127.0.0.1", "--http-port", "18082", "/state/live/nec"], "pid": 67}}
{"utc": "2026-09-26T19:45:31Z", "command": "nec: zuse", "result": "%408\n"}
{"utc": "2026-09-26T19:45:31Z", "command": "launch bud", "result": {"argv": ["/runtime/bin/vere-v4.6-linux-x86_64", "-t", "-L", "--no-dock", "--loom", "31", "-b", "127.0.0.1", "--http-port", "18083", "/state/live/bud"], "pid": 74}}
{"utc": "2026-09-26T19:45:35Z", "command": "bud: zuse", "result": "%408\n"}
{"utc": "2026-09-26T19:45:57Z", "command": "requested fixture stop", "result": {"error": null}}
{"utc": "2026-09-26T19:45:58Z", "command": "shutdown zod", "result": {"exit_code": 0, "forced": false}}
{"utc": "2026-09-26T19:45:58Z", "command": "shutdown bus", "result": {"exit_code": 0, "forced": false}}
{"utc": "2026-09-26T19:45:58Z", "command": "shutdown nec", "result": {"exit_code": 0, "forced": false}}
{"utc": "2026-09-26T19:46:01Z", "command": "shutdown bud", "result": {"exit_code": 0, "forced": false}}
{"utc": "2026-09-26T19:46:01Z", "command": "shutdown zod", "result": {"exit_code": 0, "forced": false}}
{"utc": "2026-09-26T19:46:01Z", "command": "shutdown bus", "result": {"exit_code": 0, "forced": false}}
{"utc": "2026-09-26T19:46:01Z", "command": "shutdown nec", "result": {"exit_code": 0, "forced": false}}
{"utc": "2026-09-26T19:46:01Z", "command": "shutdown bud", "result": {"exit_code": 0, "forced": false}}
{"guard_status": "completed", "guard_report": "/home/skilgore/stead-urbit/.runtime/execution-runs/four-fakes-yrf1doq_/report.json"}
